Workbook

Sheet INÍCIO
A1: GSL-DADOS · BASE ANALÍTICA DO CD FEIRA DE SANTANA
A3: Planilha SEPARADA do calendário GSL Bartofil. Recebe os dados dos setores (RH, erros e metas), padroniza tudo em uma tabela única e serve de fonte para o BI. Não há nenhuma ligação com a planilha do calendário.
B5: COMO USAR — TODO MÊS
B6: 1 · Receba a planilha do RH | C6: O RH gera uma planilha nova de assiduidade a cada competência (período que começa no dia 21).
B7: 2 · Cole o link | C7: Vá na aba IMPORTAR, cole o link da planilha nova em B6 e confira a competência em B8.
B8: 3 · Rode a importação | C8: Menu GSL Dados > Importar assiduidade. O script lê a planilha do RH, despivota o quadro (uma coluna por dia vira uma linha por dia) e empilha em FATO_ASSIDUIDADE.
B9: 4 · Trate os pendentes | C9: Se aparecer algum código novo, ele cai como "A CONFIRMAR". Acrescente a linha na aba DE-PARA e a classificação se corrige sozinha em todo o histórico.
B10: 5 · O BI atualiza | C10: O Looker Studio lê FATO_ASSIDUIDADE direto. Nada mais precisa ser feito.
B13: AS ABAS
B14: IMPORTAR | C14: Onde se cola o link da planilha de assiduidade do mês. Guarda o histórico do que já foi importado.
B15: FONTES | C15: Cadastro das planilhas de origem: assiduidade, erros e metas. Uma linha por fonte.
B16: MAPEAMENTO | C16: Onde você diz ao script o que procurar em cada planilha de origem. Nenhuma fonte nova exige mexer no código.
B17: DE-PARA | C17: Tradução dos códigos (do RH e dos erros) para as categorias do BI.
B18: FATO_ASSIDUIDADE | C18: Uma linha por colaborador por dia. Nunca editar à mão.
B19: FATO_ERROS | C19: Uma linha por erro registrado.
B20: FATO_METAS | C20: Meta e realizado por indicador e competência.
B21: COLABORADORES | C21: Matrícula → nome. Separada de propósito: as tabelas do BI só carregam matrícula.
B22: RESUMO_BI | C22: Conferência por turno e categoria antes de publicar o painel.
B23: CONFIG | C23: Parâmetros de leitura da assiduidade e o ajuste manual, para quando o automático falhar.
B25: PRIVACIDADE | C25: As tabelas do BI trabalham por MATRÍCULA e TURNO — nome não entra nelas. Os painéis publicados mostram apenas números agregados por turno, setor e categoria. Coordenadores não têm acesso a esta planilha.
B27: PENDENTE | C27: Sete códigos do RH estão marcados como "A CONFIRMAR" no DE-PARA — cinco por descrição cortada na folha impressa e dois (6 e 28) que aparecem lançados sem constar na legenda. As abas FONTES e MAPEAMENTO de ERROS e METAS estão montadas mas vazias: preencher quando os arquivos desses setores estiverem em mãos.

Sheet IMPORTAR
A1: IMPORTAR ASSIDUIDADE DO MÊS
A3: Cole o link da planilha nova do RH em B6 e use o menu GSL Dados > Importar assiduidade. Reimportar a mesma competência substitui as linhas dela — correções do RH entram sem duplicar nada.
B5: LINK DA PLANILHA DO RH (cole aqui)
B6: https://docs.google.com/spreadsheets/d/COLE_O_LINK_AQUI/edit
B7: COMPETÊNCIA DETECTADA (preenchida pelo script)
B10: HISTÓRICO DE IMPORTAÇÕES
A11: DATA/HORA | B11: COMPETÊNCIA | C11: LINHAS IMPORTADAS | D11: CÓDIGOS NOVOS | E11: QUEM IMPORTOU | F11: LINK DE ORIGEM
A12: (exemplo) 21/08/2026 08:14 | B12: 2026-08 | C12: 4650 | D12: 2 | E12: nome@bartofil.com.br | F12: https://docs.google.com/...

Sheet FONTES
A1: FONTES · DE ONDE VEM CADA BASE
A3: Uma linha por planilha de origem. Cole o link da planilha nova do mês na coluna B e diga ao script o formato dela. A assiduidade já está configurada; erros e metas ficam prontas assim que você vir os arquivos.
A5: FONTE | B5: LINK DA PLANILHA DO MÊS | C5: ABA | D5: FORMATO | E5: LINHA DO CABEÇALHO | F5: 1ª LINHA DE DADOS | G5: DE ONDE VEM A COMPETÊNCIA | H5: ATIVA
A6: ASSIDUIDADE | B6: (usa o link da aba IMPORTAR) | D6: Matricial (uma coluna por dia) | G6: Pela data do lançamento | H6: Sim
A7: ERROS | D7: Tabular (uma linha por registro) | G7: Pela data do registro | H7: Não
A8: METAS | D8: Tabular (uma linha por registro) | G8: Coluna própria na origem | H8: Não
A10: Matricial = o quadro tem uma coluna por dia e precisa ser despivotado (é o caso da assiduidade). Tabular = cada linha já é um registro pronto. Deixe "Linha do cabeçalho" em branco para o script procurar sozinho.

Sheet MAPEAMENTO
A1: MAPEAMENTO · O QUE O SCRIPT DEVE PROCURAR EM CADA PLANILHA
A3: Esta é a aba em que VOCÊ diz ao sistema o que buscar. Cada linha liga um campo da GSL-DADOS a algo na planilha de origem. Abriu o arquivo do setor e viu que a coluna da matrícula se chama "MATR"? Escreve MATR aqui e acabou — nada de mexer no código.
A5: FONTE | B5: CAMPO NA GSL-DADOS | C5: COMO ENCONTRAR | D5: REFERÊNCIA (o que procurar) | E5: OBRIGATÓRIO | F5: OBSERVAÇÃO
A6: ERROS | B6: DATA | C6: Cabeçalho | E6: Sim | F6: Data em que o erro aconteceu.
A7: ERROS | B7: MATRÍCULA | C7: Cabeçalho | E7: Sim | F7: Chave do colaborador. Se a origem só tiver nome, use "Nome" e o script busca a matrícula em COLABORADORES.
A8: ERROS | B8: NOME | C8: Cabeçalho | E8: Não | F8: Usado só para localizar a matrícula. Não vai para a tabela do BI.
A9: ERROS | B9: TURNO | C9: Cabeçalho | E9: Sim | F9: Se a origem não trouxer, use "Valor fixo" ou deixe o script buscar em COLABORADORES.
A10: ERROS | B10: SETOR | C10: Cabeçalho | E10: Sim | F10: Setor do CD onde o erro ocorreu — é o eixo principal do Pareto no BI.
A11: ERROS | B11: CÓDIGO / TIPO | C11: Cabeçalho | E11: Sim | F11: Classificação do erro. Entra no DE-PARA igual aos códigos do RH.
A12: ERROS | B12: QUANTIDADE | C12: Cabeçalho | E12: Não | F12: Se em branco, cada linha conta como 1.
A13: ERROS | B13: DESCRIÇÃO | C13: Cabeçalho | E13: Não | F13: Texto livre. Fica na base, mas não é publicado no painel.
A14: METAS | B14: COMPETÊNCIA | C14: Cabeçalho | E14: Sim | F14: Mês da meta. Se a origem usar "jul/26", o script converte.
A15: METAS | B15: TURNO | C15: Cabeçalho | E15: Sim | F15: Use "Valor fixo" se a planilha for uma por turno.
A16: METAS | B16: SETOR | C16: Cabeçalho | E16: Não | F16: Só se as metas forem abertas por setor.
A17: METAS | B17: INDICADOR | C17: Cabeçalho | E17: Sim | F17: Nome do indicador (produtividade, avarias, acuracidade...).
... A20: METAS | B20: UNIDADE | C20: Cabeçalho | E20: Não | F20: %, un., R$, caixas/hora. Só rótulo do painel.
A22: COMO ENCONTRAR — "Cabeçalho": o script procura esse texto na linha de cabeçalho da origem (é o mais seguro, sobrevive a coluna mudar de lugar). "Letra da coluna": posição fixa, use quando a planilha não tiver cabeçalho. "Valor fixo": o mesmo valor para todas as linhas, ex.: turno B numa planilha só do turno B. "Não usar": ignora o campo.
A23: Para acrescentar uma fonte nova depois (devoluções, avarias, o que vier), basta cadastrar a linha na aba FONTES e as linhas de campo aqui. O importador é o mesmo.

Sheet DE-PARA
A1: DE-PARA · CÓDIGOS DO RH → CATEGORIAS DO BI
A3: Toda a inteligência do painel sai desta aba. Código novo do RH = uma linha nova aqui, e o histórico inteiro se reclassifica sozinho. Não mexa nas outras abas por causa de código novo.
A5: CÓDIGO | B5: DESCRIÇÃO NA LEGENDA DO RH | C5: CATEGORIA NO BI | D5: CONTA COMO AUSÊNCIA? | E5: OBSERVAÇÃO
A6: A | B6: Dia trabalhado — Turno ADM | C6: Presença | D6: Não | E6: O código de presença é a própria letra do turno
A7: B | B7: Dia trabalhado — Turno B | C7: Presença | D7: Não | E7: O código de presença é a própria letra do turno
A8: C | B8: Dia trabalhado — Turno C | C8: Presença | D8: Não | E8: Confirmar se o bloco do Turno C usa "C"
A9: 1 | B9: Atestado médico | C9: Atestado | D9: Sim
A10: 2 | B10: Viagem a serviço | C10: Presença | D10: Não
A11: 3 | B11: Folga a compensar | C11: Folga | D11: Não
A12: 4 | B12: Falecimento (3 dias consecutivos) | C12: Licença legal | D12: Não
A13: 5 | B13: H.E. compensada | C13: Ajuste de horas | D13: Não
A14: 003 | B14: Saiu mais cedo — horas a compensar | C14: Ajuste de horas | D14: Não | E14: Presença parcial: o dia foi trabalhado
A15: 7 | B15: Serviço externo | C15: Presença | D15: Não
A16: 8 | B16: Casamento (3 dias úteis) | C16: Licença legal | D16: Não
A17: 9 | B17: Nascimento de filho(a) — 5 dias | C17: Licença legal | D17: Não
A18: 10 | B18: Justiça eleitoral | C18: Licença legal | D18: Não
A19: 11 | B19: Doação de sangue | C19: Licença legal | D19: Não | E19: Descrição parcialmente ilegível na folha
A20: 12 | B20: Cinzas | C20: Folga | D20: Não
A21: 15 | B21: Folga a compensar — banco de horas | C21: Folga | D21: Não
A22: 16 | B22: Falta | C22: Falta | D22: Sim | E22: Principal indicador de absenteísmo
A23: 17 | B23: Esqueceu crachá / marcação | C23: Presença | D23: Não | E23: O dia foi trabalhado — não é ausência
A24: 18 | B24: Falta (suspensão) | C24: Falta | D24: Sim | E24: Separar de 16 no painel: causa disciplinar
A25: 19 | B25: Dia compensado | C25: Folga | D25: Não
A26: 20 | B26: Enchente | C26: Licença legal | D26: Não
A27: 21 | B27: Consulta médica | C27: Atestado | D27: Sim
A28: 22 | B28: Audiência | C28: Licença legal | D28: Não
A29: 23 | B29: Acompanhante (descrição cortada) | C29: A CONFIRMAR | E29: Folha dobrada — confirmar com o RH
A30: 24 | B30: Acompanhante (descrição cortada) | C30: A CONFIRMAR | E30: Folha dobrada — confirmar com o RH
A31: 26 | B31: Desconto de horas (descrição cortada) | C31: A CONFIRMAR | E31: Folha dobrada — confirmar com o RH
A32: 130 | B32: Atestado acima de (descrição cortada) | C32: A CONFIRMAR | E32: Folha dobrada — confirmar com o RH
A33: 401 | B33: Hora falta desvio (descrição cortada) | C33: A CONFIRMAR | E33: Folha dobrada — confirmar com o RH
A34: 6.1 | B34: Férias | C34: Férias | D34: Não
A35: 6 | B35: NÃO CONSTA NA LEGENDA | C35: A CONFIRMAR | E35: Aparece lançado na planilha do RH sem estar na legenda
A36: 28 | B36: NÃO CONSTA NA LEGENDA | C36: A CONFIRMAR | E36: Aparece lançado na planilha do RH sem estar na legenda
A38: Fonte: legenda impressa do "Controle de Ponto" do RH, competência 21/07 a 20/08/2026, enviada em foto. Códigos 13, 14 e 25 não aparecem na legenda nem no corpo da planilha.

Sheet FATO_ASSIDUIDADE
A1: FATO_ASSIDUIDADE · UMA LINHA POR COLABORADOR POR DIA
A3: Tabela única que o BI lê. Preenchida SOMENTE pelo script de importação — não editar à mão, não ordenar, não apagar linhas. Cresce para baixo: cada competência empilha na anterior, e é isso que dá histórico ao painel.
A5: DATA | B5: COMPETÊNCIA | C5: MÊS CALENDÁRIO | D5: MATRÍCULA | E5: TURNO | F5: CÓDIGO | G5: CATEGORIA | H5: AUSÊNCIA | I5: IMPORTADO EM | J5: ORIGEM
A6: 2026-07-23 | B6: 2026-08 | C6: 2026-07 | D6: 21000885 | E6: ADM | F6: 003 | G6: Ajuste de horas | H6: Não | I6: (exemplo) | J6: (link da planilha do RH)
A8: A linha 6 é um EXEMPLO do formato — o script a substitui na primeira importação. CATEGORIA e AUSÊNCIA são gravadas pelo script a partir da aba DE-PARA. Se corrigir um código no DE-PARA depois, use o menu GSL Dados > Reclassificar códigos para reescrever o histórico inteiro.

Sheet FATO_ERROS
A1: FATO_ERROS · UMA LINHA POR ERRO REGISTRADO
A3: Preenchida pelo importador a partir do que estiver definido na aba MAPEAMENTO. Não editar à mão. É esta tabela que alimenta o Pareto de erros por setor no BI.
A5: DATA | B5: COMPETÊNCIA | C5: MÊS CALENDÁRIO | D5: MATRÍCULA | E5: TURNO | F5: SETOR | G5: CÓDIGO | H5: CATEGORIA | I5: QUANTIDADE | J5: DESCRIÇÃO | K5: IMPORTADO EM | L5: ORIGEM
A7: A tabela nasce vazia. A primeira importação de ERROS grava a partir da linha 6.

Sheet FATO_METAS
A1: FATO_METAS · UMA LINHA POR INDICADOR, POR COMPETÊNCIA
A3: Meta pactuada e realizado, por turno e por indicador. Preenchida pelo importador conforme a aba MAPEAMENTO. Reimportar a mesma competência substitui as linhas dela — é assim que o realizado se atualiza durante o mês.
A5: COMPETÊNCIA | B5: MÊS CALENDÁRIO | C5: TURNO | D5: SETOR | E5: INDICADOR | F5: UNIDADE | G5: META | H5: REALIZADO | I5: % ATINGIDO | J5: IMPORTADO EM | K5: ORIGEM
I6: =IFERROR(H6/G6,"")
A8: % ATINGIDO é a única coluna calculada da aba (realizado ÷ meta). O importador copia a fórmula para cada linha nova.

Sheet COLABORADORES
A1: COLABORADORES · MATRÍCULA → NOME
A3: Fica separada de propósito. A tabela que o BI lê carrega apenas matrícula; esta aba existe só para o RH e a gerência conseguirem rastrear um caso específico quando for necessário.
A5: MATRÍCULA | B5: NOME | C5: TURNO ATUAL | D5: ATUALIZADO EM | E5: OBSERVAÇÃO
A6: 21000885 | B6: (exemplo) NOME DO COLABORADOR | C6: ADM | D6: 2026-08-05 | E6: Preenchida pelo script na importação

Sheet RESUMO_BI
A1: RESUMO_BI · CONFERÊNCIA ANTES DE PUBLICAR
A3: Números agregados por turno e categoria, para bater com o RH antes de liberar o painel. Escolha a competência em B5. O painel do Looker lê a FATO direto — esta aba é só conferência humana.
A5: COMPETÊNCIA: | B5: 2026-08
A7: TURNO | B7: Presença | C7: Falta | D7: Atestado | E7: Férias | F7: Folga | G7: Licença legal | H7: Ajuste de horas | I7: A CONFIRMAR
A8: ADM | B8: =COUNTIFS(FATO_ASSIDUIDADE!$B$6:$B$100000,$B$5,FATO_ASSIDUIDADE!$E$6:$E$100000,$A8,FATO_ASSIDUIDADE!$G$6:$G$100000,B$7) -> 0 | C8: =COUNTIFS(FATO_ASSIDUIDADE!$B$6:$B$100000,$B$5,FATO_ASSIDUIDADE!$E$6:$E$100000,$A8,FATO_ASSIDUIDADE!$G$6:$G$100000,C$7) -> 0 | D8: =COUNTIFS(FATO_ASSIDUIDADE!$B$6:$B$100000,$B$5,FATO_ASSIDUIDADE!$E$6:$E$100000,$A8,FATO_ASSIDUIDADE!$G$6:$G$100000,D$7) -> 0 | E8: =COUNTIFS(FATO_ASSIDUIDADE!$B$6:$B$100000,$B$5,FATO_ASSIDUIDADE!$E$6:$E$100000,$A8,FATO_ASSIDUIDADE!$G$6:$G$100000,E$7) -> 0 | F8: =COUNTIFS(FATO_ASSIDUIDADE!$B$6:$B$100000,$B$5,FATO_ASSIDUIDADE!$E$6:$E$100000,$A8,FATO_ASSIDUIDADE!$G$6:$G$100000,F$7) -> 0 | G8: =COUNTIFS(FATO_ASSIDUIDADE!$B$6:$B$100000,$B$5,FATO_ASSIDUIDADE!$E$6:$E$100000,$A8,FATO_ASSIDUIDADE!$G$6:$G$100000,G$7) -> 0 | H8: =COUNTIFS(FATO_ASSIDUIDADE!$B$6:$B$100000,$B$5,FATO_ASSIDUIDADE!$E$6:$E$100000,$A8,FATO_ASSIDUIDADE!$G$6:$G$100000,H$7) -> 1 | I8: =COUNTIFS(FATO_ASSIDUIDADE!$B$6:$B$100000,$B$5,FATO_ASSIDUIDADE!$E$6:$E$100000,$A8,FATO_ASSIDUIDADE!$G$6:$G$100000,I$7) -> 0
A9: A | B9: =COUNTIFS(FATO_ASSIDUIDADE!$B$6:$B$100000,$B$5,FATO_ASSIDUIDADE!$E$6:$E$100000,$A9,FATO_ASSIDUIDADE!$G$6:$G$100000,B$7) -> 0 | C9: =COUNTIFS(FATO_ASSIDUIDADE!$B$6:$B$100000,$B$5,FATO_ASSIDUIDADE!$E$6:$E$100000,$A9,FATO_ASSIDUIDADE!$G$6:$G$100000,C$7) -> 0 | D9: =COUNTIFS(FATO_ASSIDUIDADE!$B$6:$B$100000,$B$5,FATO_ASSIDUIDADE!$E$6:$E$100000,$A9,FATO_ASSIDUIDADE!$G$6:$G$100000,D$7) -> 0 | E9: =COUNTIFS(FATO_ASSIDUIDADE!$B$6:$B$100000,$B$5,FATO_ASSIDUIDADE!$E$6:$E$100000,$A9,FATO_ASSIDUIDADE!$G$6:$G$100000,E$7) -> 0 | F9: =COUNTIFS(FATO_ASSIDUIDADE!$B$6:$B$100000,$B$5,FATO_ASSIDUIDADE!$E$6:$E$100000,$A9,FATO_ASSIDUIDADE!$G$6:$G$100000,F$7) -> 0 | G9: =COUNTIFS(FATO_ASSIDUIDADE!$B$6:$B$100000,$B$5,FATO_ASSIDUIDADE!$E$6:$E$100000,$A9,FATO_ASSIDUIDADE!$G$6:$G$100000,G$7) -> 0 | H9: =COUNTIFS(FATO_ASSIDUIDADE!$B$6:$B$100000,$B$5,FATO_ASSIDUIDADE!$E$6:$E$100000,$A9,FATO_ASSIDUIDADE!$G$6:$G$100000,H$7) -> 0 | I9: =COUNTIFS(FATO_ASSIDUIDADE!$B$6:$B$100000,$B$5,FATO_ASSIDUIDADE!$E$6:$E$100000,$A9,FATO_ASSIDUIDADE!$G$6:$G$100000,I$7) -> 0
A10: B | B10: =COUNTIFS(FATO_ASSIDUIDADE!$B$6:$B$100000,$B$5,FATO_ASSIDUIDADE!$E$6:$E$100000,$A10,FATO_ASSIDUIDADE!$G$6:$G$100000,B$7) -> 0 | C10: =COUNTIFS(FATO_ASSIDUIDADE!$B$6:$B$100000,$B$5,FATO_ASSIDUIDADE!$E$6:$E$100000,$A10,FATO_ASSIDUIDADE!$G$6:$G$100000,C$7) -> 0 | D10: =COUNTIFS(FATO_ASSIDUIDADE!$B$6:$B$100000,$B$5,FATO_ASSIDUIDADE!$E$6:$E$100000,$A10,FATO_ASSIDUIDADE!$G$6:$G$100000,D$7) -> 0 | E10: =COUNTIFS(FATO_ASSIDUIDADE!$B$6:$B$100000,$B$5,FATO_ASSIDUIDADE!$E$6:$E$100000,$A10,FATO_ASSIDUIDADE!$G$6:$G$100000,E$7) -> 0 | F10: =COUNTIFS(FATO_ASSIDUIDADE!$B$6:$B$100000,$B$5,FATO_ASSIDUIDADE!$E$6:$E$100000,$A10,FATO_ASSIDUIDADE!$G$6:$G$100000,F$7) -> 0 | G10: =COUNTIFS(FATO_ASSIDUIDADE!$B$6:$B$100000,$B$5,FATO_ASSIDUIDADE!$E$6:$E$100000,$A10,FATO_ASSIDUIDADE!$G$6:$G$100000,G$7) -> 0 | H10: =COUNTIFS(FATO_ASSIDUIDADE!$B$6:$B$100000,$B$5,FATO_ASSIDUIDADE!$E$6:$E$100000,$A10,FATO_ASSIDUIDADE!$G$6:$G$100000,H$7) -> 0 | I10: =COUNTIFS(FATO_ASSIDUIDADE!$B$6:$B$100000,$B$5,FATO_ASSIDUIDADE!$E$6:$E$100000,$A10,FATO_ASSIDUIDADE!$G$6:$G$100000,I$7) -> 0
A11: C | B11: =COUNTIFS(FATO_ASSIDUIDADE!$B$6:$B$100000,$B$5,FATO_ASSIDUIDADE!$E$6:$E$100000,$A11,FATO_ASSIDUIDADE!$G$6:$G$100000,B$7) -> 0 | C11: =COUNTIFS(FATO_ASSIDUIDADE!$B$6:$B$100000,$B$5,FATO_ASSIDUIDADE!$E$6:$E$100000,$A11,FATO_ASSIDUIDADE!$G$6:$G$100000,C$7) -> 0 | D11: =COUNTIFS(FATO_ASSIDUIDADE!$B$6:$B$100000,$B$5,FATO_ASSIDUIDADE!$E$6:$E$100000,$A11,FATO_ASSIDUIDADE!$G$6:$G$100000,D$7) -> 0 | E11: =COUNTIFS(FATO_ASSIDUIDADE!$B$6:$B$100000,$B$5,FATO_ASSIDUIDADE!$E$6:$E$100000,$A11,FATO_ASSIDUIDADE!$G$6:$G$100000,E$7) -> 0 | F11: =COUNTIFS(FATO_ASSIDUIDADE!$B$6:$B$100000,$B$5,FATO_ASSIDUIDADE!$E$6:$E$100000,$A11,FATO_ASSIDUIDADE!$G$6:$G$100000,F$7) -> 0 | G11: =COUNTIFS(FATO_ASSIDUIDADE!$B$6:$B$100000,$B$5,FATO_ASSIDUIDADE!$E$6:$E$100000,$A11,FATO_ASSIDUIDADE!$G$6:$G$100000,G$7) -> 0 | H11: =COUNTIFS(FATO_ASSIDUIDADE!$B$6:$B$100000,$B$5,FATO_ASSIDUIDADE!$E$6:$E$100000,$A11,FATO_ASSIDUIDADE!$G$6:$G$100000,H$7) -> 0 | I11: =COUNTIFS(FATO_ASSIDUIDADE!$B$6:$B$100000,$B$5,FATO_ASSIDUIDADE!$E$6:$E$100000,$A11,FATO_ASSIDUIDADE!$G$6:$G$100000,I$7) -> 0
A12: TOTAL | B12: =SUM(B8:B11) -> 0 | C12: =SUM(C8:C11) -> 0 | D12: =SUM(D8:D11) -> 0 | E12: =SUM(E8:E11) -> 0 | F12: =SUM(F8:F11) -> 0 | G12: =SUM(G8:G11) -> 0 | H12: =SUM(H8:H11) -> 1 | I12: =SUM(I8:I11) -> 0
A14: Cada número é uma contagem de dias-colaborador. Enquanto a FATO estiver vazia, tudo aqui fica zerado — é o esperado.
A15: Se a coluna "A CONFIRMAR" tiver qualquer valor acima de zero, NÃO publique o painel: há código do RH sem tradução na aba DE-PARA.

Sheet CONFIG
A1: CONFIG · COMO O SCRIPT LÊ A PLANILHA DO RH
A3: Só as células AMARELAS são editáveis. Tudo que o script procura na planilha do RH está aqui — se a importação não reconhecer alguma coisa, o ajuste é feito nesta aba, na hora, sem abrir o código.
B5: A · RECONHECIMENTO AUTOMÁTICO — o script tenta achar tudo sozinho a partir daqui
B6: Dia de início da competência | C6: 21 | D6: A folha do RH fecha de 21 a 20. É isto que define a competência de cada data lançada.
B7: Turnos considerados | C7: ADM,A,B,C | D7: Blocos que o script procura. A ordem não importa. Tirar um daqui exclui o bloco inteiro da importação.
B8: Palavra que marca o bloco do turno | C8: TURNO | D8: O script procura linhas como "TURNO B SEG. A SEX. 15:00 AS 00:27". Se o RH mudar o texto, ajuste a palavra aqui.
B9: Cabeçalho da coluna de matrícula | C9: Matrícula | D9: Como o script acha a coluna, mesmo que ela mude de posição de um mês para o outro.
B10: Cabeçalho da coluna de nome | C10: NOME | D10: Idem para o nome.
B11: Linha a ignorar dentro do bloco | C11: HORAS TRABALHADAS | D11: Linha de totais do RH. Não é colaborador e não pode entrar na FATO.
B12: Rótulo da data inicial na folha | C12: DATA INICIAL | D12: O script procura esta palavra no topo da folha e lê a data ao lado dela (ex.: 21/07/2026).
B13: Aba da planilha do RH | D13: Deixe em branco para usar a primeira aba. Preencha com o nome exato se o arquivo tiver várias.
B14: Gravar nome na aba COLABORADORES | C14: Sim | D14: Se "Não", o nome é descartado na importação e só a matrícula é guardada.
B15: Linhas em branco que encerram um bloco | C15: 3 | D15: Quantas linhas vazias seguidas o script entende como fim da lista de colaboradores daquele turno.
B17: B · AJUSTE MANUAL — use só se a pré-visualização acusar erro
B18: Ponha o modo em "Manual" e preencha o que o script não conseguiu achar. O que ficar em branco continua sendo detectado automaticamente — dá para corrigir só uma coisa sem abrir mão do resto.
B19: Modo de leitura | C19: Automático | D19: Automático = o script se vira sozinho. Manual = ele obedece o que estiver preenchido abaixo.
B20: Linha do cabeçalho (Matrícula / NOME) | D20: Número da linha, dentro de cada bloco, onde ficam esses dois títulos.
B21: Coluna da matrícula | D21: Letra da coluna na planilha do RH (ex.: B).
B22: Coluna do nome | D22: Letra da coluna (ex.: C).
B23: Primeira coluna de data | D23: Letra da coluna do primeiro dia do período (ex.: G).
B24: Última coluna de data | D24: Letra da coluna do último dia do período (ex.: AA).
B25: Data inicial do período | D25: Formato dd/mm/aaaa. Só preencha se o script não achar sozinho.
B27: C · LINHAS DE CADA BLOCO — preencher apenas em modo Manual
B28: TURNO | C28: LINHA INICIAL | D28: LINHA FINAL
B29: ADM
B30: A
B31: B
B32: C
B33: Primeira e última linha da lista de colaboradores de cada turno, na planilha do RH.
B35: D · O QUE FAZER QUANDO A PRÉ-VISUALIZAÇÃO ACUSAR ERRO
B36: Não achou nenhum bloco de turno | C36: Ajuste C8 (a palavra que marca o bloco) ou preencha as linhas na seção C.
B37: Achou menos turnos que o esperado | C37: Confira C7 e o texto do bloco que faltou na planilha do RH.
B38: Não achou a coluna de matrícula | C38: Ajuste C9, ou preencha C21 com a letra da coluna.
B39: Não achou as colunas de data | C39: Preencha C23 e C24 com a primeira e a última letra de coluna.
B40: Não achou a data inicial | C40: Preencha C25 com a data no formato dd/mm/aaaa.
B41: Datas saíram no mês errado | C41: Confira C6 e C25 — a virada de mês é calculada a partir dos dois.
B42: Entrou linha que não é colaborador | C42: Acrescente o texto dessa linha em C11, separado por vírgula.
B43: Apareceu código desconhecido | C43: Isso não é erro. Acrescente a linha na aba DE-PARA e reimporte.
B45: Valores iniciais definidos a partir da folha impressa enviada pelo usuário (competência 21/07 a 20/08/2026). A pré-visualização não escreve nada — pode rodar quantas vezes precisar até os números baterem.
