Workbook

Sheet INÍCIO
A1: GSL BARTOFIL — SISTEMA DE GESTÃO OPERACIONAL · CD FEIRA DE SANTANA
A3: Turnos A (manhã) · B (tarde) · C (noite) — a semana orbita a VISTORIA de quarta e a REUNIÃO de sexta. Meses novos são gerados automaticamente pelo script.
A5: A SEMANA — 3 compromissos, tudo apontando para a reunião
A6: QUA | B6: Vistoria Setorial | C6: Checklist impresso no setor definido pelo gerente; anexar escaneado.
A7: QUI | B7: Relatório Semanal Consolidado | C7: UM único documento por turno: erros + metas + faltas/atestados + supervisores. O conteúdo vem das planilhas dos setores; aqui só se controla a entrega e a validação.
A8: SEX | B8: Reunião Semanal com a Gerência | C8: O marco da semana. O gerente chega com a pauta pronta (aba GERÊNCIA + briefing por e-mail) e valida as entregas.
B9: Mensais: Programação de Férias (1ª segunda) · Mudança de Função (última sexta) · Treinamentos (quando o gerente marcar).
A11: MODELOS PARA DOWNLOAD — administrador: cole ao lado o link de cada arquivo no Drive
A12: 1. | B12: Relatório Semanal Consolidado (QUI) — Modelo-Relatorio-Semanal.docx | C12: (cole aqui o link do arquivo no Drive)
A13: 2. | B13: Checklist de Vistoria (QUA) — Checklist-Vistoria.docx | C13: (cole aqui o link do arquivo no Drive)
B14: Compartilhe como 'qualquer pessoa com o link pode ver'. Os links entram automaticamente nos e-mails.
A16: O SISTEMA — acompanhamento, insights e meses infinitos
B17: Escopo do GSL | C17: Esta planilha controla SÓ atividades: o que foi programado, quem entregou, quando e se o gerente aprovou. Nenhum dado individual de colaborador é digitado ou guardado aqui.
B18: Aba CENTRAL | C18: Andamento geral: total programado, aprovadas, atrasadas e % de conclusão — mês a mês até DEZ/2027 e acumulado por turno (A, B e C).
B19: Aba INSIGHTS | C19: O script analisa o próprio calendário e escreve diagnósticos em português: atrasos recorrentes, reprovações, turno fora da curva e concentração por dia da semana. Roda toda 5ª e no fechamento do mês.
B20: Planilha GSL-DADOS | C20: Planilha SEPARADA que recebe RH (faltas, atestados, saídas), erros e metas dos setores e alimenta o BI. Coordenadores não têm acesso a ela — no GSL eles só veem as próprias atividades.
B21: Meses automáticos | C21: Todo dia 20 o script gera a aba do mês seguinte sozinho (ou use o menu Gerar aba do próximo mês). CENTRAL já espera os meses até DEZ/2027.
B22: E-mails automáticos | C22: Digesto matinal único por coordenador (atrasadas, hoje, AMANHÃ, próximos), briefing do gerente na véspera e no dia da reunião, e avisos em tempo real de entregas, validações e prazos.
A25: INSTALAÇÃO (5 min) — APÓS IMPORTAR NO GOOGLE DRIVE
A26: 1. | B26: OBRIGATÓRIO: Arquivo → Salvar como Planilhas Google (em modo .xlsx o script NÃO roda).
A27: 2. | B27: Extensões → Apps Script → cole o Code.gs entregue junto e salve.
A28: 3. | B28: Preencha a aba CONFIG (nomes e e-mails da equipe).
A29: 4. | B29: No Apps Script, execute instalarGatilhos uma vez e autorize com a conta do gerente ou do administrador.
A30: 5. | B30: Recarregue a página: o menu GSL Bartofil aparece na barra. Cada coordenador autoriza no 1º uso.
A31: 6. | B31: Suba os 2 modelos Word na subpasta Modelos da pasta do Drive e cole os links acima.
A32: 7. | B32: Recomendado: proteja as colunas do gerente (Dados → Proteger intervalos): PRAZO C, SETOR J, VALIDAÇÃO Q, MOTIVO R.
A33: 8. | B33: NÃO exclua nem renomeie a aba oculta MODELO_MES — é dela que o script cria os meses novos.
B35: Identidade visual: paleta oficial Bartofil — azul #111785, verde #01973A e amarelo #FFEE03.

Sheet INSIGHTS
A1: INSIGHTS — O QUE OS DADOS ESTÃO DIZENDO
A3: Diagnósticos gerados automaticamente pelo script a partir das abas mensais deste calendário: atrasos recorrentes, reprovações, turno fora da curva e concentração por dia da semana. Atualiza sozinho toda 5ª-feira e no fechamento do mês — ou na hora: GSL Bartofil > Gerar insights agora. Análises de faltas, erros e metas ficam no BI da planilha GSL-DADOS. 🔴 crítico · 🟡 atenção · 🟢 positivo.
A5: GERADO EM | B5: NÍVEL | C5: INSIGHT | D5: RECOMENDAÇÃO
C6: (ainda sem análise — use o menu GSL Bartofil > Gerar insights agora)

Sheet CENTRAL
A1: CENTRAL — ANDAMENTO GERAL
A3: TOTAL PROGRAMADO | C3: APROVADAS | E3: ATRASADAS AGORA | G3: % CONCLUÍDO | I3: =TEXT(TODAY(),"dd/mm/yyyy")&" — visão geral" -> 05/08/2026 — visão geral
A4: =SUM(B8:B25) -> 212 | C4: =SUM(C8:C25) -> 0 | E4: =SUM(F8:F25) -> 42 | G4: =IF(SUM(B8:B25)=0,0,SUM(C8:C25)/SUM(B8:B25)) -> 0
A6: ANDAMENTO MÊS A MÊS — meses futuros aparecem sozinhos quando o script gera a aba
A7: MÊS | B7: TOTAL | C7: APROV. | D7: AGUARD. VALID. | E7: PEND. | F7: ATRAS. | G7: REPROV. | H7: % CONCL. | I7: PROGRESSO | J7: SITUAÇÃO
A8: =CHOOSE(MONTH($L8),"JAN","FEV","MAR","ABR","MAI","JUN","JUL","AGO","SET","OUT","NOV","DEZ")&" "&YEAR($L8) -> JUL 2026 | B8: =IFERROR(COUNTIF(INDIRECT("'"&$A8&"'!$S$22:$S$150"),"Aprovada"),0)+IFERROR(COUNTIF(INDIRECT("'"&$A8&"'!$S$22:$S$150"),"Entregue"),0)+IFERROR(COUNTIF(INDIRECT("'"&$A8&"'!$S$22:$S$150"),"Pendente"),0)+IFERROR(COUNTIF(INDIRECT("'"&$A8&"'!$S$22:$S$150"),"Atrasada"),0)+IFERROR(COUNTIF(INDIRECT("'"&$A8&"'!$S$22:$S$150"),"Reprovada"),0) -> 39 | C8: =IFERROR(COUNTIF(INDIRECT("'"&$A8&"'!$S$22:$S$150"),"Aprovada"),0) -> 0 | D8: =IFERROR(COUNTIF(INDIRECT("'"&$A8&"'!$S$22:$S$150"),"Entregue"),0) -> 0 | E8: =IFERROR(COUNTIF(INDIRECT("'"&$A8&"'!$S$22:$S$150"),"Pendente"),0) -> 0 | F8: =IFERROR(COUNTIF(INDIRECT("'"&$A8&"'!$S$22:$S$150"),"Atrasada"),0) -> 39 | G8: =IFERROR(COUNTIF(INDIRECT("'"&$A8&"'!$S$22:$S$150"),"Reprovada"),0) -> 0 | H8: =IF($B8=0,0,$C8/$B8) -> 0 | I8: =IF($B8=0,"",REPT("█",ROUND($H8*15,0))&REPT("░",15-ROUND($H8*15,0))) -> ░░░░░░░░░░░░░░░ | J8: =IF($B8=0,"—",IF($C8=$B8,"Concluído",IF($F8>0,"Com atrasos","Em andamento"))) -> Com atrasos | L8: =EDATE(DATE(2026,7,1),0) -> 46204
A9: =CHOOSE(MONTH($L9),"JAN","FEV","MAR","ABR","MAI","JUN","JUL","AGO","SET","OUT","NOV","DEZ")&" "&YEAR($L9) -> AGO 2026 | B9: =IFERROR(COUNTIF(INDIRECT("'"&$A9&"'!$S$22:$S$150"),"Aprovada"),0)+IFERROR(COUNTIF(INDIRECT("'"&$A9&"'!$S$22:$S$150"),"Entregue"),0)+IFERROR(COUNTIF(INDIRECT("'"&$A9&"'!$S$22:$S$150"),"Pendente"),0)+IFERROR(COUNTIF(INDIRECT("'"&$A9&"'!$S$22:$S$150"),"Atrasada"),0)+IFERROR(COUNTIF(INDIRECT("'"&$A9&"'!$S$22:$S$150"),"Reprovada"),0) -> 32 | C9: =IFERROR(COUNTIF(INDIRECT("'"&$A9&"'!$S$22:$S$150"),"Aprovada"),0) -> 0 | D9: =IFERROR(COUNTIF(INDIRECT("'"&$A9&"'!$S$22:$S$150"),"Entregue"),0) -> 0 | E9: =IFERROR(COUNTIF(INDIRECT("'"&$A9&"'!$S$22:$S$150"),"Pendente"),0) -> 29 | F9: =IFERROR(COUNTIF(INDIRECT("'"&$A9&"'!$S$22:$S$150"),"Atrasada"),0) -> 3 | G9: =IFERROR(COUNTIF(INDIRECT("'"&$A9&"'!$S$22:$S$150"),"Reprovada"),0) -> 0 | H9: =IF($B9=0,0,$C9/$B9) -> 0 | I9: =IF($B9=0,"",REPT("█",ROUND($H9*15,0))&REPT("░",15-ROUND($H9*15,0))) -> ░░░░░░░░░░░░░░░ | J9: =IF($B9=0,"—",IF($C9=$B9,"Concluído",IF($F9>0,"Com atrasos","Em andamento"))) -> Com atrasos | L9: =EDATE(DATE(2026,7,1),1) -> 46235
A10: =CHOOSE(MONTH($L10),"JAN","FEV","MAR","ABR","MAI","JUN","JUL","AGO","SET","OUT","NOV","DEZ")&" "&YEAR($L10) -> SET 2026 | B10: =IFERROR(COUNTIF(INDIRECT("'"&$A10&"'!$S$22:$S$150"),"Aprovada"),0)+IFERROR(COUNTIF(INDIRECT("'"&$A10&"'!$S$22:$S$150"),"Entregue"),0)+IFERROR(COUNTIF(INDIRECT("'"&$A10&"'!$S$22:$S$150"),"Pendente"),0)+IFERROR(COUNTIF(INDIRECT("'"&$A10&"'!$S$22:$S$150"),"Atrasada"),0)+IFERROR(COUNTIF(INDIRECT("'"&$A10&"'!$S$22:$S$150"),"Reprovada"),0) -> 35 | C10: =IFERROR(COUNTIF(INDIRECT("'"&$A10&"'!$S$22:$S$150"),"Aprovada"),0) -> 0 | D10: =IFERROR(COUNTIF(INDIRECT("'"&$A10&"'!$S$22:$S$150"),"Entregue"),0) -> 0 | E10: =IFERROR(COUNTIF(INDIRECT("'"&$A10&"'!$S$22:$S$150"),"Pendente"),0) -> 35 | F10: =IFERROR(COUNTIF(INDIRECT("'"&$A10&"'!$S$22:$S$150"),"Atrasada"),0) -> 0 | G10: =IFERROR(COUNTIF(INDIRECT("'"&$A10&"'!$S$22:$S$150"),"Reprovada"),0) -> 0 | H10: =IF($B10=0,0,$C10/$B10) -> 0 | I10: =IF($B10=0,"",REPT("█",ROUND($H10*15,0))&REPT("░",15-ROUND($H10*15,0))) -> ░░░░░░░░░░░░░░░ | J10: =IF($B10=0,"—",IF($C10=$B10,"Concluído",IF($F10>0,"Com atrasos","Em andamento"))) -> Em andamento | L10: =EDATE(DATE(2026,7,1),2) -> 46266
A11: =CHOOSE(MONTH($L11),"JAN","FEV","MAR","ABR","MAI","JUN","JUL","AGO","SET","OUT","NOV","DEZ")&" "&YEAR($L11) -> OUT 2026 | B11: =IFERROR(COUNTIF(INDIRECT("'"&$A11&"'!$S$22:$S$150"),"Aprovada"),0)+IFERROR(COUNTIF(INDIRECT("'"&$A11&"'!$S$22:$S$150"),"Entregue"),0)+IFERROR(COUNTIF(INDIRECT("'"&$A11&"'!$S$22:$S$150"),"Pendente"),0)+IFERROR(COUNTIF(INDIRECT("'"&$A11&"'!$S$22:$S$150"),"Atrasada"),0)+IFERROR(COUNTIF(INDIRECT("'"&$A11&"'!$S$22:$S$150"),"Reprovada"),0) -> 36 | C11: =IFERROR(COUNTIF(INDIRECT("'"&$A11&"'!$S$22:$S$150"),"Aprovada"),0) -> 0 | D11: =IFERROR(COUNTIF(INDIRECT("'"&$A11&"'!$S$22:$S$150"),"Entregue"),0) -> 0 | E11: =IFERROR(COUNTIF(INDIRECT("'"&$A11&"'!$S$22:$S$150"),"Pendente"),0) -> 36 | F11: =IFERROR(COUNTIF(INDIRECT("'"&$A11&"'!$S$22:$S$150"),"Atrasada"),0) -> 0 | G11: =IFERROR(COUNTIF(INDIRECT("'"&$A11&"'!$S$22:$S$150"),"Reprovada"),0) -> 0 | H11: =IF($B11=0,0,$C11/$B11) -> 0 | I11: =IF($B11=0,"",REPT("█",ROUND($H11*15,0))&REPT("░",15-ROUND($H11*15,0))) -> ░░░░░░░░░░░░░░░ | J11: =IF($B11=0,"—",IF($C11=$B11,"Concluído",IF($F11>0,"Com atrasos","Em andamento"))) -> Em andamento | L11: =EDATE(DATE(2026,7,1),3) -> 46296
A12: =CHOOSE(MONTH($L12),"JAN","FEV","MAR","ABR","MAI","JUN","JUL","AGO","SET","OUT","NOV","DEZ")&" "&YEAR($L12) -> NOV 2026 | B12: =IFERROR(COUNTIF(INDIRECT("'"&$A12&"'!$S$22:$S$150"),"Aprovada"),0)+IFERROR(COUNTIF(INDIRECT("'"&$A12&"'!$S$22:$S$150"),"Entregue"),0)+IFERROR(COUNTIF(INDIRECT("'"&$A12&"'!$S$22:$S$150"),"Pendente"),0)+IFERROR(COUNTIF(INDIRECT("'"&$A12&"'!$S$22:$S$150"),"Atrasada"),0)+IFERROR(COUNTIF(INDIRECT("'"&$A12&"'!$S$22:$S$150"),"Reprovada"),0) -> 32 | C12: =IFERROR(COUNTIF(INDIRECT("'"&$A12&"'!$S$22:$S$150"),"Aprovada"),0) -> 0 | D12: =IFERROR(COUNTIF(INDIRECT("'"&$A12&"'!$S$22:$S$150"),"Entregue"),0) -> 0 | E12: =IFERROR(COUNTIF(INDIRECT("'"&$A12&"'!$S$22:$S$150"),"Pendente"),0) -> 32 | F12: =IFERROR(COUNTIF(INDIRECT("'"&$A12&"'!$S$22:$S$150"),"Atrasada"),0) -> 0 | G12: =IFERROR(COUNTIF(INDIRECT("'"&$A12&"'!$S$22:$S$150"),"Reprovada"),0) -> 0 | H12: =IF($B12=0,0,$C12/$B12) -> 0 | I12: =IF($B12=0,"",REPT("█",ROUND($H12*15,0))&REPT("░",15-ROUND($H12*15,0))) -> ░░░░░░░░░░░░░░░ | J12: =IF($B12=0,"—",IF($C12=$B12,"Concluído",IF($F12>0,"Com atrasos","Em andamento"))) -> Em andamento | L12: =EDATE(DATE(2026,7,1),4) -> 46327
A13: =CHOOSE(MONTH($L13),"JAN","FEV","MAR","ABR","MAI","JUN","JUL","AGO","SET","OUT","NOV","DEZ")&" "&YEAR($L13) -> DEZ 2026 | B13: =IFERROR(COUNTIF(INDIRECT("'"&$A13&"'!$S$22:$S$150"),"Aprovada"),0)+IFERROR(COUNTIF(INDIRECT("'"&$A13&"'!$S$22:$S$150"),"Entregue"),0)+IFERROR(COUNTIF(INDIRECT("'"&$A13&"'!$S$22:$S$150"),"Pendente"),0)+IFERROR(COUNTIF(INDIRECT("'"&$A13&"'!$S$22:$S$150"),"Atrasada"),0)+IFERROR(COUNTIF(INDIRECT("'"&$A13&"'!$S$22:$S$150"),"Reprovada"),0) -> 38 | C13: =IFERROR(COUNTIF(INDIRECT("'"&$A13&"'!$S$22:$S$150"),"Aprovada"),0) -> 0 | D13: =IFERROR(COUNTIF(INDIRECT("'"&$A13&"'!$S$22:$S$150"),"Entregue"),0) -> 0 | E13: =IFERROR(COUNTIF(INDIRECT("'"&$A13&"'!$S$22:$S$150"),"Pendente"),0) -> 38 | F13: =IFERROR(COUNTIF(INDIRECT("'"&$A13&"'!$S$22:$S$150"),"Atrasada"),0) -> 0 | G13: =IFERROR(COUNTIF(INDIRECT("'"&$A13&"'!$S$22:$S$150"),"Reprovada"),0) -> 0 | H13: =IF($B13=0,0,$C13/$B13) -> 0 | I13: =IF($B13=0,"",REPT("█",ROUND($H13*15,0))&REPT("░",15-ROUND($H13*15,0))) -> ░░░░░░░░░░░░░░░ | J13: =IF($B13=0,"—",IF($C13=$B13,"Concluído",IF($F13>0,"Com atrasos","Em andamento"))) -> Em andamento | L13: =EDATE(DATE(2026,7,1),5) -> 46357
A14: =CHOOSE(MONTH($L14),"JAN","FEV","MAR","ABR","MAI","JUN","JUL","AGO","SET","OUT","NOV","DEZ")&" "&YEAR($L14) -> JAN 2027 | B14: =IFERROR(COUNTIF(INDIRECT("'"&$A14&"'!$S$22:$S$150"),"Aprovada"),0)+IFERROR(COUNTIF(INDIRECT("'"&$A14&"'!$S$22:$S$150"),"Entregue"),0)+IFERROR(COUNTIF(INDIRECT("'"&$A14&"'!$S$22:$S$150"),"Pendente"),0)+IFERROR(COUNTIF(INDIRECT("'"&$A14&"'!$S$22:$S$150"),"Atrasada"),0)+IFERROR(COUNTIF(INDIRECT("'"&$A14&"'!$S$22:$S$150"),"Reprovada"),0) -> 0 | C14: =IFERROR(COUNTIF(INDIRECT("'"&$A14&"'!$S$22:$S$150"),"Aprovada"),0) -> 0 | D14: =IFERROR(COUNTIF(INDIRECT("'"&$A14&"'!$S$22:$S$150"),"Entregue"),0) -> 0 | E14: =IFERROR(COUNTIF(INDIRECT("'"&$A14&"'!$S$22:$S$150"),"Pendente"),0) -> 0 | F14: =IFERROR(COUNTIF(INDIRECT("'"&$A14&"'!$S$22:$S$150"),"Atrasada"),0) -> 0 | G14: =IFERROR(COUNTIF(INDIRECT("'"&$A14&"'!$S$22:$S$150"),"Reprovada"),0) -> 0 | H14: =IF($B14=0,0,$C14/$B14) -> 0 | I14: =IF($B14=0,"",REPT("█",ROUND($H14*15,0))&REPT("░",15-ROUND($H14*15,0))) | J14: =IF($B14=0,"—",IF($C14=$B14,"Concluído",IF($F14>0,"Com atrasos","Em andamento"))) -> — | L14: =EDATE(DATE(2026,7,1),6) -> 46388
A15: =CHOOSE(MONTH($L15),"JAN","FEV","MAR","ABR","MAI","JUN","JUL","AGO","SET","OUT","NOV","DEZ")&" "&YEAR($L15) -> FEV 2027 | B15: =IFERROR(COUNTIF(INDIRECT("'"&$A15&"'!$S$22:$S$150"),"Aprovada"),0)+IFERROR(COUNTIF(INDIRECT("'"&$A15&"'!$S$22:$S$150"),"Entregue"),0)+IFERROR(COUNTIF(INDIRECT("'"&$A15&"'!$S$22:$S$150"),"Pendente"),0)+IFERROR(COUNTIF(INDIRECT("'"&$A15&"'!$S$22:$S$150"),"Atrasada"),0)+IFERROR(COUNTIF(INDIRECT("'"&$A15&"'!$S$22:$S$150"),"Reprovada"),0) -> 0 | C15: =IFERROR(COUNTIF(INDIRECT("'"&$A15&"'!$S$22:$S$150"),"Aprovada"),0) -> 0 | D15: =IFERROR(COUNTIF(INDIRECT("'"&$A15&"'!$S$22:$S$150"),"Entregue"),0) -> 0 | E15: =IFERROR(COUNTIF(INDIRECT("'"&$A15&"'!$S$22:$S$150"),"Pendente"),0) -> 0 | F15: =IFERROR(COUNTIF(INDIRECT("'"&$A15&"'!$S$22:$S$150"),"Atrasada"),0) -> 0 | G15: =IFERROR(COUNTIF(INDIRECT("'"&$A15&"'!$S$22:$S$150"),"Reprovada"),0) -> 0 | H15: =IF($B15=0,0,$C15/$B15) -> 0 | I15: =IF($B15=0,"",REPT("█",ROUND($H15*15,0))&REPT("░",15-ROUND($H15*15,0))) | J15: =IF($B15=0,"—",IF($C15=$B15,"Concluído",IF($F15>0,"Com atrasos","Em andamento"))) -> — | L15: =EDATE(DATE(2026,7,1),7) -> 46419
A16: =CHOOSE(MONTH($L16),"JAN","FEV","MAR","ABR","MAI","JUN","JUL","AGO","SET","OUT","NOV","DEZ")&" "&YEAR($L16) -> MAR 2027 | B16: =IFERROR(COUNTIF(INDIRECT("'"&$A16&"'!$S$22:$S$150"),"Aprovada"),0)+IFERROR(COUNTIF(INDIRECT("'"&$A16&"'!$S$22:$S$150"),"Entregue"),0)+IFERROR(COUNTIF(INDIRECT("'"&$A16&"'!$S$22:$S$150"),"Pendente"),0)+IFERROR(COUNTIF(INDIRECT("'"&$A16&"'!$S$22:$S$150"),"Atrasada"),0)+IFERROR(COUNTIF(INDIRECT("'"&$A16&"'!$S$22:$S$150"),"Reprovada"),0) -> 0 | C16: =IFERROR(COUNTIF(INDIRECT("'"&$A16&"'!$S$22:$S$150"),"Aprovada"),0) -> 0 | D16: =IFERROR(COUNTIF(INDIRECT("'"&$A16&"'!$S$22:$S$150"),"Entregue"),0) -> 0 | E16: =IFERROR(COUNTIF(INDIRECT("'"&$A16&"'!$S$22:$S$150"),"Pendente"),0) -> 0 | F16: =IFERROR(COUNTIF(INDIRECT("'"&$A16&"'!$S$22:$S$150"),"Atrasada"),0) -> 0 | G16: =IFERROR(COUNTIF(INDIRECT("'"&$A16&"'!$S$22:$S$150"),"Reprovada"),0) -> 0 | H16: =IF($B16=0,0,$C16/$B16) -> 0 | I16: =IF($B16=0,"",REPT("█",ROUND($H16*15,0))&REPT("░",15-ROUND($H16*15,0))) | J16: =IF($B16=0,"—",IF($C16=$B16,"Concluído",IF($F16>0,"Com atrasos","Em andamento"))) -> — | L16: =EDATE(DATE(2026,7,1),8) -> 46447
A17: =CHOOSE(MONTH($L17),"JAN","FEV","MAR","ABR","MAI","JUN","JUL","AGO","SET","OUT","NOV","DEZ")&" "&YEAR($L17) -> ABR 2027 | B17: =IFERROR(COUNTIF(INDIRECT("'"&$A17&"'!$S$22:$S$150"),"Aprovada"),0)+IFERROR(COUNTIF(INDIRECT("'"&$A17&"'!$S$22:$S$150"),"Entregue"),0)+IFERROR(COUNTIF(INDIRECT("'"&$A17&"'!$S$22:$S$150"),"Pendente"),0)+IFERROR(COUNTIF(INDIRECT("'"&$A17&"'!$S$22:$S$150"),"Atrasada"),0)+IFERROR(COUNTIF(INDIRECT("'"&$A17&"'!$S$22:$S$150"),"Reprovada"),0) -> 0 | C17: =IFERROR(COUNTIF(INDIRECT("'"&$A17&"'!$S$22:$S$150"),"Aprovada"),0) -> 0 | D17: =IFERROR(COUNTIF(INDIRECT("'"&$A17&"'!$S$22:$S$150"),"Entregue"),0) -> 0 | E17: =IFERROR(COUNTIF(INDIRECT("'"&$A17&"'!$S$22:$S$150"),"Pendente"),0) -> 0 | F17: =IFERROR(COUNTIF(INDIRECT("'"&$A17&"'!$S$22:$S$150"),"Atrasada"),0) -> 0 | G17: =IFERROR(COUNTIF(INDIRECT("'"&$A17&"'!$S$22:$S$150"),"Reprovada"),0) -> 0 | H17: =IF($B17=0,0,$C17/$B17) -> 0 | I17: =IF($B17=0,"",REPT("█",ROUND($H17*15,0))&REPT("░",15-ROUND($H17*15,0))) | J17: =IF($B17=0,"—",IF($C17=$B17,"Concluído",IF($F17>0,"Com atrasos","Em andamento"))) -> — | L17: =EDATE(DATE(2026,7,1),9) -> 46478
A18: =CHOOSE(MONTH($L18),"JAN","FEV","MAR","ABR","MAI","JUN","JUL","AGO","SET","OUT","NOV","DEZ")&" "&YEAR($L18) -> MAI 2027 | B18: =IFERROR(COUNTIF(INDIRECT("'"&$A18&"'!$S$22:$S$150"),"Aprovada"),0)+IFERROR(COUNTIF(INDIRECT("'"&$A18&"'!$S$22:$S$150"),"Entregue"),0)+IFERROR(COUNTIF(INDIRECT("'"&$A18&"'!$S$22:$S$150"),"Pendente"),0)+IFERROR(COUNTIF(INDIRECT("'"&$A18&"'!$S$22:$S$150"),"Atrasada"),0)+IFERROR(COUNTIF(INDIRECT("'"&$A18&"'!$S$22:$S$150"),"Reprovada"),0) -> 0 | C18: =IFERROR(COUNTIF(INDIRECT("'"&$A18&"'!$S$22:$S$150"),"Aprovada"),0) -> 0 | D18: =IFERROR(COUNTIF(INDIRECT("'"&$A18&"'!$S$22:$S$150"),"Entregue"),0) -> 0 | E18: =IFERROR(COUNTIF(INDIRECT("'"&$A18&"'!$S$22:$S$150"),"Pendente"),0) -> 0 | F18: =IFERROR(COUNTIF(INDIRECT("'"&$A18&"'!$S$22:$S$150"),"Atrasada"),0) -> 0 | G18: =IFERROR(COUNTIF(INDIRECT("'"&$A18&"'!$S$22:$S$150"),"Reprovada"),0) -> 0 | H18: =IF($B18=0,0,$C18/$B18) -> 0 | I18: =IF($B18=0,"",REPT("█",ROUND($H18*15,0))&REPT("░",15-ROUND($H18*15,0))) | J18: =IF($B18=0,"—",IF($C18=$B18,"Concluído",IF($F18>0,"Com atrasos","Em andamento"))) -> — | L18: =EDATE(DATE(2026,7,1),10) -> 46508
A19: =CHOOSE(MONTH($L19),"JAN","FEV","MAR","ABR","MAI","JUN","JUL","AGO","SET","OUT","NOV","DEZ")&" "&YEAR($L19) -> JUN 2027 | B19: =IFERROR(COUNTIF(INDIRECT("'"&$A19&"'!$S$22:$S$150"),"Aprovada"),0)+IFERROR(COUNTIF(INDIRECT("'"&$A19&"'!$S$22:$S$150"),"Entregue"),0)+IFERROR(COUNTIF(INDIRECT("'"&$A19&"'!$S$22:$S$150"),"Pendente"),0)+IFERROR(COUNTIF(INDIRECT("'"&$A19&"'!$S$22:$S$150"),"Atrasada"),0)+IFERROR(COUNTIF(INDIRECT("'"&$A19&"'!$S$22:$S$150"),"Reprovada"),0) -> 0 | C19: =IFERROR(COUNTIF(INDIRECT("'"&$A19&"'!$S$22:$S$150"),"Aprovada"),0) -> 0 | D19: =IFERROR(COUNTIF(INDIRECT("'"&$A19&"'!$S$22:$S$150"),"Entregue"),0) -> 0 | E19: =IFERROR(COUNTIF(INDIRECT("'"&$A19&"'!$S$22:$S$150"),"Pendente"),0) -> 0 | F19: =IFERROR(COUNTIF(INDIRECT("'"&$A19&"'!$S$22:$S$150"),"Atrasada"),0) -> 0 | G19: =IFERROR(COUNTIF(INDIRECT("'"&$A19&"'!$S$22:$S$150"),"Reprovada"),0) -> 0 | H19: =IF($B19=0,0,$C19/$B19) -> 0 | I19: =IF($B19=0,"",REPT("█",ROUND($H19*15,0))&REPT("░",15-ROUND($H19*15,0))) | J19: =IF($B19=0,"—",IF($C19=$B19,"Concluído",IF($F19>0,"Com atrasos","Em andamento"))) -> — | L19: =EDATE(DATE(2026,7,1),11) -> 46539
A20: =CHOOSE(MONTH($L20),"JAN","FEV","MAR","ABR","MAI","JUN","JUL","AGO","SET","OUT","NOV","DEZ")&" "&YEAR($L20) -> JUL 2027 | B20: =IFERROR(COUNTIF(INDIRECT("'"&$A20&"'!$S$22:$S$150"),"Aprovada"),0)+IFERROR(COUNTIF(INDIRECT("'"&$A20&"'!$S$22:$S$150"),"Entregue"),0)+IFERROR(COUNTIF(INDIRECT("'"&$A20&"'!$S$22:$S$150"),"Pendente"),0)+IFERROR(COUNTIF(INDIRECT("'"&$A20&"'!$S$22:$S$150"),"Atrasada"),0)+IFERROR(COUNTIF(INDIRECT("'"&$A20&"'!$S$22:$S$150"),"Reprovada"),0) -> 0 | C20: =IFERROR(COUNTIF(INDIRECT("'"&$A20&"'!$S$22:$S$150"),"Aprovada"),0) -> 0 | D20: =IFERROR(COUNTIF(INDIRECT("'"&$A20&"'!$S$22:$S$150"),"Entregue"),0) -> 0 | E20: =IFERROR(COUNTIF(INDIRECT("'"&$A20&"'!$S$22:$S$150"),"Pendente"),0) -> 0 | F20: =IFERROR(COUNTIF(INDIRECT("'"&$A20&"'!$S$22:$S$150"),"Atrasada"),0) -> 0 | G20: =IFERROR(COUNTIF(INDIRECT("'"&$A20&"'!$S$22:$S$150"),"Reprovada"),0) -> 0 | H20: =IF($B20=0,0,$C20/$B20) -> 0 | I20: =IF($B20=0,"",REPT("█",ROUND($H20*15,0))&REPT("░",15-ROUND($H20*15,0))) | J20: =IF($B20=0,"—",IF($C20=$B20,"Concluído",IF($F20>0,"Com atrasos","Em andamento"))) -> — | L20: =EDATE(DATE(2026,7,1),12) -> 46569
A21: =CHOOSE(MONTH($L21),"JAN","FEV","MAR","ABR","MAI","JUN","JUL","AGO","SET","OUT","NOV","DEZ")&" "&YEAR($L21) -> AGO 2027 | B21: =IFERROR(COUNTIF(INDIRECT("'"&$A21&"'!$S$22:$S$150"),"Aprovada"),0)+IFERROR(COUNTIF(INDIRECT("'"&$A21&"'!$S$22:$S$150"),"Entregue"),0)+IFERROR(COUNTIF(INDIRECT("'"&$A21&"'!$S$22:$S$150"),"Pendente"),0)+IFERROR(COUNTIF(INDIRECT("'"&$A21&"'!$S$22:$S$150"),"Atrasada"),0)+IFERROR(COUNTIF(INDIRECT("'"&$A21&"'!$S$22:$S$150"),"Reprovada"),0) -> 0 | C21: =IFERROR(COUNTIF(INDIRECT("'"&$A21&"'!$S$22:$S$150"),"Aprovada"),0) -> 0 | D21: =IFERROR(COUNTIF(INDIRECT("'"&$A21&"'!$S$22:$S$150"),"Entregue"),0) -> 0 | E21: =IFERROR(COUNTIF(INDIRECT("'"&$A21&"'!$S$22:$S$150"),"Pendente"),0) -> 0 | F21: =IFERROR(COUNTIF(INDIRECT("'"&$A21&"'!$S$22:$S$150"),"Atrasada"),0) -> 0 | G21: =IFERROR(COUNTIF(INDIRECT("'"&$A21&"'!$S$22:$S$150"),"Reprovada"),0) -> 0 | H21: =IF($B21=0,0,$C21/$B21) -> 0 | I21: =IF($B21=0,"",REPT("█",ROUND($H21*15,0))&REPT("░",15-ROUND($H21*15,0))) | J21: =IF($B21=0,"—",IF($C21=$B21,"Concluído",IF($F21>0,"Com atrasos","Em andamento"))) -> — | L21: =EDATE(DATE(2026,7,1),13) -> 46600
A22: =CHOOSE(MONTH($L22),"JAN","FEV","MAR","ABR","MAI","JUN","JUL","AGO","SET","OUT","NOV","DEZ")&" "&YEAR($L22) -> SET 2027 | B22: =IFERROR(COUNTIF(INDIRECT("'"&$A22&"'!$S$22:$S$150"),"Aprovada"),0)+IFERROR(COUNTIF(INDIRECT("'"&$A22&"'!$S$22:$S$150"),"Entregue"),0)+IFERROR(COUNTIF(INDIRECT("'"&$A22&"'!$S$22:$S$150"),"Pendente"),0)+IFERROR(COUNTIF(INDIRECT("'"&$A22&"'!$S$22:$S$150"),"Atrasada"),0)+IFERROR(COUNTIF(INDIRECT("'"&$A22&"'!$S$22:$S$150"),"Reprovada"),0) -> 0 | C22: =IFERROR(COUNTIF(INDIRECT("'"&$A22&"'!$S$22:$S$150"),"Aprovada"),0) -> 0 | D22: =IFERROR(COUNTIF(INDIRECT("'"&$A22&"'!$S$22:$S$150"),"Entregue"),0) -> 0 | E22: =IFERROR(COUNTIF(INDIRECT("'"&$A22&"'!$S$22:$S$150"),"Pendente"),0) -> 0 | F22: =IFERROR(COUNTIF(INDIRECT("'"&$A22&"'!$S$22:$S$150"),"Atrasada"),0) -> 0 | G22: =IFERROR(COUNTIF(INDIRECT("'"&$A22&"'!$S$22:$S$150"),"Reprovada"),0) -> 0 | H22: =IF($B22=0,0,$C22/$B22) -> 0 | I22: =IF($B22=0,"",REPT("█",ROUND($H22*15,0))&REPT("░",15-ROUND($H22*15,0))) | J22: =IF($B22=0,"—",IF($C22=$B22,"Concluído",IF($F22>0,"Com atrasos","Em andamento"))) -> — | L22: =EDATE(DATE(2026,7,1),14) -> 46631
A23: =CHOOSE(MONTH($L23),"JAN","FEV","MAR","ABR","MAI","JUN","JUL","AGO","SET","OUT","NOV","DEZ")&" "&YEAR($L23) -> OUT 2027 | B23: =IFERROR(COUNTIF(INDIRECT("'"&$A23&"'!$S$22:$S$150"),"Aprovada"),0)+IFERROR(COUNTIF(INDIRECT("'"&$A23&"'!$S$22:$S$150"),"Entregue"),0)+IFERROR(COUNTIF(INDIRECT("'"&$A23&"'!$S$22:$S$150"),"Pendente"),0)+IFERROR(COUNTIF(INDIRECT("'"&$A23&"'!$S$22:$S$150"),"Atrasada"),0)+IFERROR(COUNTIF(INDIRECT("'"&$A23&"'!$S$22:$S$150"),"Reprovada"),0) -> 0 | C23: =IFERROR(COUNTIF(INDIRECT("'"&$A23&"'!$S$22:$S$150"),"Aprovada"),0) -> 0 | D23: =IFERROR(COUNTIF(INDIRECT("'"&$A23&"'!$S$22:$S$150"),"Entregue"),0) -> 0 | E23: =IFERROR(COUNTIF(INDIRECT("'"&$A23&"'!$S$22:$S$150"),"Pendente"),0) -> 0 | F23: =IFERROR(COUNTIF(INDIRECT("'"&$A23&"'!$S$22:$S$150"),"Atrasada"),0) -> 0 | G23: =IFERROR(COUNTIF(INDIRECT("'"&$A23&"'!$S$22:$S$150"),"Reprovada"),0) -> 0 | H23: =IF($B23=0,0,$C23/$B23) -> 0 | I23: =IF($B23=0,"",REPT("█",ROUND($H23*15,0))&REPT("░",15-ROUND($H23*15,0))) | J23: =IF($B23=0,"—",IF($C23=$B23,"Concluído",IF($F23>0,"Com atrasos","Em andamento"))) -> — | L23: =EDATE(DATE(2026,7,1),15) -> 46661
A24: =CHOOSE(MONTH($L24),"JAN","FEV","MAR","ABR","MAI","JUN","JUL","AGO","SET","OUT","NOV","DEZ")&" "&YEAR($L24) -> NOV 2027 | B24: =IFERROR(COUNTIF(INDIRECT("'"&$A24&"'!$S$22:$S$150"),"Aprovada"),0)+IFERROR(COUNTIF(INDIRECT("'"&$A24&"'!$S$22:$S$150"),"Entregue"),0)+IFERROR(COUNTIF(INDIRECT("'"&$A24&"'!$S$22:$S$150"),"Pendente"),0)+IFERROR(COUNTIF(INDIRECT("'"&$A24&"'!$S$22:$S$150"),"Atrasada"),0)+IFERROR(COUNTIF(INDIRECT("'"&$A24&"'!$S$22:$S$150"),"Reprovada"),0) -> 0 | C24: =IFERROR(COUNTIF(INDIRECT("'"&$A24&"'!$S$22:$S$150"),"Aprovada"),0) -> 0 | D24: =IFERROR(COUNTIF(INDIRECT("'"&$A24&"'!$S$22:$S$150"),"Entregue"),0) -> 0 | E24: =IFERROR(COUNTIF(INDIRECT("'"&$A24&"'!$S$22:$S$150"),"Pendente"),0) -> 0 | F24: =IFERROR(COUNTIF(INDIRECT("'"&$A24&"'!$S$22:$S$150"),"Atrasada"),0) -> 0 | G24: =IFERROR(COUNTIF(INDIRECT("'"&$A24&"'!$S$22:$S$150"),"Reprovada"),0) -> 0 | H24: =IF($B24=0,0,$C24/$B24) -> 0 | I24: =IF($B24=0,"",REPT("█",ROUND($H24*15,0))&REPT("░",15-ROUND($H24*15,0))) | J24: =IF($B24=0,"—",IF($C24=$B24,"Concluído",IF($F24>0,"Com atrasos","Em andamento"))) -> — | L24: =EDATE(DATE(2026,7,1),16) -> 46692
A25: =CHOOSE(MONTH($L25),"JAN","FEV","MAR","ABR","MAI","JUN","JUL","AGO","SET","OUT","NOV","DEZ")&" "&YEAR($L25) -> DEZ 2027 | B25: =IFERROR(COUNTIF(INDIRECT("'"&$A25&"'!$S$22:$S$150"),"Aprovada"),0)+IFERROR(COUNTIF(INDIRECT("'"&$A25&"'!$S$22:$S$150"),"Entregue"),0)+IFERROR(COUNTIF(INDIRECT("'"&$A25&"'!$S$22:$S$150"),"Pendente"),0)+IFERROR(COUNTIF(INDIRECT("'"&$A25&"'!$S$22:$S$150"),"Atrasada"),0)+IFERROR(COUNTIF(INDIRECT("'"&$A25&"'!$S$22:$S$150"),"Reprovada"),0) -> 0 | C25: =IFERROR(COUNTIF(INDIRECT("'"&$A25&"'!$S$22:$S$150"),"Aprovada"),0) -> 0 | D25: =IFERROR(COUNTIF(INDIRECT("'"&$A25&"'!$S$22:$S$150"),"Entregue"),0) -> 0 | E25: =IFERROR(COUNTIF(INDIRECT("'"&$A25&"'!$S$22:$S$150"),"Pendente"),0) -> 0 | F25: =IFERROR(COUNTIF(INDIRECT("'"&$A25&"'!$S$22:$S$150"),"Atrasada"),0) -> 0 | G25: =IFERROR(COUNTIF(INDIRECT("'"&$A25&"'!$S$22:$S$150"),"Reprovada"),0) -> 0 | H25: =IF($B25=0,0,$C25/$B25) -> 0 | I25: =IF($B25=0,"",REPT("█",ROUND($H25*15,0))&REPT("░",15-ROUND($H25*15,0))) | J25: =IF($B25=0,"—",IF($C25=$B25,"Concluído",IF($F25>0,"Com atrasos","Em andamento"))) -> — | L25: =EDATE(DATE(2026,7,1),17) -> 46722
A26: TOTAL | B26: =SUM(B8:B25) -> 212 | C26: =SUM(C8:C25) -> 0 | D26: =SUM(D8:D25) -> 0 | E26: =SUM(E8:E25) -> 170 | F26: =SUM(F8:F25) -> 42 | G26: =SUM(G8:G25) -> 0 | H26: =IF($B26=0,0,$C26/$B26) -> 0 | I26: =REPT("█",ROUND($H26*15,0))&REPT("░",15-ROUND($H26*15,0)) -> ░░░░░░░░░░░░░░░
A28: DESEMPENHO ACUMULADO POR TURNO
A29: TURNO | B29: TOTAL | C29: APROV. | D29: ATRAS. | E29: % APROV. | F29: PROGRESSO
A30: A | B30: =$C30+$D30+$M30+$N30+$O30 -> 60 | C30: =IFERROR(COUNTIFS(INDIRECT("'"&$A$8&"'!$G$22:$G$150"),$A30,INDIRECT("'"&$A$8&"'!$S$22:$S$150"),"Aprovada"),0)+IFERROR(COUNTIFS(INDIRECT("'"&$A$9&"'!$G$22:$G$150"),$A30,INDIRECT("'"&$A$9&"'!$S$22:$S$150"),"Aprovada"),0)+IFERROR(COUNTIFS(INDIRECT("'"&$A$10&"'!$G$22:$G$150"),$A30,INDIRECT("'"&$A$10&"'!$S$22:$S$150"),"Aprovada"),0)+IFERROR(COUNTIFS(INDIRECT("'"&$A$11&"'!$G$22:$G$150"),$A30,INDIRECT("'"&$A$11&"'!$S$22:$S$150"),"Aprovada"),0)+IFERROR(COUNTIFS(INDIRECT("'"&$A$12&"'!$G$22:$G$150"),$A30,INDIRECT("'"&$A$12&"'!$S$22:$S$150"),"Aprovada"),0)+IFERROR(COUNTIFS(INDIRECT("'"&$A$13&"'!$G$22:$G$150"),$A30,INDIRECT("'"&$A$13&"'!$S$22:$S$150"),"Aprovada"),0)+IFERROR(COUNTIFS(INDIRECT("'"&$A$14&"'!$G$22:$G$150"),$A30,INDIRECT("'"&$A$14&"'!$S$22:$S$150"),"Aprovada"),0)+IFERROR(COUNTIFS(INDIRECT("'"&$A$15&"'!$G$22:$G$150"),$A30,INDIRECT("'"&$A$15&"'!$S$22:$S$150"),"Aprovada"),0)+IFERROR(COUNTIFS(INDIRECT("'"&$A$16&"'!$G$22:$G$150"),$A30,INDIRECT("'"&$A$16&"'!$S$22:$S$150"),"Aprovada"),0)+IFERROR(COUNTIFS(INDIRECT("'"&$A$17&"'!$G$22:$G$150"),$A30,INDIRECT("'"&$A$17&"'!$S$22:$S$150"),"Aprovada"),0)+IFERROR(COUNTIFS(INDIRECT("'"&$A$18&"'!$G$22:$G$150"),$A30,INDIRECT("'"&$A$18&"'!$S$22:$S$150"),"Aprovada"),0)+IFERROR(COUNTIFS(INDIRECT("'"&$A$19&"'!$G$22:$G$150"),$A30,INDIRECT("'"&$A$19&"'!$S$22:$S$150"),"Aprovada"),0)+IFERROR(COUNTIFS(INDIRECT("'"&$A$20&"'!$G$22:$G$150"),$A30,INDIRECT("'"&$A$20&"'!$S$22:$S$150"),"Aprovada"),0)+IFERROR(COUNTIFS(INDIRECT("'"&$A$21&"'!$G$22:$G$150"),$A30,INDIRECT("'"&$A$21&"'!$S$22:$S$150"),"Aprovada"),0)+IFERROR(COUNTIFS(INDIRECT("'"&$A$22&"'!$G$22:$G$150"),$A30,INDIRECT("'"&$A$22&"'!$S$22:$S$150"),"Aprovada"),0)+IFERROR(COUNTIFS(INDIRECT("'"&$A$23&"'!$G$22:$G$150"),$A30,INDIRECT("'"&$A$23&"'!$S$22:$S$150"),"Aprovada"),0)+IFERROR(COUNTIFS(INDIRECT("'"&$A$24&"'!$G$22:$G$150"),$A30,INDIRECT("'"&$A$24&"'!$S$22:$S$150"),"Aprovada"),0)+IFERROR(COUNTIFS(INDIRECT("'"&$A$25&"'!$G$22:$G$150"),$A30,INDIRECT("'"&$A$25&"'!$S$22:$S$150"),"Aprovada"),0) -> 0 | D30: =IFERROR(COUNTIFS(INDIRECT("'"&$A$8&"'!$G$22:$G$150"),$A30,INDIRECT("'"&$A$8&"'!$S$22:$S$150"),"Atrasada"),0)+IFERROR(COUNTIFS(INDIRECT("'"&$A$9&"'!$G$22:$G$150"),$A30,INDIRECT("'"&$A$9&"'!$S$22:$S$150"),"Atrasada"),0)+IFERROR(COUNTIFS(INDIRECT("'"&$A$10&"'!$G$22:$G$150"),$A30,INDIRECT("'"&$A$10&"'!$S$22:$S$150"),"Atrasada"),0)+IFERROR(COUNTIFS(INDIRECT("'"&$A$11&"'!$G$22:$G$150"),$A30,INDIRECT("'"&$A$11&"'!$S$22:$S$150"),"Atrasada"),0)+IFERROR(COUNTIFS(INDIRECT("'"&$A$12&"'!$G$22:$G$150"),$A30,INDIRECT("'"&$A$12&"'!$S$22:$S$150"),"Atrasada"),0)+IFERROR(COUNTIFS(INDIRECT("'"&$A$13&"'!$G$22:$G$150"),$A30,INDIRECT("'"&$A$13&"'!$S$22:$S$150"),"Atrasada"),0)+IFERROR(COUNTIFS(INDIRECT("'"&$A$14&"'!$G$22:$G$150"),$A30,INDIRECT("'"&$A$14&"'!$S$22:$S$150"),"Atrasada"),0)+IFERROR(COUNTIFS(INDIRECT("'"&$A$15&"'!$G$22:$G$150"),$A30,INDIRECT("'"&$A$15&"'!$S$22:$S$150"),"Atrasada"),0)+IFERROR(COUNTIFS(INDIRECT("'"&$A$16&"'!$G$22:$G$150"),$A30,INDIRECT("'"&$A$16&"'!$S$22:$S$150"),"Atrasada"),0)+IFERROR(COUNTIFS(INDIRECT("'"&$A$17&"'!$G$22:$G$150"),$A30,INDIRECT("'"&$A$17&"'!$S$22:$S$150"),"Atrasada"),0)+IFERROR(COUNTIFS(INDIRECT("'"&$A$18&"'!$G$22:$G$150"),$A30,INDIRECT("'"&$A$18&"'!$S$22:$S$150"),"Atrasada"),0)+IFERROR(COUNTIFS(INDIRECT("'"&$A$19&"'!$G$22:$G$150"),$A30,INDIRECT("'"&$A$19&"'!$S$22:$S$150"),"Atrasada"),0)+IFERROR(COUNTIFS(INDIRECT("'"&$A$20&"'!$G$22:$G$150"),$A30,INDIRECT("'"&$A$20&"'!$S$22:$S$150"),"Atrasada"),0)+IFERROR(COUNTIFS(INDIRECT("'"&$A$21&"'!$G$22:$G$150"),$A30,INDIRECT("'"&$A$21&"'!$S$22:$S$150"),"Atrasada"),0)+IFERROR(COUNTIFS(INDIRECT("'"&$A$22&"'!$G$22:$G$150"),$A30,INDIRECT("'"&$A$22&"'!$S$22:$S$150"),"Atrasada"),0)+IFERROR(COUNTIFS(INDIRECT("'"&$A$23&"'!$G$22:$G$150"),$A30,INDIRECT("'"&$A$23&"'!$S$22:$S$150"),"Atrasada"),0)+IFERROR(COUNTIFS(INDIRECT("'"&$A$24&"'!$G$22:$G$150"),$A30,INDIRECT("'"&$A$24&"'!$S$22:$S$150"),"Atrasada"),0)+IFERROR(COUNTIFS(INDIRECT("'"&$A$25&"'!$G$22:$G$150"),$A30,INDIRECT("'"&$A$25&"'!$S$22:$S$150"),"Atrasada"),0) -> 12 | E30: =IF($B30=0,0,$C30/$B30) -> 0 | F30: =REPT("█",ROUND($E30*15,0))&REPT("░",15-ROUND($E30*15,0)) -> ░░░░░░░░░░░░░░░ | M30: =IFERROR(COUNTIFS(INDIRECT("'"&$A$8&"'!$G$22:$G$150"),$A30,INDIRECT("'"&$A$8&"'!$S$22:$S$150"),"Entregue"),0)+IFERROR(COUNTIFS(INDIRECT("'"&$A$9&"'!$G$22:$G$150"),$A30,INDIRECT("'"&$A$9&"'!$S$22:$S$150"),"Entregue"),0)+IFERROR(COUNTIFS(INDIRECT("'"&$A$10&"'!$G$22:$G$150"),$A30,INDIRECT("'"&$A$10&"'!$S$22:$S$150"),"Entregue"),0)+IFERROR(COUNTIFS(INDIRECT("'"&$A$11&"'!$G$22:$G$150"),$A30,INDIRECT("'"&$A$11&"'!$S$22:$S$150"),"Entregue"),0)+IFERROR(COUNTIFS(INDIRECT("'"&$A$12&"'!$G$22:$G$150"),$A30,INDIRECT("'"&$A$12&"'!$S$22:$S$150"),"Entregue"),0)+IFERROR(COUNTIFS(INDIRECT("'"&$A$13&"'!$G$22:$G$150"),$A30,INDIRECT("'"&$A$13&"'!$S$22:$S$150"),"Entregue"),0)+IFERROR(COUNTIFS(INDIRECT("'"&$A$14&"'!$G$22:$G$150"),$A30,INDIRECT("'"&$A$14&"'!$S$22:$S$150"),"Entregue"),0)+IFERROR(COUNTIFS(INDIRECT("'"&$A$15&"'!$G$22:$G$150"),$A30,INDIRECT("'"&$A$15&"'!$S$22:$S$150"),"Entregue"),0)+IFERROR(COUNTIFS(INDIRECT("'"&$A$16&"'!$G$22:$G$150"),$A30,INDIRECT("'"&$A$16&"'!$S$22:$S$150"),"Entregue"),0)+IFERROR(COUNTIFS(INDIRECT("'"&$A$17&"'!$G$22:$G$150"),$A30,INDIRECT("'"&$A$17&"'!$S$22:$S$150"),"Entregue"),0)+IFERROR(COUNTIFS(INDIRECT("'"&$A$18&"'!$G$22:$G$150"),$A30,INDIRECT("'"&$A$18&"'!$S$22:$S$150"),"Entregue"),0)+IFERROR(COUNTIFS(INDIRECT("'"&$A$19&"'!$G$22:$G$150"),$A30,INDIRECT("'"&$A$19&"'!$S$22:$S$150"),"Entregue"),0)+IFERROR(COUNTIFS(INDIRECT("'"&$A$20&"'!$G$22:$G$150"),$A30,INDIRECT("'"&$A$20&"'!$S$22:$S$150"),"Entregue"),0)+IFERROR(COUNTIFS(INDIRECT("'"&$A$21&"'!$G$22:$G$150"),$A30,INDIRECT("'"&$A$21&"'!$S$22:$S$150"),"Entregue"),0)+IFERROR(COUNTIFS(INDIRECT("'"&$A$22&"'!$G$22:$G$150"),$A30,INDIRECT("'"&$A$22&"'!$S$22:$S$150"),"Entregue"),0)+IFERROR(COUNTIFS(INDIRECT("'"&$A$23&"'!$G$22:$G$150"),$A30,INDIRECT("'"&$A$23&"'!$S$22:$S$150"),"Entregue"),0)+IFERROR(COUNTIFS(INDIRECT("'"&$A$24&"'!$G$22:$G$150"),$A30,INDIRECT("'"&$A$24&"'!$S$22:$S$150"),"Entregue"),0)+IFERROR(COUNTIFS(INDIRECT("'"&$A$25&"'!$G$22:$G$150"),$A30,INDIRECT("'"&$A$25&"'!$S$22:$S$150"),"Entregue"),0) -> 0 | N30: =IFERROR(COUNTIFS(INDIRECT("'"&$A$8&"'!$G$22:$G$150"),$A30,INDIRECT("'"&$A$8&"'!$S$22:$S$150"),"Pendente"),0)+IFERROR(COUNTIFS(INDIRECT("'"&$A$9&"'!$G$22:$G$150"),$A30,INDIRECT("'"&$A$9&"'!$S$22:$S$150"),"Pendente"),0)+IFERROR(COUNTIFS(INDIRECT("'"&$A$10&"'!$G$22:$G$150"),$A30,INDIRECT("'"&$A$10&"'!$S$22:$S$150"),"Pendente"),0)+IFERROR(COUNTIFS(INDIRECT("'"&$A$11&"'!$G$22:$G$150"),$A30,INDIRECT("'"&$A$11&"'!$S$22:$S$150"),"Pendente"),0)+IFERROR(COUNTIFS(INDIRECT("'"&$A$12&"'!$G$22:$G$150"),$A30,INDIRECT("'"&$A$12&"'!$S$22:$S$150"),"Pendente"),0)+IFERROR(COUNTIFS(INDIRECT("'"&$A$13&"'!$G$22:$G$150"),$A30,INDIRECT("'"&$A$13&"'!$S$22:$S$150"),"Pendente"),0)+IFERROR(COUNTIFS(INDIRECT("'"&$A$14&"'!$G$22:$G$150"),$A30,INDIRECT("'"&$A$14&"'!$S$22:$S$150"),"Pendente"),0)+IFERROR(COUNTIFS(INDIRECT("'"&$A$15&"'!$G$22:$G$150"),$A30,INDIRECT("'"&$A$15&"'!$S$22:$S$150"),"Pendente"),0)+IFERROR(COUNTIFS(INDIRECT("'"&$A$16&"'!$G$22:$G$150"),$A30,INDIRECT("'"&$A$16&"'!$S$22:$S$150"),"Pendente"),0)+IFERROR(COUNTIFS(INDIRECT("'"&$A$17&"'!$G$22:$G$150"),$A30,INDIRECT("'"&$A$17&"'!$S$22:$S$150"),"Pendente"),0)+IFERROR(COUNTIFS(INDIRECT("'"&$A$18&"'!$G$22:$G$150"),$A30,INDIRECT("'"&$A$18&"'!$S$22:$S$150"),"Pendente"),0)+IFERROR(COUNTIFS(INDIRECT("'"&$A$19&"'!$G$22:$G$150"),$A30,INDIRECT("'"&$A$19&"'!$S$22:$S$150"),"Pendente"),0)+IFERROR(COUNTIFS(INDIRECT("'"&$A$20&"'!$G$22:$G$150"),$A30,INDIRECT("'"&$A$20&"'!$S$22:$S$150"),"Pendente"),0)+IFERROR(COUNTIFS(INDIRECT("'"&$A$21&"'!$G$22:$G$150"),$A30,INDIRECT("'"&$A$21&"'!$S$22:$S$150"),"Pendente"),0)+IFERROR(COUNTIFS(INDIRECT("'"&$A$22&"'!$G$22:$G$150"),$A30,INDIRECT("'"&$A$22&"'!$S$22:$S$150"),"Pendente"),0)+IFERROR(COUNTIFS(INDIRECT("'"&$A$23&"'!$G$22:$G$150"),$A30,INDIRECT("'"&$A$23&"'!$S$22:$S$150"),"Pendente"),0)+IFERROR(COUNTIFS(INDIRECT("'"&$A$24&"'!$G$22:$G$150"),$A30,INDIRECT("'"&$A$24&"'!$S$22:$S$150"),"Pendente"),0)+IFERROR(COUNTIFS(INDIRECT("'"&$A$25&"'!$G$22:$G$150"),$A30,INDIRECT("'"&$A$25&"'!$S$22:$S$150"),"Pendente"),0) -> 48 | O30: =IFERROR(COUNTIFS(INDIRECT("'"&$A$8&"'!$G$22:$G$150"),$A30,INDIRECT("'"&$A$8&"'!$S$22:$S$150"),"Reprovada"),0)+IFERROR(COUNTIFS(INDIRECT("'"&$A$9&"'!$G$22:$G$150"),$A30,INDIRECT("'"&$A$9&"'!$S$22:$S$150"),"Reprovada"),0)+IFERROR(COUNTIFS(INDIRECT("'"&$A$10&"'!$G$22:$G$150"),$A30,INDIRECT("'"&$A$10&"'!$S$22:$S$150"),"Reprovada"),0)+IFERROR(COUNTIFS(INDIRECT("'"&$A$11&"'!$G$22:$G$150"),$A30,INDIRECT("'"&$A$11&"'!$S$22:$S$150"),"Reprovada"),0)+IFERROR(COUNTIFS(INDIRECT("'"&$A$12&"'!$G$22:$G$150"),$A30,INDIRECT("'"&$A$12&"'!$S$22:$S$150"),"Reprovada"),0)+IFERROR(COUNTIFS(INDIRECT("'"&$A$13&"'!$G$22:$G$150"),$A30,INDIRECT("'"&$A$13&"'!$S$22:$S$150"),"Reprovada"),0)+IFERROR(COUNTIFS(INDIRECT("'"&$A$14&"'!$G$22:$G$150"),$A30,INDIRECT("'"&$A$14&"'!$S$22:$S$150"),"Reprovada"),0)+IFERROR(COUNTIFS(INDIRECT("'"&$A$15&"'!$G$22:$G$150"),$A30,INDIRECT("'"&$A$15&"'!$S$22:$S$150"),"Reprovada"),0)+IFERROR(COUNTIFS(INDIRECT("'"&$A$16&"'!$G$22:$G$150"),$A30,INDIRECT("'"&$A$16&"'!$S$22:$S$150"),"Reprovada"),0)+IFERROR(COUNTIFS(INDIRECT("'"&$A$17&"'!$G$22:$G$150"),$A30,INDIRECT("'"&$A$17&"'!$S$22:$S$150"),"Reprovada"),0)+IFERROR(COUNTIFS(INDIRECT("'"&$A$18&"'!$G$22:$G$150"),$A30,INDIRECT("'"&$A$18&"'!$S$22:$S$150"),"Reprovada"),0)+IFERROR(COUNTIFS(INDIRECT("'"&$A$19&"'!$G$22:$G$150"),$A30,INDIRECT("'"&$A$19&"'!$S$22:$S$150"),"Reprovada"),0)+IFERROR(COUNTIFS(INDIRECT("'"&$A$20&"'!$G$22:$G$150"),$A30,INDIRECT("'"&$A$20&"'!$S$22:$S$150"),"Reprovada"),0)+IFERROR(COUNTIFS(INDIRECT("'"&$A$21&"'!$G$22:$G$150"),$A30,INDIRECT("'"&$A$21&"'!$S$22:$S$150"),"Reprovada"),0)+IFERROR(COUNTIFS(INDIRECT("'"&$A$22&"'!$G$22:$G$150"),$A30,INDIRECT("'"&$A$22&"'!$S$22:$S$150"),"Reprovada"),0)+IFERROR(COUNTIFS(INDIRECT("'"&$A$23&"'!$G$22:$G$150"),$A30,INDIRECT("'"&$A$23&"'!$S$22:$S$150"),"Reprovada"),0)+IFERROR(COUNTIFS(INDIRECT("'"&$A$24&"'!$G$22:$G$150"),$A30,INDIRECT("'"&$A$24&"'!$S$22:$S$150"),"Reprovada"),0)+IFERROR(COUNTIFS(INDIRECT("'"&$A$25&"'!$G$22:$G$150"),$A30,INDIRECT("'"&$A$25&"'!$S$22:$S$150"),"Reprovada"),0) -> 0
A31: B | B31: =$C31+$D31+$M31+$N31+$O31 -> 60 | C31: =IFERROR(COUNTIFS(INDIRECT("'"&$A$8&"'!$G$22:$G$150"),$A31,INDIRECT("'"&$A$8&"'!$S$22:$S$150"),"Aprovada"),0)+IFERROR(COUNTIFS(INDIRECT("'"&$A$9&"'!$G$22:$G$150"),$A31,INDIRECT("'"&$A$9&"'!$S$22:$S$150"),"Aprovada"),0)+IFERROR(COUNTIFS(INDIRECT("'"&$A$10&"'!$G$22:$G$150"),$A31,INDIRECT("'"&$A$10&"'!$S$22:$S$150"),"Aprovada"),0)+IFERROR(COUNTIFS(INDIRECT("'"&$A$11&"'!$G$22:$G$150"),$A31,INDIRECT("'"&$A$11&"'!$S$22:$S$150"),"Aprovada"),0)+IFERROR(COUNTIFS(INDIRECT("'"&$A$12&"'!$G$22:$G$150"),$A31,INDIRECT("'"&$A$12&"'!$S$22:$S$150"),"Aprovada"),0)+IFERROR(COUNTIFS(INDIRECT("'"&$A$13&"'!$G$22:$G$150"),$A31,INDIRECT("'"&$A$13&"'!$S$22:$S$150"),"Aprovada"),0)+IFERROR(COUNTIFS(INDIRECT("'"&$A$14&"'!$G$22:$G$150"),$A31,INDIRECT("'"&$A$14&"'!$S$22:$S$150"),"Aprovada"),0)+IFERROR(COUNTIFS(INDIRECT("'"&$A$15&"'!$G$22:$G$150"),$A31,INDIRECT("'"&$A$15&"'!$S$22:$S$150"),"Aprovada"),0)+IFERROR(COUNTIFS(INDIRECT("'"&$A$16&"'!$G$22:$G$150"),$A31,INDIRECT("'"&$A$16&"'!$S$22:$S$150"),"Aprovada"),0)+IFERROR(COUNTIFS(INDIRECT("'"&$A$17&"'!$G$22:$G$150"),$A31,INDIRECT("'"&$A$17&"'!$S$22:$S$150"),"Aprovada"),0)+IFERROR(COUNTIFS(INDIRECT("'"&$A$18&"'!$G$22:$G$150"),$A31,INDIRECT("'"&$A$18&"'!$S$22:$S$150"),"Aprovada"),0)+IFERROR(COUNTIFS(INDIRECT("'"&$A$19&"'!$G$22:$G$150"),$A31,INDIRECT("'"&$A$19&"'!$S$22:$S$150"),"Aprovada"),0)+IFERROR(COUNTIFS(INDIRECT("'"&$A$20&"'!$G$22:$G$150"),$A31,INDIRECT("'"&$A$20&"'!$S$22:$S$150"),"Aprovada"),0)+IFERROR(COUNTIFS(INDIRECT("'"&$A$21&"'!$G$22:$G$150"),$A31,INDIRECT("'"&$A$21&"'!$S$22:$S$150"),"Aprovada"),0)+IFERROR(COUNTIFS(INDIRECT("'"&$A$22&"'!$G$22:$G$150"),$A31,INDIRECT("'"&$A$22&"'!$S$22:$S$150"),"Aprovada"),0)+IFERROR(COUNTIFS(INDIRECT("'"&$A$23&"'!$G$22:$G$150"),$A31,INDIRECT("'"&$A$23&"'!$S$22:$S$150"),"Aprovada"),0)+IFERROR(COUNTIFS(INDIRECT("'"&$A$24&"'!$G$22:$G$150"),$A31,INDIRECT("'"&$A$24&"'!$S$22:$S$150"),"Aprovada"),0)+IFERROR(COUNTIFS(INDIRECT("'"&$A$25&"'!$G$22:$G$150"),$A31,INDIRECT("'"&$A$25&"'!$S$22:$S$150"),"Aprovada"),0) -> 0 | D31: =IFERROR(COUNTIFS(INDIRECT("'"&$A$8&"'!$G$22:$G$150"),$A31,INDIRECT("'"&$A$8&"'!$S$22:$S$150"),"Atrasada"),0)+IFERROR(COUNTIFS(INDIRECT("'"&$A$9&"'!$G$22:$G$150"),$A31,INDIRECT("'"&$A$9&"'!$S$22:$S$150"),"Atrasada"),0)+IFERROR(COUNTIFS(INDIRECT("'"&$A$10&"'!$G$22:$G$150"),$A31,INDIRECT("'"&$A$10&"'!$S$22:$S$150"),"Atrasada"),0)+IFERROR(COUNTIFS(INDIRECT("'"&$A$11&"'!$G$22:$G$150"),$A31,INDIRECT("'"&$A$11&"'!$S$22:$S$150"),"Atrasada"),0)+IFERROR(COUNTIFS(INDIRECT("'"&$A$12&"'!$G$22:$G$150"),$A31,INDIRECT("'"&$A$12&"'!$S$22:$S$150"),"Atrasada"),0)+IFERROR(COUNTIFS(INDIRECT("'"&$A$13&"'!$G$22:$G$150"),$A31,INDIRECT("'"&$A$13&"'!$S$22:$S$150"),"Atrasada"),0)+IFERROR(COUNTIFS(INDIRECT("'"&$A$14&"'!$G$22:$G$150"),$A31,INDIRECT("'"&$A$14&"'!$S$22:$S$150"),"Atrasada"),0)+IFERROR(COUNTIFS(INDIRECT("'"&$A$15&"'!$G$22:$G$150"),$A31,INDIRECT("'"&$A$15&"'!$S$22:$S$150"),"Atrasada"),0)+IFERROR(COUNTIFS(INDIRECT("'"&$A$16&"'!$G$22:$G$150"),$A31,INDIRECT("'"&$A$16&"'!$S$22:$S$150"),"Atrasada"),0)+IFERROR(COUNTIFS(INDIRECT("'"&$A$17&"'!$G$22:$G$150"),$A31,INDIRECT("'"&$A$17&"'!$S$22:$S$150"),"Atrasada"),0)+IFERROR(COUNTIFS(INDIRECT("'"&$A$18&"'!$G$22:$G$150"),$A31,INDIRECT("'"&$A$18&"'!$S$22:$S$150"),"Atrasada"),0)+IFERROR(COUNTIFS(INDIRECT("'"&$A$19&"'!$G$22:$G$150"),$A31,INDIRECT("'"&$A$19&"'!$S$22:$S$150"),"Atrasada"),0)+IFERROR(COUNTIFS(INDIRECT("'"&$A$20&"'!$G$22:$G$150"),$A31,INDIRECT("'"&$A$20&"'!$S$22:$S$150"),"Atrasada"),0)+IFERROR(COUNTIFS(INDIRECT("'"&$A$21&"'!$G$22:$G$150"),$A31,INDIRECT("'"&$A$21&"'!$S$22:$S$150"),"Atrasada"),0)+IFERROR(COUNTIFS(INDIRECT("'"&$A$22&"'!$G$22:$G$150"),$A31,INDIRECT("'"&$A$22&"'!$S$22:$S$150"),"Atrasada"),0)+IFERROR(COUNTIFS(INDIRECT("'"&$A$23&"'!$G$22:$G$150"),$A31,INDIRECT("'"&$A$23&"'!$S$22:$S$150"),"Atrasada"),0)+IFERROR(COUNTIFS(INDIRECT("'"&$A$24&"'!$G$22:$G$150"),$A31,INDIRECT("'"&$A$24&"'!$S$22:$S$150"),"Atrasada"),0)+IFERROR(COUNTIFS(INDIRECT("'"&$A$25&"'!$G$22:$G$150"),$A31,INDIRECT("'"&$A$25&"'!$S$22:$S$150"),"Atrasada"),0) -> 12 | E31: =IF($B31=0,0,$C31/$B31) -> 0 | F31: =REPT("█",ROUND($E31*15,0))&REPT("░",15-ROUND($E31*15,0)) -> ░░░░░░░░░░░░░░░ | M31: =IFERROR(COUNTIFS(INDIRECT("'"&$A$8&"'!$G$22:$G$150"),$A31,INDIRECT("'"&$A$8&"'!$S$22:$S$150"),"Entregue"),0)+IFERROR(COUNTIFS(INDIRECT("'"&$A$9&"'!$G$22:$G$150"),$A31,INDIRECT("'"&$A$9&"'!$S$22:$S$150"),"Entregue"),0)+IFERROR(COUNTIFS(INDIRECT("'"&$A$10&"'!$G$22:$G$150"),$A31,INDIRECT("'"&$A$10&"'!$S$22:$S$150"),"Entregue"),0)+IFERROR(COUNTIFS(INDIRECT("'"&$A$11&"'!$G$22:$G$150"),$A31,INDIRECT("'"&$A$11&"'!$S$22:$S$150"),"Entregue"),0)+IFERROR(COUNTIFS(INDIRECT("'"&$A$12&"'!$G$22:$G$150"),$A31,INDIRECT("'"&$A$12&"'!$S$22:$S$150"),"Entregue"),0)+IFERROR(COUNTIFS(INDIRECT("'"&$A$13&"'!$G$22:$G$150"),$A31,INDIRECT("'"&$A$13&"'!$S$22:$S$150"),"Entregue"),0)+IFERROR(COUNTIFS(INDIRECT("'"&$A$14&"'!$G$22:$G$150"),$A31,INDIRECT("'"&$A$14&"'!$S$22:$S$150"),"Entregue"),0)+IFERROR(COUNTIFS(INDIRECT("'"&$A$15&"'!$G$22:$G$150"),$A31,INDIRECT("'"&$A$15&"'!$S$22:$S$150"),"Entregue"),0)+IFERROR(COUNTIFS(INDIRECT("'"&$A$16&"'!$G$22:$G$150"),$A31,INDIRECT("'"&$A$16&"'!$S$22:$S$150"),"Entregue"),0)+IFERROR(COUNTIFS(INDIRECT("'"&$A$17&"'!$G$22:$G$150"),$A31,INDIRECT("'"&$A$17&"'!$S$22:$S$150"),"Entregue"),0)+IFERROR(COUNTIFS(INDIRECT("'"&$A$18&"'!$G$22:$G$150"),$A31,INDIRECT("'"&$A$18&"'!$S$22:$S$150"),"Entregue"),0)+IFERROR(COUNTIFS(INDIRECT("'"&$A$19&"'!$G$22:$G$150"),$A31,INDIRECT("'"&$A$19&"'!$S$22:$S$150"),"Entregue"),0)+IFERROR(COUNTIFS(INDIRECT("'"&$A$20&"'!$G$22:$G$150"),$A31,INDIRECT("'"&$A$20&"'!$S$22:$S$150"),"Entregue"),0)+IFERROR(COUNTIFS(INDIRECT("'"&$A$21&"'!$G$22:$G$150"),$A31,INDIRECT("'"&$A$21&"'!$S$22:$S$150"),"Entregue"),0)+IFERROR(COUNTIFS(INDIRECT("'"&$A$22&"'!$G$22:$G$150"),$A31,INDIRECT("'"&$A$22&"'!$S$22:$S$150"),"Entregue"),0)+IFERROR(COUNTIFS(INDIRECT("'"&$A$23&"'!$G$22:$G$150"),$A31,INDIRECT("'"&$A$23&"'!$S$22:$S$150"),"Entregue"),0)+IFERROR(COUNTIFS(INDIRECT("'"&$A$24&"'!$G$22:$G$150"),$A31,INDIRECT("'"&$A$24&"'!$S$22:$S$150"),"Entregue"),0)+IFERROR(COUNTIFS(INDIRECT("'"&$A$25&"'!$G$22:$G$150"),$A31,INDIRECT("'"&$A$25&"'!$S$22:$S$150"),"Entregue"),0) -> 0 | N31: =IFERROR(COUNTIFS(INDIRECT("'"&$A$8&"'!$G$22:$G$150"),$A31,INDIRECT("'"&$A$8&"'!$S$22:$S$150"),"Pendente"),0)+IFERROR(COUNTIFS(INDIRECT("'"&$A$9&"'!$G$22:$G$150"),$A31,INDIRECT("'"&$A$9&"'!$S$22:$S$150"),"Pendente"),0)+IFERROR(COUNTIFS(INDIRECT("'"&$A$10&"'!$G$22:$G$150"),$A31,INDIRECT("'"&$A$10&"'!$S$22:$S$150"),"Pendente"),0)+IFERROR(COUNTIFS(INDIRECT("'"&$A$11&"'!$G$22:$G$150"),$A31,INDIRECT("'"&$A$11&"'!$S$22:$S$150"),"Pendente"),0)+IFERROR(COUNTIFS(INDIRECT("'"&$A$12&"'!$G$22:$G$150"),$A31,INDIRECT("'"&$A$12&"'!$S$22:$S$150"),"Pendente"),0)+IFERROR(COUNTIFS(INDIRECT("'"&$A$13&"'!$G$22:$G$150"),$A31,INDIRECT("'"&$A$13&"'!$S$22:$S$150"),"Pendente"),0)+IFERROR(COUNTIFS(INDIRECT("'"&$A$14&"'!$G$22:$G$150"),$A31,INDIRECT("'"&$A$14&"'!$S$22:$S$150"),"Pendente"),0)+IFERROR(COUNTIFS(INDIRECT("'"&$A$15&"'!$G$22:$G$150"),$A31,INDIRECT("'"&$A$15&"'!$S$22:$S$150"),"Pendente"),0)+IFERROR(COUNTIFS(INDIRECT("'"&$A$16&"'!$G$22:$G$150"),$A31,INDIRECT("'"&$A$16&"'!$S$22:$S$150"),"Pendente"),0)+IFERROR(COUNTIFS(INDIRECT("'"&$A$17&"'!$G$22:$G$150"),$A31,INDIRECT("'"&$A$17&"'!$S$22:$S$150"),"Pendente"),0)+IFERROR(COUNTIFS(INDIRECT("'"&$A$18&"'!$G$22:$G$150"),$A31,INDIRECT("'"&$A$18&"'!$S$22:$S$150"),"Pendente"),0)+IFERROR(COUNTIFS(INDIRECT("'"&$A$19&"'!$G$22:$G$150"),$A31,INDIRECT("'"&$A$19&"'!$S$22:$S$150"),"Pendente"),0)+IFERROR(COUNTIFS(INDIRECT("'"&$A$20&"'!$G$22:$G$150"),$A31,INDIRECT("'"&$A$20&"'!$S$22:$S$150"),"Pendente"),0)+IFERROR(COUNTIFS(INDIRECT("'"&$A$21&"'!$G$22:$G$150"),$A31,INDIRECT("'"&$A$21&"'!$S$22:$S$150"),"Pendente"),0)+IFERROR(COUNTIFS(INDIRECT("'"&$A$22&"'!$G$22:$G$150"),$A31,INDIRECT("'"&$A$22&"'!$S$22:$S$150"),"Pendente"),0)+IFERROR(COUNTIFS(INDIRECT("'"&$A$23&"'!$G$22:$G$150"),$A31,INDIRECT("'"&$A$23&"'!$S$22:$S$150"),"Pendente"),0)+IFERROR(COUNTIFS(INDIRECT("'"&$A$24&"'!$G$22:$G$150"),$A31,INDIRECT("'"&$A$24&"'!$S$22:$S$150"),"Pendente"),0)+IFERROR(COUNTIFS(INDIRECT("'"&$A$25&"'!$G$22:$G$150"),$A31,INDIRECT("'"&$A$25&"'!$S$22:$S$150"),"Pendente"),0) -> 48 | O31: =IFERROR(COUNTIFS(INDIRECT("'"&$A$8&"'!$G$22:$G$150"),$A31,INDIRECT("'"&$A$8&"'!$S$22:$S$150"),"Reprovada"),0)+IFERROR(COUNTIFS(INDIRECT("'"&$A$9&"'!$G$22:$G$150"),$A31,INDIRECT("'"&$A$9&"'!$S$22:$S$150"),"Reprovada"),0)+IFERROR(COUNTIFS(INDIRECT("'"&$A$10&"'!$G$22:$G$150"),$A31,INDIRECT("'"&$A$10&"'!$S$22:$S$150"),"Reprovada"),0)+IFERROR(COUNTIFS(INDIRECT("'"&$A$11&"'!$G$22:$G$150"),$A31,INDIRECT("'"&$A$11&"'!$S$22:$S$150"),"Reprovada"),0)+IFERROR(COUNTIFS(INDIRECT("'"&$A$12&"'!$G$22:$G$150"),$A31,INDIRECT("'"&$A$12&"'!$S$22:$S$150"),"Reprovada"),0)+IFERROR(COUNTIFS(INDIRECT("'"&$A$13&"'!$G$22:$G$150"),$A31,INDIRECT("'"&$A$13&"'!$S$22:$S$150"),"Reprovada"),0)+IFERROR(COUNTIFS(INDIRECT("'"&$A$14&"'!$G$22:$G$150"),$A31,INDIRECT("'"&$A$14&"'!$S$22:$S$150"),"Reprovada"),0)+IFERROR(COUNTIFS(INDIRECT("'"&$A$15&"'!$G$22:$G$150"),$A31,INDIRECT("'"&$A$15&"'!$S$22:$S$150"),"Reprovada"),0)+IFERROR(COUNTIFS(INDIRECT("'"&$A$16&"'!$G$22:$G$150"),$A31,INDIRECT("'"&$A$16&"'!$S$22:$S$150"),"Reprovada"),0)+IFERROR(COUNTIFS(INDIRECT("'"&$A$17&"'!$G$22:$G$150"),$A31,INDIRECT("'"&$A$17&"'!$S$22:$S$150"),"Reprovada"),0)+IFERROR(COUNTIFS(INDIRECT("'"&$A$18&"'!$G$22:$G$150"),$A31,INDIRECT("'"&$A$18&"'!$S$22:$S$150"),"Reprovada"),0)+IFERROR(COUNTIFS(INDIRECT("'"&$A$19&"'!$G$22:$G$150"),$A31,INDIRECT("'"&$A$19&"'!$S$22:$S$150"),"Reprovada"),0)+IFERROR(COUNTIFS(INDIRECT("'"&$A$20&"'!$G$22:$G$150"),$A31,INDIRECT("'"&$A$20&"'!$S$22:$S$150"),"Reprovada"),0)+IFERROR(COUNTIFS(INDIRECT("'"&$A$21&"'!$G$22:$G$150"),$A31,INDIRECT("'"&$A$21&"'!$S$22:$S$150"),"Reprovada"),0)+IFERROR(COUNTIFS(INDIRECT("'"&$A$22&"'!$G$22:$G$150"),$A31,INDIRECT("'"&$A$22&"'!$S$22:$S$150"),"Reprovada"),0)+IFERROR(COUNTIFS(INDIRECT("'"&$A$23&"'!$G$22:$G$150"),$A31,INDIRECT("'"&$A$23&"'!$S$22:$S$150"),"Reprovada"),0)+IFERROR(COUNTIFS(INDIRECT("'"&$A$24&"'!$G$22:$G$150"),$A31,INDIRECT("'"&$A$24&"'!$S$22:$S$150"),"Reprovada"),0)+IFERROR(COUNTIFS(INDIRECT("'"&$A$25&"'!$G$22:$G$150"),$A31,INDIRECT("'"&$A$25&"'!$S$22:$S$150"),"Reprovada"),0) -> 0
A32: C | B32: =$C32+$D32+$M32+$N32+$O32 -> 60 | C32: =IFERROR(COUNTIFS(INDIRECT("'"&$A$8&"'!$G$22:$G$150"),$A32,INDIRECT("'"&$A$8&"'!$S$22:$S$150"),"Aprovada"),0)+IFERROR(COUNTIFS(INDIRECT("'"&$A$9&"'!$G$22:$G$150"),$A32,INDIRECT("'"&$A$9&"'!$S$22:$S$150"),"Aprovada"),0)+IFERROR(COUNTIFS(INDIRECT("'"&$A$10&"'!$G$22:$G$150"),$A32,INDIRECT("'"&$A$10&"'!$S$22:$S$150"),"Aprovada"),0)+IFERROR(COUNTIFS(INDIRECT("'"&$A$11&"'!$G$22:$G$150"),$A32,INDIRECT("'"&$A$11&"'!$S$22:$S$150"),"Aprovada"),0)+IFERROR(COUNTIFS(INDIRECT("'"&$A$12&"'!$G$22:$G$150"),$A32,INDIRECT("'"&$A$12&"'!$S$22:$S$150"),"Aprovada"),0)+IFERROR(COUNTIFS(INDIRECT("'"&$A$13&"'!$G$22:$G$150"),$A32,INDIRECT("'"&$A$13&"'!$S$22:$S$150"),"Aprovada"),0)+IFERROR(COUNTIFS(INDIRECT("'"&$A$14&"'!$G$22:$G$150"),$A32,INDIRECT("'"&$A$14&"'!$S$22:$S$150"),"Aprovada"),0)+IFERROR(COUNTIFS(INDIRECT("'"&$A$15&"'!$G$22:$G$150"),$A32,INDIRECT("'"&$A$15&"'!$S$22:$S$150"),"Aprovada"),0)+IFERROR(COUNTIFS(INDIRECT("'"&$A$16&"'!$G$22:$G$150"),$A32,INDIRECT("'"&$A$16&"'!$S$22:$S$150"),"Aprovada"),0)+IFERROR(COUNTIFS(INDIRECT("'"&$A$17&"'!$G$22:$G$150"),$A32,INDIRECT("'"&$A$17&"'!$S$22:$S$150"),"Aprovada"),0)+IFERROR(COUNTIFS(INDIRECT("'"&$A$18&"'!$G$22:$G$150"),$A32,INDIRECT("'"&$A$18&"'!$S$22:$S$150"),"Aprovada"),0)+IFERROR(COUNTIFS(INDIRECT("'"&$A$19&"'!$G$22:$G$150"),$A32,INDIRECT("'"&$A$19&"'!$S$22:$S$150"),"Aprovada"),0)+IFERROR(COUNTIFS(INDIRECT("'"&$A$20&"'!$G$22:$G$150"),$A32,INDIRECT("'"&$A$20&"'!$S$22:$S$150"),"Aprovada"),0)+IFERROR(COUNTIFS(INDIRECT("'"&$A$21&"'!$G$22:$G$150"),$A32,INDIRECT("'"&$A$21&"'!$S$22:$S$150"),"Aprovada"),0)+IFERROR(COUNTIFS(INDIRECT("'"&$A$22&"'!$G$22:$G$150"),$A32,INDIRECT("'"&$A$22&"'!$S$22:$S$150"),"Aprovada"),0)+IFERROR(COUNTIFS(INDIRECT("'"&$A$23&"'!$G$22:$G$150"),$A32,INDIRECT("'"&$A$23&"'!$S$22:$S$150"),"Aprovada"),0)+IFERROR(COUNTIFS(INDIRECT("'"&$A$24&"'!$G$22:$G$150"),$A32,INDIRECT("'"&$A$24&"'!$S$22:$S$150"),"Aprovada"),0)+IFERROR(COUNTIFS(INDIRECT("'"&$A$25&"'!$G$22:$G$150"),$A32,INDIRECT("'"&$A$25&"'!$S$22:$S$150"),"Aprovada"),0) -> 0 | D32: =IFERROR(COUNTIFS(INDIRECT("'"&$A$8&"'!$G$22:$G$150"),$A32,INDIRECT("'"&$A$8&"'!$S$22:$S$150"),"Atrasada"),0)+IFERROR(COUNTIFS(INDIRECT("'"&$A$9&"'!$G$22:$G$150"),$A32,INDIRECT("'"&$A$9&"'!$S$22:$S$150"),"Atrasada"),0)+IFERROR(COUNTIFS(INDIRECT("'"&$A$10&"'!$G$22:$G$150"),$A32,INDIRECT("'"&$A$10&"'!$S$22:$S$150"),"Atrasada"),0)+IFERROR(COUNTIFS(INDIRECT("'"&$A$11&"'!$G$22:$G$150"),$A32,INDIRECT("'"&$A$11&"'!$S$22:$S$150"),"Atrasada"),0)+IFERROR(COUNTIFS(INDIRECT("'"&$A$12&"'!$G$22:$G$150"),$A32,INDIRECT("'"&$A$12&"'!$S$22:$S$150"),"Atrasada"),0)+IFERROR(COUNTIFS(INDIRECT("'"&$A$13&"'!$G$22:$G$150"),$A32,INDIRECT("'"&$A$13&"'!$S$22:$S$150"),"Atrasada"),0)+IFERROR(COUNTIFS(INDIRECT("'"&$A$14&"'!$G$22:$G$150"),$A32,INDIRECT("'"&$A$14&"'!$S$22:$S$150"),"Atrasada"),0)+IFERROR(COUNTIFS(INDIRECT("'"&$A$15&"'!$G$22:$G$150"),$A32,INDIRECT("'"&$A$15&"'!$S$22:$S$150"),"Atrasada"),0)+IFERROR(COUNTIFS(INDIRECT("'"&$A$16&"'!$G$22:$G$150"),$A32,INDIRECT("'"&$A$16&"'!$S$22:$S$150"),"Atrasada"),0)+IFERROR(COUNTIFS(INDIRECT("'"&$A$17&"'!$G$22:$G$150"),$A32,INDIRECT("'"&$A$17&"'!$S$22:$S$150"),"Atrasada"),0)+IFERROR(COUNTIFS(INDIRECT("'"&$A$18&"'!$G$22:$G$150"),$A32,INDIRECT("'"&$A$18&"'!$S$22:$S$150"),"Atrasada"),0)+IFERROR(COUNTIFS(INDIRECT("'"&$A$19&"'!$G$22:$G$150"),$A32,INDIRECT("'"&$A$19&"'!$S$22:$S$150"),"Atrasada"),0)+IFERROR(COUNTIFS(INDIRECT("'"&$A$20&"'!$G$22:$G$150"),$A32,INDIRECT("'"&$A$20&"'!$S$22:$S$150"),"Atrasada"),0)+IFERROR(COUNTIFS(INDIRECT("'"&$A$21&"'!$G$22:$G$150"),$A32,INDIRECT("'"&$A$21&"'!$S$22:$S$150"),"Atrasada"),0)+IFERROR(COUNTIFS(INDIRECT("'"&$A$22&"'!$G$22:$G$150"),$A32,INDIRECT("'"&$A$22&"'!$S$22:$S$150"),"Atrasada"),0)+IFERROR(COUNTIFS(INDIRECT("'"&$A$23&"'!$G$22:$G$150"),$A32,INDIRECT("'"&$A$23&"'!$S$22:$S$150"),"Atrasada"),0)+IFERROR(COUNTIFS(INDIRECT("'"&$A$24&"'!$G$22:$G$150"),$A32,INDIRECT("'"&$A$24&"'!$S$22:$S$150"),"Atrasada"),0)+IFERROR(COUNTIFS(INDIRECT("'"&$A$25&"'!$G$22:$G$150"),$A32,INDIRECT("'"&$A$25&"'!$S$22:$S$150"),"Atrasada"),0) -> 12 | E32: =IF($B32=0,0,$C32/$B32) -> 0 | F32: =REPT("█",ROUND($E32*15,0))&REPT("░",15-ROUND($E32*15,0)) -> ░░░░░░░░░░░░░░░ | M32: =IFERROR(COUNTIFS(INDIRECT("'"&$A$8&"'!$G$22:$G$150"),$A32,INDIRECT("'"&$A$8&"'!$S$22:$S$150"),"Entregue"),0)+IFERROR(COUNTIFS(INDIRECT("'"&$A$9&"'!$G$22:$G$150"),$A32,INDIRECT("'"&$A$9&"'!$S$22:$S$150"),"Entregue"),0)+IFERROR(COUNTIFS(INDIRECT("'"&$A$10&"'!$G$22:$G$150"),$A32,INDIRECT("'"&$A$10&"'!$S$22:$S$150"),"Entregue"),0)+IFERROR(COUNTIFS(INDIRECT("'"&$A$11&"'!$G$22:$G$150"),$A32,INDIRECT("'"&$A$11&"'!$S$22:$S$150"),"Entregue"),0)+IFERROR(COUNTIFS(INDIRECT("'"&$A$12&"'!$G$22:$G$150"),$A32,INDIRECT("'"&$A$12&"'!$S$22:$S$150"),"Entregue"),0)+IFERROR(COUNTIFS(INDIRECT("'"&$A$13&"'!$G$22:$G$150"),$A32,INDIRECT("'"&$A$13&"'!$S$22:$S$150"),"Entregue"),0)+IFERROR(COUNTIFS(INDIRECT("'"&$A$14&"'!$G$22:$G$150"),$A32,INDIRECT("'"&$A$14&"'!$S$22:$S$150"),"Entregue"),0)+IFERROR(COUNTIFS(INDIRECT("'"&$A$15&"'!$G$22:$G$150"),$A32,INDIRECT("'"&$A$15&"'!$S$22:$S$150"),"Entregue"),0)+IFERROR(COUNTIFS(INDIRECT("'"&$A$16&"'!$G$22:$G$150"),$A32,INDIRECT("'"&$A$16&"'!$S$22:$S$150"),"Entregue"),0)+IFERROR(COUNTIFS(INDIRECT("'"&$A$17&"'!$G$22:$G$150"),$A32,INDIRECT("'"&$A$17&"'!$S$22:$S$150"),"Entregue"),0)+IFERROR(COUNTIFS(INDIRECT("'"&$A$18&"'!$G$22:$G$150"),$A32,INDIRECT("'"&$A$18&"'!$S$22:$S$150"),"Entregue"),0)+IFERROR(COUNTIFS(INDIRECT("'"&$A$19&"'!$G$22:$G$150"),$A32,INDIRECT("'"&$A$19&"'!$S$22:$S$150"),"Entregue"),0)+IFERROR(COUNTIFS(INDIRECT("'"&$A$20&"'!$G$22:$G$150"),$A32,INDIRECT("'"&$A$20&"'!$S$22:$S$150"),"Entregue"),0)+IFERROR(COUNTIFS(INDIRECT("'"&$A$21&"'!$G$22:$G$150"),$A32,INDIRECT("'"&$A$21&"'!$S$22:$S$150"),"Entregue"),0)+IFERROR(COUNTIFS(INDIRECT("'"&$A$22&"'!$G$22:$G$150"),$A32,INDIRECT("'"&$A$22&"'!$S$22:$S$150"),"Entregue"),0)+IFERROR(COUNTIFS(INDIRECT("'"&$A$23&"'!$G$22:$G$150"),$A32,INDIRECT("'"&$A$23&"'!$S$22:$S$150"),"Entregue"),0)+IFERROR(COUNTIFS(INDIRECT("'"&$A$24&"'!$G$22:$G$150"),$A32,INDIRECT("'"&$A$24&"'!$S$22:$S$150"),"Entregue"),0)+IFERROR(COUNTIFS(INDIRECT("'"&$A$25&"'!$G$22:$G$150"),$A32,INDIRECT("'"&$A$25&"'!$S$22:$S$150"),"Entregue"),0) -> 0 | N32: =IFERROR(COUNTIFS(INDIRECT("'"&$A$8&"'!$G$22:$G$150"),$A32,INDIRECT("'"&$A$8&"'!$S$22:$S$150"),"Pendente"),0)+IFERROR(COUNTIFS(INDIRECT("'"&$A$9&"'!$G$22:$G$150"),$A32,INDIRECT("'"&$A$9&"'!$S$22:$S$150"),"Pendente"),0)+IFERROR(COUNTIFS(INDIRECT("'"&$A$10&"'!$G$22:$G$150"),$A32,INDIRECT("'"&$A$10&"'!$S$22:$S$150"),"Pendente"),0)+IFERROR(COUNTIFS(INDIRECT("'"&$A$11&"'!$G$22:$G$150"),$A32,INDIRECT("'"&$A$11&"'!$S$22:$S$150"),"Pendente"),0)+IFERROR(COUNTIFS(INDIRECT("'"&$A$12&"'!$G$22:$G$150"),$A32,INDIRECT("'"&$A$12&"'!$S$22:$S$150"),"Pendente"),0)+IFERROR(COUNTIFS(INDIRECT("'"&$A$13&"'!$G$22:$G$150"),$A32,INDIRECT("'"&$A$13&"'!$S$22:$S$150"),"Pendente"),0)+IFERROR(COUNTIFS(INDIRECT("'"&$A$14&"'!$G$22:$G$150"),$A32,INDIRECT("'"&$A$14&"'!$S$22:$S$150"),"Pendente"),0)+IFERROR(COUNTIFS(INDIRECT("'"&$A$15&"'!$G$22:$G$150"),$A32,INDIRECT("'"&$A$15&"'!$S$22:$S$150"),"Pendente"),0)+IFERROR(COUNTIFS(INDIRECT("'"&$A$16&"'!$G$22:$G$150"),$A32,INDIRECT("'"&$A$16&"'!$S$22:$S$150"),"Pendente"),0)+IFERROR(COUNTIFS(INDIRECT("'"&$A$17&"'!$G$22:$G$150"),$A32,INDIRECT("'"&$A$17&"'!$S$22:$S$150"),"Pendente"),0)+IFERROR(COUNTIFS(INDIRECT("'"&$A$18&"'!$G$22:$G$150"),$A32,INDIRECT("'"&$A$18&"'!$S$22:$S$150"),"Pendente"),0)+IFERROR(COUNTIFS(INDIRECT("'"&$A$19&"'!$G$22:$G$150"),$A32,INDIRECT("'"&$A$19&"'!$S$22:$S$150"),"Pendente"),0)+IFERROR(COUNTIFS(INDIRECT("'"&$A$20&"'!$G$22:$G$150"),$A32,INDIRECT("'"&$A$20&"'!$S$22:$S$150"),"Pendente"),0)+IFERROR(COUNTIFS(INDIRECT("'"&$A$21&"'!$G$22:$G$150"),$A32,INDIRECT("'"&$A$21&"'!$S$22:$S$150"),"Pendente"),0)+IFERROR(COUNTIFS(INDIRECT("'"&$A$22&"'!$G$22:$G$150"),$A32,INDIRECT("'"&$A$22&"'!$S$22:$S$150"),"Pendente"),0)+IFERROR(COUNTIFS(INDIRECT("'"&$A$23&"'!$G$22:$G$150"),$A32,INDIRECT("'"&$A$23&"'!$S$22:$S$150"),"Pendente"),0)+IFERROR(COUNTIFS(INDIRECT("'"&$A$24&"'!$G$22:$G$150"),$A32,INDIRECT("'"&$A$24&"'!$S$22:$S$150"),"Pendente"),0)+IFERROR(COUNTIFS(INDIRECT("'"&$A$25&"'!$G$22:$G$150"),$A32,INDIRECT("'"&$A$25&"'!$S$22:$S$150"),"Pendente"),0) -> 48 | O32: =IFERROR(COUNTIFS(INDIRECT("'"&$A$8&"'!$G$22:$G$150"),$A32,INDIRECT("'"&$A$8&"'!$S$22:$S$150"),"Reprovada"),0)+IFERROR(COUNTIFS(INDIRECT("'"&$A$9&"'!$G$22:$G$150"),$A32,INDIRECT("'"&$A$9&"'!$S$22:$S$150"),"Reprovada"),0)+IFERROR(COUNTIFS(INDIRECT("'"&$A$10&"'!$G$22:$G$150"),$A32,INDIRECT("'"&$A$10&"'!$S$22:$S$150"),"Reprovada"),0)+IFERROR(COUNTIFS(INDIRECT("'"&$A$11&"'!$G$22:$G$150"),$A32,INDIRECT("'"&$A$11&"'!$S$22:$S$150"),"Reprovada"),0)+IFERROR(COUNTIFS(INDIRECT("'"&$A$12&"'!$G$22:$G$150"),$A32,INDIRECT("'"&$A$12&"'!$S$22:$S$150"),"Reprovada"),0)+IFERROR(COUNTIFS(INDIRECT("'"&$A$13&"'!$G$22:$G$150"),$A32,INDIRECT("'"&$A$13&"'!$S$22:$S$150"),"Reprovada"),0)+IFERROR(COUNTIFS(INDIRECT("'"&$A$14&"'!$G$22:$G$150"),$A32,INDIRECT("'"&$A$14&"'!$S$22:$S$150"),"Reprovada"),0)+IFERROR(COUNTIFS(INDIRECT("'"&$A$15&"'!$G$22:$G$150"),$A32,INDIRECT("'"&$A$15&"'!$S$22:$S$150"),"Reprovada"),0)+IFERROR(COUNTIFS(INDIRECT("'"&$A$16&"'!$G$22:$G$150"),$A32,INDIRECT("'"&$A$16&"'!$S$22:$S$150"),"Reprovada"),0)+IFERROR(COUNTIFS(INDIRECT("'"&$A$17&"'!$G$22:$G$150"),$A32,INDIRECT("'"&$A$17&"'!$S$22:$S$150"),"Reprovada"),0)+IFERROR(COUNTIFS(INDIRECT("'"&$A$18&"'!$G$22:$G$150"),$A32,INDIRECT("'"&$A$18&"'!$S$22:$S$150"),"Reprovada"),0)+IFERROR(COUNTIFS(INDIRECT("'"&$A$19&"'!$G$22:$G$150"),$A32,INDIRECT("'"&$A$19&"'!$S$22:$S$150"),"Reprovada"),0)+IFERROR(COUNTIFS(INDIRECT("'"&$A$20&"'!$G$22:$G$150"),$A32,INDIRECT("'"&$A$20&"'!$S$22:$S$150"),"Reprovada"),0)+IFERROR(COUNTIFS(INDIRECT("'"&$A$21&"'!$G$22:$G$150"),$A32,INDIRECT("'"&$A$21&"'!$S$22:$S$150"),"Reprovada"),0)+IFERROR(COUNTIFS(INDIRECT("'"&$A$22&"'!$G$22:$G$150"),$A32,INDIRECT("'"&$A$22&"'!$S$22:$S$150"),"Reprovada"),0)+IFERROR(COUNTIFS(INDIRECT("'"&$A$23&"'!$G$22:$G$150"),$A32,INDIRECT("'"&$A$23&"'!$S$22:$S$150"),"Reprovada"),0)+IFERROR(COUNTIFS(INDIRECT("'"&$A$24&"'!$G$22:$G$150"),$A32,INDIRECT("'"&$A$24&"'!$S$22:$S$150"),"Reprovada"),0)+IFERROR(COUNTIFS(INDIRECT("'"&$A$25&"'!$G$22:$G$150"),$A32,INDIRECT("'"&$A$25&"'!$S$22:$S$150"),"Reprovada"),0) -> 0
A34: "Aguard. valid." = entregue e à espera do Aprovado/Reprovado. Análises de erros, absenteísmo e tendências: aba PAINEL.

Sheet CONFIG
A1: CONFIG — EQUIPE, SETORES E PARÂMETROS
A3: 1 · EQUIPE (usada nas fórmulas e nos e-mails do script)
A4: PAPEL | B4: NOME | C4: E-MAIL
A5: Coordenador · Turno A (manhã) | B5: (preencha o nome) | C5: turnoA@bartofil.com.br
A6: Coordenador · Turno B (tarde) | B6: (preencha o nome) | C6: turnoB@bartofil.com.br
A7: Coordenador · Turno C (noite) | B7: (preencha o nome) | C7: turnoC@bartofil.com.br
A8: Gerente de Logística | B8: (preencha o nome) | C8: gerente@bartofil.com.br
A9: Administrador da planilha | B9: Hércules | C9: hercules@bartofil.com.br
A11: 2 · SETORES DO CD (lista do campo 'Setor' e das ocorrências) | C11: 3 · PARÂMETROS DO SCRIPT
A12: Recebimento | C12: Janela de "próximos prazos" no e-mail matinal (dias) | D12: 7
A13: Conferência | C13: Copiar a gestão no digesto após atraso de (dias) | D13: 2
A14: Armazenagem / Porta-paletes | C14: E-mail em cópia (opcional)
A15: Separação (Picking) | C15: Pasta do Drive p/ entregas (o script cria e preenche)
A16: Reposição | C16: E-mail da diretoria p/ relatório mensal (opcional)
A17: Expedição
A18: Carregamento / Docas
A19: Devolução / Avarias
A20: Inventário
A21: Manutenção
A22: Pátio / Área externa
A23: Administrativo do CD
A41: Células em amarelo são editáveis. NÃO mova linhas/colunas desta aba: o script lê B5:C9, D12:D16 e A12:A40 (setores — só nomes de setor nessa faixa).
A42: Para editar setores, SOBRESCREVA ou LIMPE células (Delete). Não exclua linhas — se o menu suspenso quebrar, use GSL Bartofil > Reaplicar lista de setores.

Sheet JUL 2026
A1: 07 · JULHO 2026 — CALENDÁRIO OPERACIONAL | X1: 46204
X2: JUL
A3: =IF((COUNTIF($S$22:$S$143,"Aprovada")+COUNTIF($S$22:$S$143,"Entregue")+COUNTIF($S$22:$S$143,"Pendente")+COUNTIF($S$22:$S$143,"Atrasada")+COUNTIF($S$22:$S$143,"Reprovada"))=0,"",IF(COUNTIF($S$22:$S$143,"Aprovada")=(COUNTIF($S$22:$S$143,"Aprovada")+COUNTIF($S$22:$S$143,"Entregue")+COUNTIF($S$22:$S$143,"Pendente")+COUNTIF($S$22:$S$143,"Atrasada")+COUNTIF($S$22:$S$143,"Reprovada")),"MÊS CONCLUÍDO — todas as atividades aprovadas","EM ANDAMENTO — "&COUNTIF($S$22:$S$143,"Aprovada")&" de "&(COUNTIF($S$22:$S$143,"Aprovada")+COUNTIF($S$22:$S$143,"Entregue")+COUNTIF($S$22:$S$143,"Pendente")+COUNTIF($S$22:$S$143,"Atrasada")+COUNTIF($S$22:$S$143,"Reprovada"))&" atividades aprovadas · "&COUNTIF($S$22:$S$143,"Atrasada")&" em atraso")) -> EM ANDAMENTO — 0 de 39 atividades aprovadas · 39 em atraso
B5: DOM | D5: SEG | F5: TER | H5: QUA | J5: QUI | L5: SEX | N5: SÁB
B6: =IF(MONTH($X$1-WEEKDAY($X$1)+1+0)=MONTH($X$1),$X$1-WEEKDAY($X$1)+1+0,"") | D6: =IF(MONTH($X$1-WEEKDAY($X$1)+1+1)=MONTH($X$1),$X$1-WEEKDAY($X$1)+1+1,"") | F6: =IF(MONTH($X$1-WEEKDAY($X$1)+1+2)=MONTH($X$1),$X$1-WEEKDAY($X$1)+1+2,"") | H6: =IF(MONTH($X$1-WEEKDAY($X$1)+1+3)=MONTH($X$1),$X$1-WEEKDAY($X$1)+1+3,"") -> 46204 | J6: =IF(MONTH($X$1-WEEKDAY($X$1)+1+4)=MONTH($X$1),$X$1-WEEKDAY($X$1)+1+4,"") -> 46205 | L6: =IF(MONTH($X$1-WEEKDAY($X$1)+1+5)=MONTH($X$1),$X$1-WEEKDAY($X$1)+1+5,"") -> 46206 | N6: =IF(MONTH($X$1-WEEKDAY($X$1)+1+6)=MONTH($X$1),$X$1-WEEKDAY($X$1)+1+6,"") -> 46207
B7: =IF(B6="","",TRIM(IF(COUNTIFS($C$22:$C$143,B6,$D$22:$D$143,"*Vistoria*",$Q$22:$Q$143,"<>Cancelada")>0,"Vistoria ","")&IF(COUNTIFS($C$22:$C$143,B6,$D$22:$D$143,"*Relatório*",$Q$22:$Q$143,"<>Cancelada")>0,"Relatório ","")&IF(COUNTIFS($C$22:$C$143,B6,$D$22:$D$143,"*Reunião*",$Q$22:$Q$143,"<>Cancelada")>0,"REUNIÃO ","")&IF(COUNTIFS($C$22:$C$143,B6,$D$22:$D$143,"*Férias*",$Q$22:$Q$143,"<>Cancelada")>0,"Férias ","")&IF(COUNTIFS($C$22:$C$143,B6,$D$22:$D$143,"*Mudança*",$Q$22:$Q$143,"<>Cancelada")>0,"M.Função ","")&IF(COUNTIFS($C$22:$C$143,B6,$D$22:$D$143,"*Treinamento*",$Q$22:$Q$143,"<>Cancelada")>0,"Trein. ",""))) | D7: =IF(D6="","",TRIM(IF(COUNTIFS($C$22:$C$143,D6,$D$22:$D$143,"*Vistoria*",$Q$22:$Q$143,"<>Cancelada")>0,"Vistoria ","")&IF(COUNTIFS($C$22:$C$143,D6,$D$22:$D$143,"*Relatório*",$Q$22:$Q$143,"<>Cancelada")>0,"Relatório ","")&IF(COUNTIFS($C$22:$C$143,D6,$D$22:$D$143,"*Reunião*",$Q$22:$Q$143,"<>Cancelada")>0,"REUNIÃO ","")&IF(COUNTIFS($C$22:$C$143,D6,$D$22:$D$143,"*Férias*",$Q$22:$Q$143,"<>Cancelada")>0,"Férias ","")&IF(COUNTIFS($C$22:$C$143,D6,$D$22:$D$143,"*Mudança*",$Q$22:$Q$143,"<>Cancelada")>0,"M.Função ","")&IF(COUNTIFS($C$22:$C$143,D6,$D$22:$D$143,"*Treinamento*",$Q$22:$Q$143,"<>Cancelada")>0,"Trein. ",""))) | F7: =IF(F6="","",TRIM(IF(COUNTIFS($C$22:$C$143,F6,$D$22:$D$143,"*Vistoria*",$Q$22:$Q$143,"<>Cancelada")>0,"Vistoria ","")&IF(COUNTIFS($C$22:$C$143,F6,$D$22:$D$143,"*Relatório*",$Q$22:$Q$143,"<>Cancelada")>0,"Relatório ","")&IF(COUNTIFS($C$22:$C$143,F6,$D$22:$D$143,"*Reunião*",$Q$22:$Q$143,"<>Cancelada")>0,"REUNIÃO ","")&IF(COUNTIFS($C$22:$C$143,F6,$D$22:$D$143,"*Férias*",$Q$22:$Q$143,"<>Cancelada")>0,"Férias ","")&IF(COUNTIFS($C$22:$C$143,F6,$D$22:$D$143,"*Mudança*",$Q$22:$Q$143,"<>Cancelada")>0,"M.Função ","")&IF(COUNTIFS($C$22:$C$143,F6,$D$22:$D$143,"*Treinamento*",$Q$22:$Q$143,"<>Cancelada")>0,"Trein. ",""))) | H7: =IF(H6="","",TRIM(IF(COUNTIFS($C$22:$C$143,H6,$D$22:$D$143,"*Vistoria*",$Q$22:$Q$143,"<>Cancelada")>0,"Vistoria ","")&IF(COUNTIFS($C$22:$C$143,H6,$D$22:$D$143,"*Relatório*",$Q$22:$Q$143,"<>Cancelada")>0,"Relatório ","")&IF(COUNTIFS($C$22:$C$143,H6,$D$22:$D$143,"*Reunião*",$Q$22:$Q$143,"<>Cancelada")>0,"REUNIÃO ","")&IF(COUNTIFS($C$22:$C$143,H6,$D$22:$D$143,"*Férias*",$Q$22:$Q$143,"<>Cancelada")>0,"Férias ","")&IF(COUNTIFS($C$22:$C$143,H6,$D$22:$D$143,"*Mudança*",$Q$22:$Q$143,"<>Cancelada")>0,"M.Função ","")&IF(COUNTIFS($C$22:$C$143,H6,$D$22:$D$143,"*Treinamento*",$Q$22:$Q$143,"<>Cancelada")>0,"Trein. ",""))) -> Vistoria | J7: =IF(J6="","",TRIM(IF(COUNTIFS($C$22:$C$143,J6,$D$22:$D$143,"*Vistoria*",$Q$22:$Q$143,"<>Cancelada")>0,"Vistoria ","")&IF(COUNTIFS($C$22:$C$143,J6,$D$22:$D$143,"*Relatório*",$Q$22:$Q$143,"<>Cancelada")>0,"Relatório ","")&IF(COUNTIFS($C$22:$C$143,J6,$D$22:$D$143,"*Reunião*",$Q$22:$Q$143,"<>Cancelada")>0,"REUNIÃO ","")&IF(COUNTIFS($C$22:$C$143,J6,$D$22:$D$143,"*Férias*",$Q$22:$Q$143,"<>Cancelada")>0,"Férias ","")&IF(COUNTIFS($C$22:$C$143,J6,$D$22:$D$143,"*Mudança*",$Q$22:$Q$143,"<>Cancelada")>0,"M.Função ","")&IF(COUNTIFS($C$22:$C$143,J6,$D$22:$D$143,"*Treinamento*",$Q$22:$Q$143,"<>Cancelada")>0,"Trein. ",""))) -> Relatório | L7: =IF(L6="","",TRIM(IF(COUNTIFS($C$22:$C$143,L6,$D$22:$D$143,"*Vistoria*",$Q$22:$Q$143,"<>Cancelada")>0,"Vistoria ","")&IF(COUNTIFS($C$22:$C$143,L6,$D$22:$D$143,"*Relatório*",$Q$22:$Q$143,"<>Cancelada")>0,"Relatório ","")&IF(COUNTIFS($C$22:$C$143,L6,$D$22:$D$143,"*Reunião*",$Q$22:$Q$143,"<>Cancelada")>0,"REUNIÃO ","")&IF(COUNTIFS($C$22:$C$143,L6,$D$22:$D$143,"*Férias*",$Q$22:$Q$143,"<>Cancelada")>0,"Férias ","")&IF(COUNTIFS($C$22:$C$143,L6,$D$22:$D$143,"*Mudança*",$Q$22:$Q$143,"<>Cancelada")>0,"M.Função ","")&IF(COUNTIFS($C$22:$C$143,L6,$D$22:$D$143,"*Treinamento*",$Q$22:$Q$143,"<>Cancelada")>0,"Trein. ",""))) -> REUNIÃO | N7: =IF(N6="","",TRIM(IF(COUNTIFS($C$22:$C$143,N6,$D$22:$D$143,"*Vistoria*",$Q$22:$Q$143,"<>Cancelada")>0,"Vistoria ","")&IF(COUNTIFS($C$22:$C$143,N6,$D$22:$D$143,"*Relatório*",$Q$22:$Q$143,"<>Cancelada")>0,"Relatório ","")&IF(COUNTIFS($C$22:$C$143,N6,$D$22:$D$143,"*Reunião*",$Q$22:$Q$143,"<>Cancelada")>0,"REUNIÃO ","")&IF(COUNTIFS($C$22:$C$143,N6,$D$22:$D$143,"*Férias*",$Q$22:$Q$143,"<>Cancelada")>0,"Férias ","")&IF(COUNTIFS($C$22:$C$143,N6,$D$22:$D$143,"*Mudança*",$Q$22:$Q$143,"<>Cancelada")>0,"M.Função ","")&IF(COUNTIFS($C$22:$C$143,N6,$D$22:$D$143,"*Treinamento*",$Q$22:$Q$143,"<>Cancelada")>0,"Trein. ","")))
B8: =IF(MONTH($X$1-WEEKDAY($X$1)+1+7)=MONTH($X$1),$X$1-WEEKDAY($X$1)+1+7,"") -> 46208 | D8: =IF(MONTH($X$1-WEEKDAY($X$1)+1+8)=MONTH($X$1),$X$1-WEEKDAY($X$1)+1+8,"") -> 46209 | F8: =IF(MONTH($X$1-WEEKDAY($X$1)+1+9)=MONTH($X$1),$X$1-WEEKDAY($X$1)+1+9,"") -> 46210 | H8: =IF(MONTH($X$1-WEEKDAY($X$1)+1+10)=MONTH($X$1),$X$1-WEEKDAY($X$1)+1+10,"") -> 46211 | J8: =IF(MONTH($X$1-WEEKDAY($X$1)+1+11)=MONTH($X$1),$X$1-WEEKDAY($X$1)+1+11,"") -> 46212 | L8: =IF(MONTH($X$1-WEEKDAY($X$1)+1+12)=MONTH($X$1),$X$1-WEEKDAY($X$1)+1+12,"") -> 46213 | N8: =IF(MONTH($X$1-WEEKDAY($X$1)+1+13)=MONTH($X$1),$X$1-WEEKDAY($X$1)+1+13,"") -> 46214
B9: =IF(B8="","",TRIM(IF(COUNTIFS($C$22:$C$143,B8,$D$22:$D$143,"*Vistoria*",$Q$22:$Q$143,"<>Cancelada")>0,"Vistoria ","")&IF(COUNTIFS($C$22:$C$143,B8,$D$22:$D$143,"*Relatório*",$Q$22:$Q$143,"<>Cancelada")>0,"Relatório ","")&IF(COUNTIFS($C$22:$C$143,B8,$D$22:$D$143,"*Reunião*",$Q$22:$Q$143,"<>Cancelada")>0,"REUNIÃO ","")&IF(COUNTIFS($C$22:$C$143,B8,$D$22:$D$143,"*Férias*",$Q$22:$Q$143,"<>Cancelada")>0,"Férias ","")&IF(COUNTIFS($C$22:$C$143,B8,$D$22:$D$143,"*Mudança*",$Q$22:$Q$143,"<>Cancelada")>0,"M.Função ","")&IF(COUNTIFS($C$22:$C$143,B8,$D$22:$D$143,"*Treinamento*",$Q$22:$Q$143,"<>Cancelada")>0,"Trein. ",""))) | D9: =IF(D8="","",TRIM(IF(COUNTIFS($C$22:$C$143,D8,$D$22:$D$143,"*Vistoria*",$Q$22:$Q$143,"<>Cancelada")>0,"Vistoria ","")&IF(COUNTIFS($C$22:$C$143,D8,$D$22:$D$143,"*Relatório*",$Q$22:$Q$143,"<>Cancelada")>0,"Relatório ","")&IF(COUNTIFS($C$22:$C$143,D8,$D$22:$D$143,"*Reunião*",$Q$22:$Q$143,"<>Cancelada")>0,"REUNIÃO ","")&IF(COUNTIFS($C$22:$C$143,D8,$D$22:$D$143,"*Férias*",$Q$22:$Q$143,"<>Cancelada")>0,"Férias ","")&IF(COUNTIFS($C$22:$C$143,D8,$D$22:$D$143,"*Mudança*",$Q$22:$Q$143,"<>Cancelada")>0,"M.Função ","")&IF(COUNTIFS($C$22:$C$143,D8,$D$22:$D$143,"*Treinamento*",$Q$22:$Q$143,"<>Cancelada")>0,"Trein. ",""))) -> Férias | F9: =IF(F8="","",TRIM(IF(COUNTIFS($C$22:$C$143,F8,$D$22:$D$143,"*Vistoria*",$Q$22:$Q$143,"<>Cancelada")>0,"Vistoria ","")&IF(COUNTIFS($C$22:$C$143,F8,$D$22:$D$143,"*Relatório*",$Q$22:$Q$143,"<>Cancelada")>0,"Relatório ","")&IF(COUNTIFS($C$22:$C$143,F8,$D$22:$D$143,"*Reunião*",$Q$22:$Q$143,"<>Cancelada")>0,"REUNIÃO ","")&IF(COUNTIFS($C$22:$C$143,F8,$D$22:$D$143,"*Férias*",$Q$22:$Q$143,"<>Cancelada")>0,"Férias ","")&IF(COUNTIFS($C$22:$C$143,F8,$D$22:$D$143,"*Mudança*",$Q$22:$Q$143,"<>Cancelada")>0,"M.Função ","")&IF(COUNTIFS($C$22:$C$143,F8,$D$22:$D$143,"*Treinamento*",$Q$22:$Q$143,"<>Cancelada")>0,"Trein. ",""))) | H9: =IF(H8="","",TRIM(IF(COUNTIFS($C$22:$C$143,H8,$D$22:$D$143,"*Vistoria*",$Q$22:$Q$143,"<>Cancelada")>0,"Vistoria ","")&IF(COUNTIFS($C$22:$C$143,H8,$D$22:$D$143,"*Relatório*",$Q$22:$Q$143,"<>Cancelada")>0,"Relatório ","")&IF(COUNTIFS($C$22:$C$143,H8,$D$22:$D$143,"*Reunião*",$Q$22:$Q$143,"<>Cancelada")>0,"REUNIÃO ","")&IF(COUNTIFS($C$22:$C$143,H8,$D$22:$D$143,"*Férias*",$Q$22:$Q$143,"<>Cancelada")>0,"Férias ","")&IF(COUNTIFS($C$22:$C$143,H8,$D$22:$D$143,"*Mudança*",$Q$22:$Q$143,"<>Cancelada")>0,"M.Função ","")&IF(COUNTIFS($C$22:$C$143,H8,$D$22:$D$143,"*Treinamento*",$Q$22:$Q$143,"<>Cancelada")>0,"Trein. ",""))) -> Vistoria | J9: =IF(J8="","",TRIM(IF(COUNTIFS($C$22:$C$143,J8,$D$22:$D$143,"*Vistoria*",$Q$22:$Q$143,"<>Cancelada")>0,"Vistoria ","")&IF(COUNTIFS($C$22:$C$143,J8,$D$22:$D$143,"*Relatório*",$Q$22:$Q$143,"<>Cancelada")>0,"Relatório ","")&IF(COUNTIFS($C$22:$C$143,J8,$D$22:$D$143,"*Reunião*",$Q$22:$Q$143,"<>Cancelada")>0,"REUNIÃO ","")&IF(COUNTIFS($C$22:$C$143,J8,$D$22:$D$143,"*Férias*",$Q$22:$Q$143,"<>Cancelada")>0,"Férias ","")&IF(COUNTIFS($C$22:$C$143,J8,$D$22:$D$143,"*Mudança*",$Q$22:$Q$143,"<>Cancelada")>0,"M.Função ","")&IF(COUNTIFS($C$22:$C$143,J8,$D$22:$D$143,"*Treinamento*",$Q$22:$Q$143,"<>Cancelada")>0,"Trein. ",""))) -> Relatório | L9: =IF(L8="","",TRIM(IF(COUNTIFS($C$22:$C$143,L8,$D$22:$D$143,"*Vistoria*",$Q$22:$Q$143,"<>Cancelada")>0,"Vistoria ","")&IF(COUNTIFS($C$22:$C$143,L8,$D$22:$D$143,"*Relatório*",$Q$22:$Q$143,"<>Cancelada")>0,"Relatório ","")&IF(COUNTIFS($C$22:$C$143,L8,$D$22:$D$143,"*Reunião*",$Q$22:$Q$143,"<>Cancelada")>0,"REUNIÃO ","")&IF(COUNTIFS($C$22:$C$143,L8,$D$22:$D$143,"*Férias*",$Q$22:$Q$143,"<>Cancelada")>0,"Férias ","")&IF(COUNTIFS($C$22:$C$143,L8,$D$22:$D$143,"*Mudança*",$Q$22:$Q$143,"<>Cancelada")>0,"M.Função ","")&IF(COUNTIFS($C$22:$C$143,L8,$D$22:$D$143,"*Treinamento*",$Q$22:$Q$143,"<>Cancelada")>0,"Trein. ",""))) -> REUNIÃO | N9: =IF(N8="","",TRIM(IF(COUNTIFS($C$22:$C$143,N8,$D$22:$D$143,"*Vistoria*",$Q$22:$Q$143,"<>Cancelada")>0,"Vistoria ","")&IF(COUNTIFS($C$22:$C$143,N8,$D$22:$D$143,"*Relatório*",$Q$22:$Q$143,"<>Cancelada")>0,"Relatório ","")&IF(COUNTIFS($C$22:$C$143,N8,$D$22:$D$143,"*Reunião*",$Q$22:$Q$143,"<>Cancelada")>0,"REUNIÃO ","")&IF(COUNTIFS($C$22:$C$143,N8,$D$22:$D$143,"*Férias*",$Q$22:$Q$143,"<>Cancelada")>0,"Férias ","")&IF(COUNTIFS($C$22:$C$143,N8,$D$22:$D$143,"*Mudança*",$Q$22:$Q$143,"<>Cancelada")>0,"M.Função ","")&IF(COUNTIFS($C$22:$C$143,N8,$D$22:$D$143,"*Treinamento*",$Q$22:$Q$143,"<>Cancelada")>0,"Trein. ","")))
B10: =IF(MONTH($X$1-WEEKDAY($X$1)+1+14)=MONTH($X$1),$X$1-WEEKDAY($X$1)+1+14,"") -> 46215 | D10: =IF(MONTH($X$1-WEEKDAY($X$1)+1+15)=MONTH($X$1),$X$1-WEEKDAY($X$1)+1+15,"") -> 46216 | F10: =IF(MONTH($X$1-WEEKDAY($X$1)+1+16)=MONTH($X$1),$X$1-WEEKDAY($X$1)+1+16,"") -> 46217 | H10: =IF(MONTH($X$1-WEEKDAY($X$1)+1+17)=MONTH($X$1),$X$1-WEEKDAY($X$1)+1+17,"") -> 46218 | J10: =IF(MONTH($X$1-WEEKDAY($X$1)+1+18)=MONTH($X$1),$X$1-WEEKDAY($X$1)+1+18,"") -> 46219 | L10: =IF(MONTH($X$1-WEEKDAY($X$1)+1+19)=MONTH($X$1),$X$1-WEEKDAY($X$1)+1+19,"") -> 46220 | N10: =IF(MONTH($X$1-WEEKDAY($X$1)+1+20)=MONTH($X$1),$X$1-WEEKDAY($X$1)+1+20,"") -> 46221
B11: =IF(B10="","",TRIM(IF(COUNTIFS($C$22:$C$143,B10,$D$22:$D$143,"*Vistoria*",$Q$22:$Q$143,"<>Cancelada")>0,"Vistoria ","")&IF(COUNTIFS($C$22:$C$143,B10,$D$22:$D$143,"*Relatório*",$Q$22:$Q$143,"<>Cancelada")>0,"Relatório ","")&IF(COUNTIFS($C$22:$C$143,B10,$D$22:$D$143,"*Reunião*",$Q$22:$Q$143,"<>Cancelada")>0,"REUNIÃO ","")&IF(COUNTIFS($C$22:$C$143,B10,$D$22:$D$143,"*Férias*",$Q$22:$Q$143,"<>Cancelada")>0,"Férias ","")&IF(COUNTIFS($C$22:$C$143,B10,$D$22:$D$143,"*Mudança*",$Q$22:$Q$143,"<>Cancelada")>0,"M.Função ","")&IF(COUNTIFS($C$22:$C$143,B10,$D$22:$D$143,"*Treinamento*",$Q$22:$Q$143,"<>Cancelada")>0,"Trein. ",""))) | D11: =IF(D10="","",TRIM(IF(COUNTIFS($C$22:$C$143,D10,$D$22:$D$143,"*Vistoria*",$Q$22:$Q$143,"<>Cancelada")>0,"Vistoria ","")&IF(COUNTIFS($C$22:$C$143,D10,$D$22:$D$143,"*Relatório*",$Q$22:$Q$143,"<>Cancelada")>0,"Relatório ","")&IF(COUNTIFS($C$22:$C$143,D10,$D$22:$D$143,"*Reunião*",$Q$22:$Q$143,"<>Cancelada")>0,"REUNIÃO ","")&IF(COUNTIFS($C$22:$C$143,D10,$D$22:$D$143,"*Férias*",$Q$22:$Q$143,"<>Cancelada")>0,"Férias ","")&IF(COUNTIFS($C$22:$C$143,D10,$D$22:$D$143,"*Mudança*",$Q$22:$Q$143,"<>Cancelada")>0,"M.Função ","")&IF(COUNTIFS($C$22:$C$143,D10,$D$22:$D$143,"*Treinamento*",$Q$22:$Q$143,"<>Cancelada")>0,"Trein. ",""))) | F11: =IF(F10="","",TRIM(IF(COUNTIFS($C$22:$C$143,F10,$D$22:$D$143,"*Vistoria*",$Q$22:$Q$143,"<>Cancelada")>0,"Vistoria ","")&IF(COUNTIFS($C$22:$C$143,F10,$D$22:$D$143,"*Relatório*",$Q$22:$Q$143,"<>Cancelada")>0,"Relatório ","")&IF(COUNTIFS($C$22:$C$143,F10,$D$22:$D$143,"*Reunião*",$Q$22:$Q$143,"<>Cancelada")>0,"REUNIÃO ","")&IF(COUNTIFS($C$22:$C$143,F10,$D$22:$D$143,"*Férias*",$Q$22:$Q$143,"<>Cancelada")>0,"Férias ","")&IF(COUNTIFS($C$22:$C$143,F10,$D$22:$D$143,"*Mudança*",$Q$22:$Q$143,"<>Cancelada")>0,"M.Função ","")&IF(COUNTIFS($C$22:$C$143,F10,$D$22:$D$143,"*Treinamento*",$Q$22:$Q$143,"<>Cancelada")>0,"Trein. ",""))) | H11: =IF(H10="","",TRIM(IF(COUNTIFS($C$22:$C$143,H10,$D$22:$D$143,"*Vistoria*",$Q$22:$Q$143,"<>Cancelada")>0,"Vistoria ","")&IF(COUNTIFS($C$22:$C$143,H10,$D$22:$D$143,"*Relatório*",$Q$22:$Q$143,"<>Cancelada")>0,"Relatório ","")&IF(COUNTIFS($C$22:$C$143,H10,$D$22:$D$143,"*Reunião*",$Q$22:$Q$143,"<>Cancelada")>0,"REUNIÃO ","")&IF(COUNTIFS($C$22:$C$143,H10,$D$22:$D$143,"*Férias*",$Q$22:$Q$143,"<>Cancelada")>0,"Férias ","")&IF(COUNTIFS($C$22:$C$143,H10,$D$22:$D$143,"*Mudança*",$Q$22:$Q$143,"<>Cancelada")>0,"M.Função ","")&IF(COUNTIFS($C$22:$C$143,H10,$D$22:$D$143,"*Treinamento*",$Q$22:$Q$143,"<>Cancelada")>0,"Trein. ",""))) -> Vistoria | J11: =IF(J10="","",TRIM(IF(COUNTIFS($C$22:$C$143,J10,$D$22:$D$143,"*Vistoria*",$Q$22:$Q$143,"<>Cancelada")>0,"Vistoria ","")&IF(COUNTIFS($C$22:$C$143,J10,$D$22:$D$143,"*Relatório*",$Q$22:$Q$143,"<>Cancelada")>0,"Relatório ","")&IF(COUNTIFS($C$22:$C$143,J10,$D$22:$D$143,"*Reunião*",$Q$22:$Q$143,"<>Cancelada")>0,"REUNIÃO ","")&IF(COUNTIFS($C$22:$C$143,J10,$D$22:$D$143,"*Férias*",$Q$22:$Q$143,"<>Cancelada")>0,"Férias ","")&IF(COUNTIFS($C$22:$C$143,J10,$D$22:$D$143,"*Mudança*",$Q$22:$Q$143,"<>Cancelada")>0,"M.Função ","")&IF(COUNTIFS($C$22:$C$143,J10,$D$22:$D$143,"*Treinamento*",$Q$22:$Q$143,"<>Cancelada")>0,"Trein. ",""))) -> Relatório | L11: =IF(L10="","",TRIM(IF(COUNTIFS($C$22:$C$143,L10,$D$22:$D$143,"*Vistoria*",$Q$22:$Q$143,"<>Cancelada")>0,"Vistoria ","")&IF(COUNTIFS($C$22:$C$143,L10,$D$22:$D$143,"*Relatório*",$Q$22:$Q$143,"<>Cancelada")>0,"Relatório ","")&IF(COUNTIFS($C$22:$C$143,L10,$D$22:$D$143,"*Reunião*",$Q$22:$Q$143,"<>Cancelada")>0,"REUNIÃO ","")&IF(COUNTIFS($C$22:$C$143,L10,$D$22:$D$143,"*Férias*",$Q$22:$Q$143,"<>Cancelada")>0,"Férias ","")&IF(COUNTIFS($C$22:$C$143,L10,$D$22:$D$143,"*Mudança*",$Q$22:$Q$143,"<>Cancelada")>0,"M.Função ","")&IF(COUNTIFS($C$22:$C$143,L10,$D$22:$D$143,"*Treinamento*",$Q$22:$Q$143,"<>Cancelada")>0,"Trein. ",""))) -> REUNIÃO | N11: =IF(N10="","",TRIM(IF(COUNTIFS($C$22:$C$143,N10,$D$22:$D$143,"*Vistoria*",$Q$22:$Q$143,"<>Cancelada")>0,"Vistoria ","")&IF(COUNTIFS($C$22:$C$143,N10,$D$22:$D$143,"*Relatório*",$Q$22:$Q$143,"<>Cancelada")>0,"Relatório ","")&IF(COUNTIFS($C$22:$C$143,N10,$D$22:$D$143,"*Reunião*",$Q$22:$Q$143,"<>Cancelada")>0,"REUNIÃO ","")&IF(COUNTIFS($C$22:$C$143,N10,$D$22:$D$143,"*Férias*",$Q$22:$Q$143,"<>Cancelada")>0,"Férias ","")&IF(COUNTIFS($C$22:$C$143,N10,$D$22:$D$143,"*Mudança*",$Q$22:$Q$143,"<>Cancelada")>0,"M.Função ","")&IF(COUNTIFS($C$22:$C$143,N10,$D$22:$D$143,"*Treinamento*",$Q$22:$Q$143,"<>Cancelada")>0,"Trein. ","")))
B12: =IF(MONTH($X$1-WEEKDAY($X$1)+1+21)=MONTH($X$1),$X$1-WEEKDAY($X$1)+1+21,"") -> 46222 | D12: =IF(MONTH($X$1-WEEKDAY($X$1)+1+22)=MONTH($X$1),$X$1-WEEKDAY($X$1)+1+22,"") -> 46223 | F12: =IF(MONTH($X$1-WEEKDAY($X$1)+1+23)=MONTH($X$1),$X$1-WEEKDAY($X$1)+1+23,"") -> 46224 | H12: =IF(MONTH($X$1-WEEKDAY($X$1)+1+24)=MONTH($X$1),$X$1-WEEKDAY($X$1)+1+24,"") -> 46225 | J12: =IF(MONTH($X$1-WEEKDAY($X$1)+1+25)=MONTH($X$1),$X$1-WEEKDAY($X$1)+1+25,"") -> 46226 | L12: =IF(MONTH($X$1-WEEKDAY($X$1)+1+26)=MONTH($X$1),$X$1-WEEKDAY($X$1)+1+26,"") -> 46227 | N12: =IF(MONTH($X$1-WEEKDAY($X$1)+1+27)=MONTH($X$1),$X$1-WEEKDAY($X$1)+1+27,"") -> 46228
B13: =IF(B12="","",TRIM(IF(COUNTIFS($C$22:$C$143,B12,$D$22:$D$143,"*Vistoria*",$Q$22:$Q$143,"<>Cancelada")>0,"Vistoria ","")&IF(COUNTIFS($C$22:$C$143,B12,$D$22:$D$143,"*Relatório*",$Q$22:$Q$143,"<>Cancelada")>0,"Relatório ","")&IF(COUNTIFS($C$22:$C$143,B12,$D$22:$D$143,"*Reunião*",$Q$22:$Q$143,"<>Cancelada")>0,"REUNIÃO ","")&IF(COUNTIFS($C$22:$C$143,B12,$D$22:$D$143,"*Férias*",$Q$22:$Q$143,"<>Cancelada")>0,"Férias ","")&IF(COUNTIFS($C$22:$C$143,B12,$D$22:$D$143,"*Mudança*",$Q$22:$Q$143,"<>Cancelada")>0,"M.Função ","")&IF(COUNTIFS($C$22:$C$143,B12,$D$22:$D$143,"*Treinamento*",$Q$22:$Q$143,"<>Cancelada")>0,"Trein. ",""))) | D13: =IF(D12="","",TRIM(IF(COUNTIFS($C$22:$C$143,D12,$D$22:$D$143,"*Vistoria*",$Q$22:$Q$143,"<>Cancelada")>0,"Vistoria ","")&IF(COUNTIFS($C$22:$C$143,D12,$D$22:$D$143,"*Relatório*",$Q$22:$Q$143,"<>Cancelada")>0,"Relatório ","")&IF(COUNTIFS($C$22:$C$143,D12,$D$22:$D$143,"*Reunião*",$Q$22:$Q$143,"<>Cancelada")>0,"REUNIÃO ","")&IF(COUNTIFS($C$22:$C$143,D12,$D$22:$D$143,"*Férias*",$Q$22:$Q$143,"<>Cancelada")>0,"Férias ","")&IF(COUNTIFS($C$22:$C$143,D12,$D$22:$D$143,"*Mudança*",$Q$22:$Q$143,"<>Cancelada")>0,"M.Função ","")&IF(COUNTIFS($C$22:$C$143,D12,$D$22:$D$143,"*Treinamento*",$Q$22:$Q$143,"<>Cancelada")>0,"Trein. ",""))) | F13: =IF(F12="","",TRIM(IF(COUNTIFS($C$22:$C$143,F12,$D$22:$D$143,"*Vistoria*",$Q$22:$Q$143,"<>Cancelada")>0,"Vistoria ","")&IF(COUNTIFS($C$22:$C$143,F12,$D$22:$D$143,"*Relatório*",$Q$22:$Q$143,"<>Cancelada")>0,"Relatório ","")&IF(COUNTIFS($C$22:$C$143,F12,$D$22:$D$143,"*Reunião*",$Q$22:$Q$143,"<>Cancelada")>0,"REUNIÃO ","")&IF(COUNTIFS($C$22:$C$143,F12,$D$22:$D$143,"*Férias*",$Q$22:$Q$143,"<>Cancelada")>0,"Férias ","")&IF(COUNTIFS($C$22:$C$143,F12,$D$22:$D$143,"*Mudança*",$Q$22:$Q$143,"<>Cancelada")>0,"M.Função ","")&IF(COUNTIFS($C$22:$C$143,F12,$D$22:$D$143,"*Treinamento*",$Q$22:$Q$143,"<>Cancelada")>0,"Trein. ",""))) | H13: =IF(H12="","",TRIM(IF(COUNTIFS($C$22:$C$143,H12,$D$22:$D$143,"*Vistoria*",$Q$22:$Q$143,"<>Cancelada")>0,"Vistoria ","")&IF(COUNTIFS($C$22:$C$143,H12,$D$22:$D$143,"*Relatório*",$Q$22:$Q$143,"<>Cancelada")>0,"Relatório ","")&IF(COUNTIFS($C$22:$C$143,H12,$D$22:$D$143,"*Reunião*",$Q$22:$Q$143,"<>Cancelada")>0,"REUNIÃO ","")&IF(COUNTIFS($C$22:$C$143,H12,$D$22:$D$143,"*Férias*",$Q$22:$Q$143,"<>Cancelada")>0,"Férias ","")&IF(COUNTIFS($C$22:$C$143,H12,$D$22:$D$143,"*Mudança*",$Q$22:$Q$143,"<>Cancelada")>0,"M.Função ","")&IF(COUNTIFS($C$22:$C$143,H12,$D$22:$D$143,"*Treinamento*",$Q$22:$Q$143,"<>Cancelada")>0,"Trein. ",""))) -> Vistoria | J13: =IF(J12="","",TRIM(IF(COUNTIFS($C$22:$C$143,J12,$D$22:$D$143,"*Vistoria*",$Q$22:$Q$143,"<>Cancelada")>0,"Vistoria ","")&IF(COUNTIFS($C$22:$C$143,J12,$D$22:$D$143,"*Relatório*",$Q$22:$Q$143,"<>Cancelada")>0,"Relatório ","")&IF(COUNTIFS($C$22:$C$143,J12,$D$22:$D$143,"*Reunião*",$Q$22:$Q$143,"<>Cancelada")>0,"REUNIÃO ","")&IF(COUNTIFS($C$22:$C$143,J12,$D$22:$D$143,"*Férias*",$Q$22:$Q$143,"<>Cancelada")>0,"Férias ","")&IF(COUNTIFS($C$22:$C$143,J12,$D$22:$D$143,"*Mudança*",$Q$22:$Q$143,"<>Cancelada")>0,"M.Função ","")&IF(COUNTIFS($C$22:$C$143,J12,$D$22:$D$143,"*Treinamento*",$Q$22:$Q$143,"<>Cancelada")>0,"Trein. ",""))) -> Relatório | L13: =IF(L12="","",TRIM(IF(COUNTIFS($C$22:$C$143,L12,$D$22:$D$143,"*Vistoria*",$Q$22:$Q$143,"<>Cancelada")>0,"Vistoria ","")&IF(COUNTIFS($C$22:$C$143,L12,$D$22:$D$143,"*Relatório*",$Q$22:$Q$143,"<>Cancelada")>0,"Relatório ","")&IF(COUNTIFS($C$22:$C$143,L12,$D$22:$D$143,"*Reunião*",$Q$22:$Q$143,"<>Cancelada")>0,"REUNIÃO ","")&IF(COUNTIFS($C$22:$C$143,L12,$D$22:$D$143,"*Férias*",$Q$22:$Q$143,"<>Cancelada")>0,"Férias ","")&IF(COUNTIFS($C$22:$C$143,L12,$D$22:$D$143,"*Mudança*",$Q$22:$Q$143,"<>Cancelada")>0,"M.Função ","")&IF(COUNTIFS($C$22:$C$143,L12,$D$22:$D$143,"*Treinamento*",$Q$22:$Q$143,"<>Cancelada")>0,"Trein. ",""))) -> REUNIÃO | N13: =IF(N12="","",TRIM(IF(COUNTIFS($C$22:$C$143,N12,$D$22:$D$143,"*Vistoria*",$Q$22:$Q$143,"<>Cancelada")>0,"Vistoria ","")&IF(COUNTIFS($C$22:$C$143,N12,$D$22:$D$143,"*Relatório*",$Q$22:$Q$143,"<>Cancelada")>0,"Relatório ","")&IF(COUNTIFS($C$22:$C$143,N12,$D$22:$D$143,"*Reunião*",$Q$22:$Q$143,"<>Cancelada")>0,"REUNIÃO ","")&IF(COUNTIFS($C$22:$C$143,N12,$D$22:$D$143,"*Férias*",$Q$22:$Q$143,"<>Cancelada")>0,"Férias ","")&IF(COUNTIFS($C$22:$C$143,N12,$D$22:$D$143,"*Mudança*",$Q$22:$Q$143,"<>Cancelada")>0,"M.Função ","")&IF(COUNTIFS($C$22:$C$143,N12,$D$22:$D$143,"*Treinamento*",$Q$22:$Q$143,"<>Cancelada")>0,"Trein. ","")))
B14: =IF(MONTH($X$1-WEEKDAY($X$1)+1+28)=MONTH($X$1),$X$1-WEEKDAY($X$1)+1+28,"") -> 46229 | D14: =IF(MONTH($X$1-WEEKDAY($X$1)+1+29)=MONTH($X$1),$X$1-WEEKDAY($X$1)+1+29,"") -> 46230 | F14: =IF(MONTH($X$1-WEEKDAY($X$1)+1+30)=MONTH($X$1),$X$1-WEEKDAY($X$1)+1+30,"") -> 46231 | H14: =IF(MONTH($X$1-WEEKDAY($X$1)+1+31)=MONTH($X$1),$X$1-WEEKDAY($X$1)+1+31,"") -> 46232 | J14: =IF(MONTH($X$1-WEEKDAY($X$1)+1+32)=MONTH($X$1),$X$1-WEEKDAY($X$1)+1+32,"") -> 46233 | L14: =IF(MONTH($X$1-WEEKDAY($X$1)+1+33)=MONTH($X$1),$X$1-WEEKDAY($X$1)+1+33,"") -> 46234 | N14: =IF(MONTH($X$1-WEEKDAY($X$1)+1+34)=MONTH($X$1),$X$1-WEEKDAY($X$1)+1+34,"")
B15: =IF(B14="","",TRIM(IF(COUNTIFS($C$22:$C$143,B14,$D$22:$D$143,"*Vistoria*",$Q$22:$Q$143,"<>Cancelada")>0,"Vistoria ","")&IF(COUNTIFS($C$22:$C$143,B14,$D$22:$D$143,"*Relatório*",$Q$22:$Q$143,"<>Cancelada")>0,"Relatório ","")&IF(COUNTIFS($C$22:$C$143,B14,$D$22:$D$143,"*Reunião*",$Q$22:$Q$143,"<>Cancelada")>0,"REUNIÃO ","")&IF(COUNTIFS($C$22:$C$143,B14,$D$22:$D$143,"*Férias*",$Q$22:$Q$143,"<>Cancelada")>0,"Férias ","")&IF(COUNTIFS($C$22:$C$143,B14,$D$22:$D$143,"*Mudança*",$Q$22:$Q$143,"<>Cancelada")>0,"M.Função ","")&IF(COUNTIFS($C$22:$C$143,B14,$D$22:$D$143,"*Treinamento*",$Q$22:$Q$143,"<>Cancelada")>0,"Trein. ",""))) | D15: =IF(D14="","",TRIM(IF(COUNTIFS($C$22:$C$143,D14,$D$22:$D$143,"*Vistoria*",$Q$22:$Q$143,"<>Cancelada")>0,"Vistoria ","")&IF(COUNTIFS($C$22:$C$143,D14,$D$22:$D$143,"*Relatório*",$Q$22:$Q$143,"<>Cancelada")>0,"Relatório ","")&IF(COUNTIFS($C$22:$C$143,D14,$D$22:$D$143,"*Reunião*",$Q$22:$Q$143,"<>Cancelada")>0,"REUNIÃO ","")&IF(COUNTIFS($C$22:$C$143,D14,$D$22:$D$143,"*Férias*",$Q$22:$Q$143,"<>Cancelada")>0,"Férias ","")&IF(COUNTIFS($C$22:$C$143,D14,$D$22:$D$143,"*Mudança*",$Q$22:$Q$143,"<>Cancelada")>0,"M.Função ","")&IF(COUNTIFS($C$22:$C$143,D14,$D$22:$D$143,"*Treinamento*",$Q$22:$Q$143,"<>Cancelada")>0,"Trein. ",""))) | F15: =IF(F14="","",TRIM(IF(COUNTIFS($C$22:$C$143,F14,$D$22:$D$143,"*Vistoria*",$Q$22:$Q$143,"<>Cancelada")>0,"Vistoria ","")&IF(COUNTIFS($C$22:$C$143,F14,$D$22:$D$143,"*Relatório*",$Q$22:$Q$143,"<>Cancelada")>0,"Relatório ","")&IF(COUNTIFS($C$22:$C$143,F14,$D$22:$D$143,"*Reunião*",$Q$22:$Q$143,"<>Cancelada")>0,"REUNIÃO ","")&IF(COUNTIFS($C$22:$C$143,F14,$D$22:$D$143,"*Férias*",$Q$22:$Q$143,"<>Cancelada")>0,"Férias ","")&IF(COUNTIFS($C$22:$C$143,F14,$D$22:$D$143,"*Mudança*",$Q$22:$Q$143,"<>Cancelada")>0,"M.Função ","")&IF(COUNTIFS($C$22:$C$143,F14,$D$22:$D$143,"*Treinamento*",$Q$22:$Q$143,"<>Cancelada")>0,"Trein. ",""))) | H15: =IF(H14="","",TRIM(IF(COUNTIFS($C$22:$C$143,H14,$D$22:$D$143,"*Vistoria*",$Q$22:$Q$143,"<>Cancelada")>0,"Vistoria ","")&IF(COUNTIFS($C$22:$C$143,H14,$D$22:$D$143,"*Relatório*",$Q$22:$Q$143,"<>Cancelada")>0,"Relatório ","")&IF(COUNTIFS($C$22:$C$143,H14,$D$22:$D$143,"*Reunião*",$Q$22:$Q$143,"<>Cancelada")>0,"REUNIÃO ","")&IF(COUNTIFS($C$22:$C$143,H14,$D$22:$D$143,"*Férias*",$Q$22:$Q$143,"<>Cancelada")>0,"Férias ","")&IF(COUNTIFS($C$22:$C$143,H14,$D$22:$D$143,"*Mudança*",$Q$22:$Q$143,"<>Cancelada")>0,"M.Função ","")&IF(COUNTIFS($C$22:$C$143,H14,$D$22:$D$143,"*Treinamento*",$Q$22:$Q$143,"<>Cancelada")>0,"Trein. ",""))) -> Vistoria | J15: =IF(J14="","",TRIM(IF(COUNTIFS($C$22:$C$143,J14,$D$22:$D$143,"*Vistoria*",$Q$22:$Q$143,"<>Cancelada")>0,"Vistoria ","")&IF(COUNTIFS($C$22:$C$143,J14,$D$22:$D$143,"*Relatório*",$Q$22:$Q$143,"<>Cancelada")>0,"Relatório ","")&IF(COUNTIFS($C$22:$C$143,J14,$D$22:$D$143,"*Reunião*",$Q$22:$Q$143,"<>Cancelada")>0,"REUNIÃO ","")&IF(COUNTIFS($C$22:$C$143,J14,$D$22:$D$143,"*Férias*",$Q$22:$Q$143,"<>Cancelada")>0,"Férias ","")&IF(COUNTIFS($C$22:$C$143,J14,$D$22:$D$143,"*Mudança*",$Q$22:$Q$143,"<>Cancelada")>0,"M.Função ","")&IF(COUNTIFS($C$22:$C$143,J14,$D$22:$D$143,"*Treinamento*",$Q$22:$Q$143,"<>Cancelada")>0,"Trein. ",""))) -> Relatório | L15: =IF(L14="","",TRIM(IF(COUNTIFS($C$22:$C$143,L14,$D$22:$D$143,"*Vistoria*",$Q$22:$Q$143,"<>Cancelada")>0,"Vistoria ","")&IF(COUNTIFS($C$22:$C$143,L14,$D$22:$D$143,"*Relatório*",$Q$22:$Q$143,"<>Cancelada")>0,"Relatório ","")&IF(COUNTIFS($C$22:$C$143,L14,$D$22:$D$143,"*Reunião*",$Q$22:$Q$143,"<>Cancelada")>0,"REUNIÃO ","")&IF(COUNTIFS($C$22:$C$143,L14,$D$22:$D$143,"*Férias*",$Q$22:$Q$143,"<>Cancelada")>0,"Férias ","")&IF(COUNTIFS($C$22:$C$143,L14,$D$22:$D$143,"*Mudança*",$Q$22:$Q$143,"<>Cancelada")>0,"M.Função ","")&IF(COUNTIFS($C$22:$C$143,L14,$D$22:$D$143,"*Treinamento*",$Q$22:$Q$143,"<>Cancelada")>0,"Trein. ",""))) -> REUNIÃO M.Função | N15: =IF(N14="","",TRIM(IF(COUNTIFS($C$22:$C$143,N14,$D$22:$D$143,"*Vistoria*",$Q$22:$Q$143,"<>Cancelada")>0,"Vistoria ","")&IF(COUNTIFS($C$22:$C$143,N14,$D$22:$D$143,"*Relatório*",$Q$22:$Q$143,"<>Cancelada")>0,"Relatório ","")&IF(COUNTIFS($C$22:$C$143,N14,$D$22:$D$143,"*Reunião*",$Q$22:$Q$143,"<>Cancelada")>0,"REUNIÃO ","")&IF(COUNTIFS($C$22:$C$143,N14,$D$22:$D$143,"*Férias*",$Q$22:$Q$143,"<>Cancelada")>0,"Férias ","")&IF(COUNTIFS($C$22:$C$143,N14,$D$22:$D$143,"*Mudança*",$Q$22:$Q$143,"<>Cancelada")>0,"M.Função ","")&IF(COUNTIFS($C$22:$C$143,N14,$D$22:$D$143,"*Treinamento*",$Q$22:$Q$143,"<>Cancelada")>0,"Trein. ","")))
B16: =IF(MONTH($X$1-WEEKDAY($X$1)+1+35)=MONTH($X$1),$X$1-WEEKDAY($X$1)+1+35,"") | D16: =IF(MONTH($X$1-WEEKDAY($X$1)+1+36)=MONTH($X$1),$X$1-WEEKDAY($X$1)+1+36,"") | F16: =IF(MONTH($X$1-WEEKDAY($X$1)+1+37)=MONTH($X$1),$X$1-WEEKDAY($X$1)+1+37,"") | H16: =IF(MONTH($X$1-WEEKDAY($X$1)+1+38)=MONTH($X$1),$X$1-WEEKDAY($X$1)+1+38,"") | J16: =IF(MONTH($X$1-WEEKDAY($X$1)+1+39)=MONTH($X$1),$X$1-WEEKDAY($X$1)+1+39,"") | L16: =IF(MONTH($X$1-WEEKDAY($X$1)+1+40)=MONTH($X$1),$X$1-WEEKDAY($X$1)+1+40,"") | N16: =IF(MONTH($X$1-WEEKDAY($X$1)+1+41)=MONTH($X$1),$X$1-WEEKDAY($X$1)+1+41,"")
B17: =IF(B16="","",TRIM(IF(COUNTIFS($C$22:$C$143,B16,$D$22:$D$143,"*Vistoria*",$Q$22:$Q$143,"<>Cancelada")>0,"Vistoria ","")&IF(COUNTIFS($C$22:$C$143,B16,$D$22:$D$143,"*Relatório*",$Q$22:$Q$143,"<>Cancelada")>0,"Relatório ","")&IF(COUNTIFS($C$22:$C$143,B16,$D$22:$D$143,"*Reunião*",$Q$22:$Q$143,"<>Cancelada")>0,"REUNIÃO ","")&IF(COUNTIFS($C$22:$C$143,B16,$D$22:$D$143,"*Férias*",$Q$22:$Q$143,"<>Cancelada")>0,"Férias ","")&IF(COUNTIFS($C$22:$C$143,B16,$D$22:$D$143,"*Mudança*",$Q$22:$Q$143,"<>Cancelada")>0,"M.Função ","")&IF(COUNTIFS($C$22:$C$143,B16,$D$22:$D$143,"*Treinamento*",$Q$22:$Q$143,"<>Cancelada")>0,"Trein. ",""))) | D17: =IF(D16="","",TRIM(IF(COUNTIFS($C$22:$C$143,D16,$D$22:$D$143,"*Vistoria*",$Q$22:$Q$143,"<>Cancelada")>0,"Vistoria ","")&IF(COUNTIFS($C$22:$C$143,D16,$D$22:$D$143,"*Relatório*",$Q$22:$Q$143,"<>Cancelada")>0,"Relatório ","")&IF(COUNTIFS($C$22:$C$143,D16,$D$22:$D$143,"*Reunião*",$Q$22:$Q$143,"<>Cancelada")>0,"REUNIÃO ","")&IF(COUNTIFS($C$22:$C$143,D16,$D$22:$D$143,"*Férias*",$Q$22:$Q$143,"<>Cancelada")>0,"Férias ","")&IF(COUNTIFS($C$22:$C$143,D16,$D$22:$D$143,"*Mudança*",$Q$22:$Q$143,"<>Cancelada")>0,"M.Função ","")&IF(COUNTIFS($C$22:$C$143,D16,$D$22:$D$143,"*Treinamento*",$Q$22:$Q$143,"<>Cancelada")>0,"Trein. ",""))) | F17: =IF(F16="","",TRIM(IF(COUNTIFS($C$22:$C$143,F16,$D$22:$D$143,"*Vistoria*",$Q$22:$Q$143,"<>Cancelada")>0,"Vistoria ","")&IF(COUNTIFS($C$22:$C$143,F16,$D$22:$D$143,"*Relatório*",$Q$22:$Q$143,"<>Cancelada")>0,"Relatório ","")&IF(COUNTIFS($C$22:$C$143,F16,$D$22:$D$143,"*Reunião*",$Q$22:$Q$143,"<>Cancelada")>0,"REUNIÃO ","")&IF(COUNTIFS($C$22:$C$143,F16,$D$22:$D$143,"*Férias*",$Q$22:$Q$143,"<>Cancelada")>0,"Férias ","")&IF(COUNTIFS($C$22:$C$143,F16,$D$22:$D$143,"*Mudança*",$Q$22:$Q$143,"<>Cancelada")>0,"M.Função ","")&IF(COUNTIFS($C$22:$C$143,F16,$D$22:$D$143,"*Treinamento*",$Q$22:$Q$143,"<>Cancelada")>0,"Trein. ",""))) | H17: =IF(H16="","",TRIM(IF(COUNTIFS($C$22:$C$143,H16,$D$22:$D$143,"*Vistoria*",$Q$22:$Q$143,"<>Cancelada")>0,"Vistoria ","")&IF(COUNTIFS($C$22:$C$143,H16,$D$22:$D$143,"*Relatório*",$Q$22:$Q$143,"<>Cancelada")>0,"Relatório ","")&IF(COUNTIFS($C$22:$C$143,H16,$D$22:$D$143,"*Reunião*",$Q$22:$Q$143,"<>Cancelada")>0,"REUNIÃO ","")&IF(COUNTIFS($C$22:$C$143,H16,$D$22:$D$143,"*Férias*",$Q$22:$Q$143,"<>Cancelada")>0,"Férias ","")&IF(COUNTIFS($C$22:$C$143,H16,$D$22:$D$143,"*Mudança*",$Q$22:$Q$143,"<>Cancelada")>0,"M.Função ","")&IF(COUNTIFS($C$22:$C$143,H16,$D$22:$D$143,"*Treinamento*",$Q$22:$Q$143,"<>Cancelada")>0,"Trein. ",""))) | J17: =IF(J16="","",TRIM(IF(COUNTIFS($C$22:$C$143,J16,$D$22:$D$143,"*Vistoria*",$Q$22:$Q$143,"<>Cancelada")>0,"Vistoria ","")&IF(COUNTIFS($C$22:$C$143,J16,$D$22:$D$143,"*Relatório*",$Q$22:$Q$143,"<>Cancelada")>0,"Relatório ","")&IF(COUNTIFS($C$22:$C$143,J16,$D$22:$D$143,"*Reunião*",$Q$22:$Q$143,"<>Cancelada")>0,"REUNIÃO ","")&IF(COUNTIFS($C$22:$C$143,J16,$D$22:$D$143,"*Férias*",$Q$22:$Q$143,"<>Cancelada")>0,"Férias ","")&IF(COUNTIFS($C$22:$C$143,J16,$D$22:$D$143,"*Mudança*",$Q$22:$Q$143,"<>Cancelada")>0,"M.Função ","")&IF(COUNTIFS($C$22:$C$143,J16,$D$22:$D$143,"*Treinamento*",$Q$22:$Q$143,"<>Cancelada")>0,"Trein. ",""))) | L17: =IF(L16="","",TRIM(IF(COUNTIFS($C$22:$C$143,L16,$D$22:$D$143,"*Vistoria*",$Q$22:$Q$143,"<>Cancelada")>0,"Vistoria ","")&IF(COUNTIFS($C$22:$C$143,L16,$D$22:$D$143,"*Relatório*",$Q$22:$Q$143,"<>Cancelada")>0,"Relatório ","")&IF(COUNTIFS($C$22:$C$143,L16,$D$22:$D$143,"*Reunião*",$Q$22:$Q$143,"<>Cancelada")>0,"REUNIÃO ","")&IF(COUNTIFS($C$22:$C$143,L16,$D$22:$D$143,"*Férias*",$Q$22:$Q$143,"<>Cancelada")>0,"Férias ","")&IF(COUNTIFS($C$22:$C$143,L16,$D$22:$D$143,"*Mudança*",$Q$22:$Q$143,"<>Cancelada")>0,"M.Função ","")&IF(COUNTIFS($C$22:$C$143,L16,$D$22:$D$143,"*Treinamento*",$Q$22:$Q$143,"<>Cancelada")>0,"Trein. ",""))) | N17: =IF(N16="","",TRIM(IF(COUNTIFS($C$22:$C$143,N16,$D$22:$D$143,"*Vistoria*",$Q$22:$Q$143,"<>Cancelada")>0,"Vistoria ","")&IF(COUNTIFS($C$22:$C$143,N16,$D$22:$D$143,"*Relatório*",$Q$22:$Q$143,"<>Cancelada")>0,"Relatório ","")&IF(COUNTIFS($C$22:$C$143,N16,$D$22:$D$143,"*Reunião*",$Q$22:$Q$143,"<>Cancelada")>0,"REUNIÃO ","")&IF(COUNTIFS($C$22:$C$143,N16,$D$22:$D$143,"*Férias*",$Q$22:$Q$143,"<>Cancelada")>0,"Férias ","")&IF(COUNTIFS($C$22:$C$143,N16,$D$22:$D$143,"*Mudança*",$Q$22:$Q$143,"<>Cancelada")>0,"M.Função ","")&IF(COUNTIFS($C$22:$C$143,N16,$D$22:$D$143,"*Treinamento*",$Q$22:$Q$143,"<>Cancelada")>0,"Trein. ","")))
B18: Amarelo = hoje · Azul = dia com prazo · Vermelho = dia com atraso · SEX (verde) = reunião com a gerência — o marco da semana
A20: GESTÃO DE ATIVIDADES — este calendário controla APENAS atividades. Faltas, atestados, erros e metas ficam na planilha GSL-DADOS (nenhum dado de pessoa entra aqui).
A21: ID | B21: SEM. | C21: PRAZO | D21: ATIVIDADE | G21: TURNO | H21: COORDENADOR | J21: SETOR (vistoria) | M21: LINK DO ANEXO (ENTREGA) | P21: ENTREGUE EM | Q21: VALIDAÇÃO | R21: MOTIVO REPROV./CANCEL. | S21: STATUS | T21: fL | U21: fA | V21: fE
A22: =IF($C22="","",$X$2&"-S"&INT(($C22-WEEKDAY($C22,2)+11-DATE(YEAR($C22+4-WEEKDAY($C22,2)),1,1))/7)&"-FER-A") -> JUL-S28-FER-A | B22: =IF($C22="","","S"&INT(($C22-WEEKDAY($C22,2)+11-DATE(YEAR($C22+4-WEEKDAY($C22,2)),1,1))/7)) -> S28 | C22: =$X$1+MOD(8-WEEKDAY($X$1,2),7) -> 46209 | D22: =IF($C22="","","Programação de Férias (mensal)") -> Programação de Férias (mensal) | G22: =IF($C22="","","A") -> A | H22: =IF($C22="","",IF($G22="A",CONFIG!$B$5,IF($G22="B",CONFIG!$B$6,IF($G22="C",CONFIG!$B$7,"Gerência + coordenadores")))) -> (preencha o nome) | J22: =IF($C22="","","—") -> — | S22: =IF($C22="","",IF($Q22="Cancelada","Cancelada",IF($Q22="Reprovado","Reprovada",IF($Q22="Aprovado","Aprovada",IF($M22<>"","Entregue",IF(TODAY()>$C22,"Atrasada","Pendente")))))) -> Atrasada
A23: =IF($C23="","",$X$2&"-S"&INT(($C23-WEEKDAY($C23,2)+11-DATE(YEAR($C23+4-WEEKDAY($C23,2)),1,1))/7)&"-FER-B") -> JUL-S28-FER-B | B23: =IF($C23="","","S"&INT(($C23-WEEKDAY($C23,2)+11-DATE(YEAR($C23+4-WEEKDAY($C23,2)),1,1))/7)) -> S28 | C23: =$X$1+MOD(8-WEEKDAY($X$1,2),7) -> 46209 | D23: =IF($C23="","","Programação de Férias (mensal)") -> Programação de Férias (mensal) | G23: =IF($C23="","","B") -> B | H23: =IF($C23="","",IF($G23="A",CONFIG!$B$5,IF($G23="B",CONFIG!$B$6,IF($G23="C",CONFIG!$B$7,"Gerência + coordenadores")))) -> (preencha o nome) | J23: =IF($C23="","","—") -> — | S23: =IF($C23="","",IF($Q23="Cancelada","Cancelada",IF($Q23="Reprovado","Reprovada",IF($Q23="Aprovado","Aprovada",IF($M23<>"","Entregue",IF(TODAY()>$C23,"Atrasada","Pendente")))))) -> Atrasada
A24: =IF($C24="","",$X$2&"-S"&INT(($C24-WEEKDAY($C24,2)+11-DATE(YEAR($C24+4-WEEKDAY($C24,2)),1,1))/7)&"-FER-C") -> JUL-S28-FER-C | B24: =IF($C24="","","S"&INT(($C24-WEEKDAY($C24,2)+11-DATE(YEAR($C24+4-WEEKDAY($C24,2)),1,1))/7)) -> S28 | C24: =$X$1+MOD(8-WEEKDAY($X$1,2),7) -> 46209 | D24: =IF($C24="","","Programação de Férias (mensal)") -> Programação de Férias (mensal) | G24: =IF($C24="","","C") -> C | H24: =IF($C24="","",IF($G24="A",CONFIG!$B$5,IF($G24="B",CONFIG!$B$6,IF($G24="C",CONFIG!$B$7,"Gerência + coordenadores")))) -> (preencha o nome) | J24: =IF($C24="","","—") -> — | S24: =IF($C24="","",IF($Q24="Cancelada","Cancelada",IF($Q24="Reprovado","Reprovada",IF($Q24="Aprovado","Aprovada",IF($M24<>"","Entregue",IF(TODAY()>$C24,"Atrasada","Pendente")))))) -> Atrasada
A25: =IF($C25="","",$X$2&"-S"&INT(($C25-WEEKDAY($C25,2)+11-DATE(YEAR($C25+4-WEEKDAY($C25,2)),1,1))/7)&"-VIS-A") -> JUL-S27-VIS-A | B25: =IF($C25="","","S"&INT(($C25-WEEKDAY($C25,2)+11-DATE(YEAR($C25+4-WEEKDAY($C25,2)),1,1))/7)) -> S27 | C25: =IF(MONTH(($X$1-WEEKDAY($X$1,3)+0)+2)=MONTH($X$1),($X$1-WEEKDAY($X$1,3)+0)+2,"") -> 46204 | D25: =IF($C25="","","Vistoria Setorial (checklist no setor definido pelo gerente)") -> Vistoria Setorial (checklist no setor definido pelo gerente) | G25: =IF($C25="","","A") -> A | H25: =IF($C25="","",IF($G25="A",CONFIG!$B$5,IF($G25="B",CONFIG!$B$6,IF($G25="C",CONFIG!$B$7,"Gerência + coordenadores")))) -> (preencha o nome) | S25: =IF($C25="","",IF($Q25="Cancelada","Cancelada",IF($Q25="Reprovado","Reprovada",IF($Q25="Aprovado","Aprovada",IF($M25<>"","Entregue",IF(TODAY()>$C25,"Atrasada","Pendente")))))) -> Atrasada
A26: =IF($C26="","",$X$2&"-S"&INT(($C26-WEEKDAY($C26,2)+11-DATE(YEAR($C26+4-WEEKDAY($C26,2)),1,1))/7)&"-VIS-B") -> JUL-S27-VIS-B | B26: =IF($C26="","","S"&INT(($C26-WEEKDAY($C26,2)+11-DATE(YEAR($C26+4-WEEKDAY($C26,2)),1,1))/7)) -> S27 | C26: =IF(MONTH(($X$1-WEEKDAY($X$1,3)+0)+2)=MONTH($X$1),($X$1-WEEKDAY($X$1,3)+0)+2,"") -> 46204 | D26: =IF($C26="","","Vistoria Setorial (checklist no setor definido pelo gerente)") -> Vistoria Setorial (checklist no setor definido pelo gerente) | G26: =IF($C26="","","B") -> B | H26: =IF($C26="","",IF($G26="A",CONFIG!$B$5,IF($G26="B",CONFIG!$B$6,IF($G26="C",CONFIG!$B$7,"Gerência + coordenadores")))) -> (preencha o nome) | S26: =IF($C26="","",IF($Q26="Cancelada","Cancelada",IF($Q26="Reprovado","Reprovada",IF($Q26="Aprovado","Aprovada",IF($M26<>"","Entregue",IF(TODAY()>$C26,"Atrasada","Pendente")))))) -> Atrasada
A27: =IF($C27="","",$X$2&"-S"&INT(($C27-WEEKDAY($C27,2)+11-DATE(YEAR($C27+4-WEEKDAY($C27,2)),1,1))/7)&"-VIS-C") -> JUL-S27-VIS-C | B27: =IF($C27="","","S"&INT(($C27-WEEKDAY($C27,2)+11-DATE(YEAR($C27+4-WEEKDAY($C27,2)),1,1))/7)) -> S27 | C27: =IF(MONTH(($X$1-WEEKDAY($X$1,3)+0)+2)=MONTH($X$1),($X$1-WEEKDAY($X$1,3)+0)+2,"") -> 46204 | D27: =IF($C27="","","Vistoria Setorial (checklist no setor definido pelo gerente)") -> Vistoria Setorial (checklist no setor definido pelo gerente) | G27: =IF($C27="","","C") -> C | H27: =IF($C27="","",IF($G27="A",CONFIG!$B$5,IF($G27="B",CONFIG!$B$6,IF($G27="C",CONFIG!$B$7,"Gerência + coordenadores")))) -> (preencha o nome) | S27: =IF($C27="","",IF($Q27="Cancelada","Cancelada",IF($Q27="Reprovado","Reprovada",IF($Q27="Aprovado","Aprovada",IF($M27<>"","Entregue",IF(TODAY()>$C27,"Atrasada","Pendente")))))) -> Atrasada
A28: =IF($C28="","",$X$2&"-S"&INT(($C28-WEEKDAY($C28,2)+11-DATE(YEAR($C28+4-WEEKDAY($C28,2)),1,1))/7)&"-RSC-A") -> JUL-S27-RSC-A | B28: =IF($C28="","","S"&INT(($C28-WEEKDAY($C28,2)+11-DATE(YEAR($C28+4-WEEKDAY($C28,2)),1,1))/7)) -> S27 | C28: =IF(MONTH(($X$1-WEEKDAY($X$1,3)+0)+3)=MONTH($X$1),($X$1-WEEKDAY($X$1,3)+0)+3,"") -> 46205 | D28: =IF($C28="","","Relatório Semanal Consolidado (erros + metas + faltas + supervisores)") -> Relatório Semanal Consolidado (erros + metas + faltas + supervisores) | G28: =IF($C28="","","A") -> A | H28: =IF($C28="","",IF($G28="A",CONFIG!$B$5,IF($G28="B",CONFIG!$B$6,IF($G28="C",CONFIG!$B$7,"Gerência + coordenadores")))) -> (preencha o nome) | J28: =IF($C28="","","—") -> — | S28: =IF($C28="","",IF($Q28="Cancelada","Cancelada",IF($Q28="Reprovado","Reprovada",IF($Q28="Aprovado","Aprovada",IF($M28<>"","Entregue",IF(TODAY()>$C28,"Atrasada","Pendente")))))) -> Atrasada
A29: =IF($C29="","",$X$2&"-S"&INT(($C29-WEEKDAY($C29,2)+11-DATE(YEAR($C29+4-WEEKDAY($C29,2)),1,1))/7)&"-RSC-B") -> JUL-S27-RSC-B | B29: =IF($C29="","","S"&INT(($C29-WEEKDAY($C29,2)+11-DATE(YEAR($C29+4-WEEKDAY($C29,2)),1,1))/7)) -> S27 | C29: =IF(MONTH(($X$1-WEEKDAY($X$1,3)+0)+3)=MONTH($X$1),($X$1-WEEKDAY($X$1,3)+0)+3,"") -> 46205 | D29: =IF($C29="","","Relatório Semanal Consolidado (erros + metas + faltas + supervisores)") -> Relatório Semanal Consolidado (erros + metas + faltas + supervisores) | G29: =IF($C29="","","B") -> B | H29: =IF($C29="","",IF($G29="A",CONFIG!$B$5,IF($G29="B",CONFIG!$B$6,IF($G29="C",CONFIG!$B$7,"Gerência + coordenadores")))) -> (preencha o nome) | J29: =IF($C29="","","—") -> — | S29: =IF($C29="","",IF($Q29="Cancelada","Cancelada",IF($Q29="Reprovado","Reprovada",IF($Q29="Aprovado","Aprovada",IF($M29<>"","Entregue",IF(TODAY()>$C29,"Atrasada","Pendente")))))) -> Atrasada
A30: =IF($C30="","",$X$2&"-S"&INT(($C30-WEEKDAY($C30,2)+11-DATE(YEAR($C30+4-WEEKDAY($C30,2)),1,1))/7)&"-RSC-C") -> JUL-S27-RSC-C | B30: =IF($C30="","","S"&INT(($C30-WEEKDAY($C30,2)+11-DATE(YEAR($C30+4-WEEKDAY($C30,2)),1,1))/7)) -> S27 | C30: =IF(MONTH(($X$1-WEEKDAY($X$1,3)+0)+3)=MONTH($X$1),($X$1-WEEKDAY($X$1,3)+0)+3,"") -> 46205 | D30: =IF($C30="","","Relatório Semanal Consolidado (erros + metas + faltas + supervisores)") -> Relatório Semanal Consolidado (erros + metas + faltas + supervisores) | G30: =IF($C30="","","C") -> C | H30: =IF($C30="","",IF($G30="A",CONFIG!$B$5,IF($G30="B",CONFIG!$B$6,IF($G30="C",CONFIG!$B$7,"Gerência + coordenadores")))) -> (preencha o nome) | J30: =IF($C30="","","—") -> — | S30: =IF($C30="","",IF($Q30="Cancelada","Cancelada",IF($Q30="Reprovado","Reprovada",IF($Q30="Aprovado","Aprovada",IF($M30<>"","Entregue",IF(TODAY()>$C30,"Atrasada","Pendente")))))) -> Atrasada
A31: =IF($C31="","",$X$2&"-S"&INT(($C31-WEEKDAY($C31,2)+11-DATE(YEAR($C31+4-WEEKDAY($C31,2)),1,1))/7)&"-REU-T") -> JUL-S27-REU-T | B31: =IF($C31="","","S"&INT(($C31-WEEKDAY($C31,2)+11-DATE(YEAR($C31+4-WEEKDAY($C31,2)),1,1))/7)) -> S27 | C31: =IF(MONTH(($X$1-WEEKDAY($X$1,3)+0)+4)=MONTH($X$1),($X$1-WEEKDAY($X$1,3)+0)+4,"") -> 46206 | D31: =IF($C31="","","Reunião Semanal com a Gerência") -> Reunião Semanal com a Gerência | G31: =IF($C31="","","Todos") -> Todos | H31: =IF($C31="","",IF($G31="A",CONFIG!$B$5,IF($G31="B",CONFIG!$B$6,IF($G31="C",CONFIG!$B$7,"Gerência + coordenadores")))) -> Gerência + coordenadores | J31: =IF($C31="","","—") -> — | S31: =IF($C31="","",IF($Q31="Cancelada","Cancelada",IF($Q31="Reprovado","Reprovada",IF($Q31="Aprovado","Aprovada",IF($M31<>"","Entregue",IF(TODAY()>$C31,"Atrasada","Pendente")))))) -> Atrasada
A32: =IF($C32="","",$X$2&"-S"&INT(($C32-WEEKDAY($C32,2)+11-DATE(YEAR($C32+4-WEEKDAY($C32,2)),1,1))/7)&"-VIS-A") -> JUL-S28-VIS-A | B32: =IF($C32="","","S"&INT(($C32-WEEKDAY($C32,2)+11-DATE(YEAR($C32+4-WEEKDAY($C32,2)),1,1))/7)) -> S28 | C32: =IF(MONTH(($X$1-WEEKDAY($X$1,3)+7)+2)=MONTH($X$1),($X$1-WEEKDAY($X$1,3)+7)+2,"") -> 46211 | D32: =IF($C32="","","Vistoria Setorial (checklist no setor definido pelo gerente)") -> Vistoria Setorial (checklist no setor definido pelo gerente) | G32: =IF($C32="","","A") -> A | H32: =IF($C32="","",IF($G32="A",CONFIG!$B$5,IF($G32="B",CONFIG!$B$6,IF($G32="C",CONFIG!$B$7,"Gerência + coordenadores")))) -> (preencha o nome) | S32: =IF($C32="","",IF($Q32="Cancelada","Cancelada",IF($Q32="Reprovado","Reprovada",IF($Q32="Aprovado","Aprovada",IF($M32<>"","Entregue",IF(TODAY()>$C32,"Atrasada","Pendente")))))) -> Atrasada
A33: =IF($C33="","",$X$2&"-S"&INT(($C33-WEEKDAY($C33,2)+11-DATE(YEAR($C33+4-WEEKDAY($C33,2)),1,1))/7)&"-VIS-B") -> JUL-S28-VIS-B | B33: =IF($C33="","","S"&INT(($C33-WEEKDAY($C33,2)+11-DATE(YEAR($C33+4-WEEKDAY($C33,2)),1,1))/7)) -> S28 | C33: =IF(MONTH(($X$1-WEEKDAY($X$1,3)+7)+2)=MONTH($X$1),($X$1-WEEKDAY($X$1,3)+7)+2,"") -> 46211 | D33: =IF($C33="","","Vistoria Setorial (checklist no setor definido pelo gerente)") -> Vistoria Setorial (checklist no setor definido pelo gerente) | G33: =IF($C33="","","B") -> B | H33: =IF($C33="","",IF($G33="A",CONFIG!$B$5,IF($G33="B",CONFIG!$B$6,IF($G33="C",CONFIG!$B$7,"Gerência + coordenadores")))) -> (preencha o nome) | S33: =IF($C33="","",IF($Q33="Cancelada","Cancelada",IF($Q33="Reprovado","Reprovada",IF($Q33="Aprovado","Aprovada",IF($M33<>"","Entregue",IF(TODAY()>$C33,"Atrasada","Pendente")))))) -> Atrasada
A34: =IF($C34="","",$X$2&"-S"&INT(($C34-WEEKDAY($C34,2)+11-DATE(YEAR($C34+4-WEEKDAY($C34,2)),1,1))/7)&"-VIS-C") -> JUL-S28-VIS-C | B34: =IF($C34="","","S"&INT(($C34-WEEKDAY($C34,2)+11-DATE(YEAR($C34+4-WEEKDAY($C34,2)),1,1))/7)) -> S28 | C34: =IF(MONTH(($X$1-WEEKDAY($X$1,3)+7)+2)=MONTH($X$1),($X$1-WEEKDAY($X$1,3)+7)+2,"") -> 46211 | D34: =IF($C34="","","Vistoria Setorial (checklist no setor definido pelo gerente)") -> Vistoria Setorial (checklist no setor definido pelo gerente) | G34: =IF($C34="","","C") -> C | H34: =IF($C34="","",IF($G34="A",CONFIG!$B$5,IF($G34="B",CONFIG!$B$6,IF($G34="C",CONFIG!$B$7,"Gerência + coordenadores")))) -> (preencha o nome) | S34: =IF($C34="","",IF($Q34="Cancelada","Cancelada",IF($Q34="Reprovado","Reprovada",IF($Q34="Aprovado","Aprovada",IF($M34<>"","Entregue",IF(TODAY()>$C34,"Atrasada","Pendente")))))) -> Atrasada
A35: =IF($C35="","",$X$2&"-S"&INT(($C35-WEEKDAY($C35,2)+11-DATE(YEAR($C35+4-WEEKDAY($C35,2)),1,1))/7)&"-RSC-A") -> JUL-S28-RSC-A | B35: =IF($C35="","","S"&INT(($C35-WEEKDAY($C35,2)+11-DATE(YEAR($C35+4-WEEKDAY($C35,2)),1,1))/7)) -> S28 | C35: =IF(MONTH(($X$1-WEEKDAY($X$1,3)+7)+3)=MONTH($X$1),($X$1-WEEKDAY($X$1,3)+7)+3,"") -> 46212 | D35: =IF($C35="","","Relatório Semanal Consolidado (erros + metas + faltas + supervisores)") -> Relatório Semanal Consolidado (erros + metas + faltas + supervisores) | G35: =IF($C35="","","A") -> A | H35: =IF($C35="","",IF($G35="A",CONFIG!$B$5,IF($G35="B",CONFIG!$B$6,IF($G35="C",CONFIG!$B$7,"Gerência + coordenadores")))) -> (preencha o nome) | J35: =IF($C35="","","—") -> — | S35: =IF($C35="","",IF($Q35="Cancelada","Cancelada",IF($Q35="Reprovado","Reprovada",IF($Q35="Aprovado","Aprovada",IF($M35<>"","Entregue",IF(TODAY()>$C35,"Atrasada","Pendente")))))) -> Atrasada
A36: =IF($C36="","",$X$2&"-S"&INT(($C36-WEEKDAY($C36,2)+11-DATE(YEAR($C36+4-WEEKDAY($C36,2)),1,1))/7)&"-RSC-B") -> JUL-S28-RSC-B | B36: =IF($C36="","","S"&INT(($C36-WEEKDAY($C36,2)+11-DATE(YEAR($C36+4-WEEKDAY($C36,2)),1,1))/7)) -> S28 | C36: =IF(MONTH(($X$1-WEEKDAY($X$1,3)+7)+3)=MONTH($X$1),($X$1-WEEKDAY($X$1,3)+7)+3,"") -> 46212 | D36: =IF($C36="","","Relatório Semanal Consolidado (erros + metas + faltas + supervisores)") -> Relatório Semanal Consolidado (erros + metas + faltas + supervisores) | G36: =IF($C36="","","B") -> B | H36: =IF($C36="","",IF($G36="A",CONFIG!$B$5,IF($G36="B",CONFIG!$B$6,IF($G36="C",CONFIG!$B$7,"Gerência + coordenadores")))) -> (preencha o nome) | J36: =IF($C36="","","—") -> — | S36: =IF($C36="","",IF($Q36="Cancelada","Cancelada",IF($Q36="Reprovado","Reprovada",IF($Q36="Aprovado","Aprovada",IF($M36<>"","Entregue",IF(TODAY()>$C36,"Atrasada","Pendente")))))) -> Atrasada
A37: =IF($C37="","",$X$2&"-S"&INT(($C37-WEEKDAY($C37,2)+11-DATE(YEAR($C37+4-WEEKDAY($C37,2)),1,1))/7)&"-RSC-C") -> JUL-S28-RSC-C | B37: =IF($C37="","","S"&INT(($C37-WEEKDAY($C37,2)+11-DATE(YEAR($C37+4-WEEKDAY($C37,2)),1,1))/7)) -> S28 | C37: =IF(MONTH(($X$1-WEEKDAY($X$1,3)+7)+3)=MONTH($X$1),($X$1-WEEKDAY($X$1,3)+7)+3,"") -> 46212 | D37: =IF($C37="","","Relatório Semanal Consolidado (erros + metas + faltas + supervisores)") -> Relatório Semanal Consolidado (erros + metas + faltas + supervisores) | G37: =IF($C37="","","C") -> C | H37: =IF($C37="","",IF($G37="A",CONFIG!$B$5,IF($G37="B",CONFIG!$B$6,IF($G37="C",CONFIG!$B$7,"Gerência + coordenadores")))) -> (preencha o nome) | J37: =IF($C37="","","—") -> — | S37: =IF($C37="","",IF($Q37="Cancelada","Cancelada",IF($Q37="Reprovado","Reprovada",IF($Q37="Aprovado","Aprovada",IF($M37<>"","Entregue",IF(TODAY()>$C37,"Atrasada","Pendente")))))) -> Atrasada
A38: =IF($C38="","",$X$2&"-S"&INT(($C38-WEEKDAY($C38,2)+11-DATE(YEAR($C38+4-WEEKDAY($C38,2)),1,1))/7)&"-REU-T") -> JUL-S28-REU-T | B38: =IF($C38="","","S"&INT(($C38-WEEKDAY($C38,2)+11-DATE(YEAR($C38+4-WEEKDAY($C38,2)),1,1))/7)) -> S28 | C38: =IF(MONTH(($X$1-WEEKDAY($X$1,3)+7)+4)=MONTH($X$1),($X$1-WEEKDAY($X$1,3)+7)+4,"") -> 46213 | D38: =IF($C38="","","Reunião Semanal com a Gerência") -> Reunião Semanal com a Gerência | G38: =IF($C38="","","Todos") -> Todos | H38: =IF($C38="","",IF($G38="A",CONFIG!$B$5,IF($G38="B",CONFIG!$B$6,IF($G38="C",CONFIG!$B$7,"Gerência + coordenadores")))) -> Gerência + coordenadores | J38: =IF($C38="","","—") -> — | S38: =IF($C38="","",IF($Q38="Cancelada","Cancelada",IF($Q38="Reprovado","Reprovada",IF($Q38="Aprovado","Aprovada",IF($M38<>"","Entregue",IF(TODAY()>$C38,"Atrasada","Pendente")))))) -> Atrasada
A39: =IF($C39="","",$X$2&"-S"&INT(($C39-WEEKDAY($C39,2)+11-DATE(YEAR($C39+4-WEEKDAY($C39,2)),1,1))/7)&"-VIS-A") -> JUL-S29-VIS-A | B39: =IF($C39="","","S"&INT(($C39-WEEKDAY($C39,2)+11-DATE(YEAR($C39+4-WEEKDAY($C39,2)),1,1))/7)) -> S29 | C39: =IF(MONTH(($X$1-WEEKDAY($X$1,3)+14)+2)=MONTH($X$1),($X$1-WEEKDAY($X$1,3)+14)+2,"") -> 46218 | D39: =IF($C39="","","Vistoria Setorial (checklist no setor definido pelo gerente)") -> Vistoria Setorial (checklist no setor definido pelo gerente) | G39: =IF($C39="","","A") -> A | H39: =IF($C39="","",IF($G39="A",CONFIG!$B$5,IF($G39="B",CONFIG!$B$6,IF($G39="C",CONFIG!$B$7,"Gerência + coordenadores")))) -> (preencha o nome) | S39: =IF($C39="","",IF($Q39="Cancelada","Cancelada",IF($Q39="Reprovado","Reprovada",IF($Q39="Aprovado","Aprovada",IF($M39<>"","Entregue",IF(TODAY()>$C39,"Atrasada","Pendente")))))) -> Atrasada
A40: =IF($C40="","",$X$2&"-S"&INT(($C40-WEEKDAY($C40,2)+11-DATE(YEAR($C40+4-WEEKDAY($C40,2)),1,1))/7)&"-VIS-B") -> JUL-S29-VIS-B | B40: =IF($C40="","","S"&INT(($C40-WEEKDAY($C40,2)+11-DATE(YEAR($C40+4-WEEKDAY($C40,2)),1,1))/7)) -> S29 | C40: =IF(MONTH(($X$1-WEEKDAY($X$1,3)+14)+2)=MONTH($X$1),($X$1-WEEKDAY($X$1,3)+14)+2,"") -> 46218 | D40: =IF($C40="","","Vistoria Setorial (checklist no setor definido pelo gerente)") -> Vistoria Setorial (checklist no setor definido pelo gerente) | G40: =IF($C40="","","B") -> B | H40: =IF($C40="","",IF($G40="A",CONFIG!$B$5,IF($G40="B",CONFIG!$B$6,IF($G40="C",CONFIG!$B$7,"Gerência + coordenadores")))) -> (preencha o nome) | S40: =IF($C40="","",IF($Q40="Cancelada","Cancelada",IF($Q40="Reprovado","Reprovada",IF($Q40="Aprovado","Aprovada",IF($M40<>"","Entregue",IF(TODAY()>$C40,"Atrasada","Pendente")))))) -> Atrasada
A41: =IF($C41="","",$X$2&"-S"&INT(($C41-WEEKDAY($C41,2)+11-DATE(YEAR($C41+4-WEEKDAY($C41,2)),1,1))/7)&"-VIS-C") -> JUL-S29-VIS-C | B41: =IF($C41="","","S"&INT(($C41-WEEKDAY($C41,2)+11-DATE(YEAR($C41+4-WEEKDAY($C41,2)),1,1))/7)) -> S29 | C41: =IF(MONTH(($X$1-WEEKDAY($X$1,3)+14)+2)=MONTH($X$1),($X$1-WEEKDAY($X$1,3)+14)+2,"") -> 46218 | D41: =IF($C41="","","Vistoria Setorial (checklist no setor definido pelo gerente)") -> Vistoria Setorial (checklist no setor definido pelo gerente) | G41: =IF($C41="","","C") -> C | H41: =IF($C41="","",IF($G41="A",CONFIG!$B$5,IF($G41="B",CONFIG!$B$6,IF($G41="C",CONFIG!$B$7,"Gerência + coordenadores")))) -> (preencha o nome) | S41: =IF($C41="","",IF($Q41="Cancelada","Cancelada",IF($Q41="Reprovado","Reprovada",IF($Q41="Aprovado","Aprovada",IF($M41<>"","Entregue",IF(TODAY()>$C41,"Atrasada","Pendente")))))) -> Atrasada
A42: =IF($C42="","",$X$2&"-S"&INT(($C42-WEEKDAY($C42,2)+11-DATE(YEAR($C42+4-WEEKDAY($C42,2)),1,1))/7)&"-RSC-A") -> JUL-S29-RSC-A | B42: =IF($C42="","","S"&INT(($C42-WEEKDAY($C42,2)+11-DATE(YEAR($C42+4-WEEKDAY($C42,2)),1,1))/7)) -> S29 | C42: =IF(MONTH(($X$1-WEEKDAY($X$1,3)+14)+3)=MONTH($X$1),($X$1-WEEKDAY($X$1,3)+14)+3,"") -> 46219 | D42: =IF($C42="","","Relatório Semanal Consolidado (erros + metas + faltas + supervisores)") -> Relatório Semanal Consolidado (erros + metas + faltas + supervisores) | G42: =IF($C42="","","A") -> A | H42: =IF($C42="","",IF($G42="A",CONFIG!$B$5,IF($G42="B",CONFIG!$B$6,IF($G42="C",CONFIG!$B$7,"Gerência + coordenadores")))) -> (preencha o nome) | J42: =IF($C42="","","—") -> — | S42: =IF($C42="","",IF($Q42="Cancelada","Cancelada",IF($Q42="Reprovado","Reprovada",IF($Q42="Aprovado","Aprovada",IF($M42<>"","Entregue",IF(TODAY()>$C42,"Atrasada","Pendente")))))) -> Atrasada
A43: =IF($C43="","",$X$2&"-S"&INT(($C43-WEEKDAY($C43,2)+11-DATE(YEAR($C43+4-WEEKDAY($C43,2)),1,1))/7)&"-RSC-B") -> JUL-S29-RSC-B | B43: =IF($C43="","","S"&INT(($C43-WEEKDAY($C43,2)+11-DATE(YEAR($C43+4-WEEKDAY($C43,2)),1,1))/7)) -> S29 | C43: =IF(MONTH(($X$1-WEEKDAY($X$1,3)+14)+3)=MONTH($X$1),($X$1-WEEKDAY($X$1,3)+14)+3,"") -> 46219 | D43: =IF($C43="","","Relatório Semanal Consolidado (erros + metas + faltas + supervisores)") -> Relatório Semanal Consolidado (erros + metas + faltas + supervisores) | G43: =IF($C43="","","B") -> B | H43: =IF($C43="","",IF($G43="A",CONFIG!$B$5,IF($G43="B",CONFIG!$B$6,IF($G43="C",CONFIG!$B$7,"Gerência + coordenadores")))) -> (preencha o nome) | J43: =IF($C43="","","—") -> — | S43: =IF($C43="","",IF($Q43="Cancelada","Cancelada",IF($Q43="Reprovado","Reprovada",IF($Q43="Aprovado","Aprovada",IF($M43<>"","Entregue",IF(TODAY()>$C43,"Atrasada","Pendente")))))) -> Atrasada
A44: =IF($C44="","",$X$2&"-S"&INT(($C44-WEEKDAY($C44,2)+11-DATE(YEAR($C44+4-WEEKDAY($C44,2)),1,1))/7)&"-RSC-C") -> JUL-S29-RSC-C | B44: =IF($C44="","","S"&INT(($C44-WEEKDAY($C44,2)+11-DATE(YEAR($C44+4-WEEKDAY($C44,2)),1,1))/7)) -> S29 | C44: =IF(MONTH(($X$1-WEEKDAY($X$1,3)+14)+3)=MONTH($X$1),($X$1-WEEKDAY($X$1,3)+14)+3,"") -> 46219 | D44: =IF($C44="","","Relatório Semanal Consolidado (erros + metas + faltas + supervisores)") -> Relatório Semanal Consolidado (erros + metas + faltas + supervisores) | G44: =IF($C44="","","C") -> C | H44: =IF($C44="","",IF($G44="A",CONFIG!$B$5,IF($G44="B",CONFIG!$B$6,IF($G44="C",CONFIG!$B$7,"Gerência + coordenadores")))) -> (preencha o nome) | J44: =IF($C44="","","—") -> — | S44: =IF($C44="","",IF($Q44="Cancelada","Cancelada",IF($Q44="Reprovado","Reprovada",IF($Q44="Aprovado","Aprovada",IF($M44<>"","Entregue",IF(TODAY()>$C44,"Atrasada","Pendente")))))) -> Atrasada
A45: =IF($C45="","",$X$2&"-S"&INT(($C45-WEEKDAY($C45,2)+11-DATE(YEAR($C45+4-WEEKDAY($C45,2)),1,1))/7)&"-REU-T") -> JUL-S29-REU-T | B45: =IF($C45="","","S"&INT(($C45-WEEKDAY($C45,2)+11-DATE(YEAR($C45+4-WEEKDAY($C45,2)),1,1))/7)) -> S29 | C45: =IF(MONTH(($X$1-WEEKDAY($X$1,3)+14)+4)=MONTH($X$1),($X$1-WEEKDAY($X$1,3)+14)+4,"") -> 46220 | D45: =IF($C45="","","Reunião Semanal com a Gerência") -> Reunião Semanal com a Gerência | G45: =IF($C45="","","Todos") -> Todos | H45: =IF($C45="","",IF($G45="A",CONFIG!$B$5,IF($G45="B",CONFIG!$B$6,IF($G45="C",CONFIG!$B$7,"Gerência + coordenadores")))) -> Gerência + coordenadores | J45: =IF($C45="","","—") -> — | S45: =IF($C45="","",IF($Q45="Cancelada","Cancelada",IF($Q45="Reprovado","Reprovada",IF($Q45="Aprovado","Aprovada",IF($M45<>"","Entregue",IF(TODAY()>$C45,"Atrasada","Pendente")))))) -> Atrasada
A46: =IF($C46="","",$X$2&"-S"&INT(($C46-WEEKDAY($C46,2)+11-DATE(YEAR($C46+4-WEEKDAY($C46,2)),1,1))/7)&"-VIS-A") -> JUL-S30-VIS-A | B46: =IF($C46="","","S"&INT(($C46-WEEKDAY($C46,2)+11-DATE(YEAR($C46+4-WEEKDAY($C46,2)),1,1))/7)) -> S30 | C46: =IF(MONTH(($X$1-WEEKDAY($X$1,3)+21)+2)=MONTH($X$1),($X$1-WEEKDAY($X$1,3)+21)+2,"") -> 46225 | D46: =IF($C46="","","Vistoria Setorial (checklist no setor definido pelo gerente)") -> Vistoria Setorial (checklist no setor definido pelo gerente) | G46: =IF($C46="","","A") -> A | H46: =IF($C46="","",IF($G46="A",CONFIG!$B$5,IF($G46="B",CONFIG!$B$6,IF($G46="C",CONFIG!$B$7,"Gerência + coordenadores")))) -> (preencha o nome) | S46: =IF($C46="","",IF($Q46="Cancelada","Cancelada",IF($Q46="Reprovado","Reprovada",IF($Q46="Aprovado","Aprovada",IF($M46<>"","Entregue",IF(TODAY()>$C46,"Atrasada","Pendente")))))) -> Atrasada
A47: =IF($C47="","",$X$2&"-S"&INT(($C47-WEEKDAY($C47,2)+11-DATE(YEAR($C47+4-WEEKDAY($C47,2)),1,1))/7)&"-VIS-B") -> JUL-S30-VIS-B | B47: =IF($C47="","","S"&INT(($C47-WEEKDAY($C47,2)+11-DATE(YEAR($C47+4-WEEKDAY($C47,2)),1,1))/7)) -> S30 | C47: =IF(MONTH(($X$1-WEEKDAY($X$1,3)+21)+2)=MONTH($X$1),($X$1-WEEKDAY($X$1,3)+21)+2,"") -> 46225 | D47: =IF($C47="","","Vistoria Setorial (checklist no setor definido pelo gerente)") -> Vistoria Setorial (checklist no setor definido pelo gerente) | G47: =IF($C47="","","B") -> B | H47: =IF($C47="","",IF($G47="A",CONFIG!$B$5,IF($G47="B",CONFIG!$B$6,IF($G47="C",CONFIG!$B$7,"Gerência + coordenadores")))) -> (preencha o nome) | S47: =IF($C47="","",IF($Q47="Cancelada","Cancelada",IF($Q47="Reprovado","Reprovada",IF($Q47="Aprovado","Aprovada",IF($M47<>"","Entregue",IF(TODAY()>$C47,"Atrasada","Pendente")))))) -> Atrasada
A48: =IF($C48="","",$X$2&"-S"&INT(($C48-WEEKDAY($C48,2)+11-DATE(YEAR($C48+4-WEEKDAY($C48,2)),1,1))/7)&"-VIS-C") -> JUL-S30-VIS-C | B48: =IF($C48="","","S"&INT(($C48-WEEKDAY($C48,2)+11-DATE(YEAR($C48+4-WEEKDAY($C48,2)),1,1))/7)) -> S30 | C48: =IF(MONTH(($X$1-WEEKDAY($X$1,3)+21)+2)=MONTH($X$1),($X$1-WEEKDAY($X$1,3)+21)+2,"") -> 46225 | D48: =IF($C48="","","Vistoria Setorial (checklist no setor definido pelo gerente)") -> Vistoria Setorial (checklist no setor definido pelo gerente) | G48: =IF($C48="","","C") -> C | H48: =IF($C48="","",IF($G48="A",CONFIG!$B$5,IF($G48="B",CONFIG!$B$6,IF($G48="C",CONFIG!$B$7,"Gerência + coordenadores")))) -> (preencha o nome) | S48: =IF($C48="","",IF($Q48="Cancelada","Cancelada",IF($Q48="Reprovado","Reprovada",IF($Q48="Aprovado","Aprovada",IF($M48<>"","Entregue",IF(TODAY()>$C48,"Atrasada","Pendente")))))) -> Atrasada
A49: =IF($C49="","",$X$2&"-S"&INT(($C49-WEEKDAY($C49,2)+11-DATE(YEAR($C49+4-WEEKDAY($C49,2)),1,1))/7)&"-RSC-A") -> JUL-S30-RSC-A | B49: =IF($C49="","","S"&INT(($C49-WEEKDAY($C49,2)+11-DATE(YEAR($C49+4-WEEKDAY($C49,2)),1,1))/7)) -> S30 | C49: =IF(MONTH(($X$1-WEEKDAY($X$1,3)+21)+3)=MONTH($X$1),($X$1-WEEKDAY($X$1,3)+21)+3,"") -> 46226 | D49: =IF($C49="","","Relatório Semanal Consolidado (erros + metas + faltas + supervisores)") -> Relatório Semanal Consolidado (erros + metas + faltas + supervisores) | G49: =IF($C49="","","A") -> A | H49: =IF($C49="","",IF($G49="A",CONFIG!$B$5,IF($G49="B",CONFIG!$B$6,IF($G49="C",CONFIG!$B$7,"Gerência + coordenadores")))) -> (preencha o nome) | J49: =IF($C49="","","—") -> — | S49: =IF($C49="","",IF($Q49="Cancelada","Cancelada",IF($Q49="Reprovado","Reprovada",IF($Q49="Aprovado","Aprovada",IF($M49<>"","Entregue",IF(TODAY()>$C49,"Atrasada","Pendente")))))) -> Atrasada
A50: =IF($C50="","",$X$2&"-S"&INT(($C50-WEEKDAY($C50,2)+11-DATE(YEAR($C50+4-WEEKDAY($C50,2)),1,1))/7)&"-RSC-B") -> JUL-S30-RSC-B | B50: =IF($C50="","","S"&INT(($C50-WEEKDAY($C50,2)+11-DATE(YEAR($C50+4-WEEKDAY($C50,2)),1,1))/7)) -> S30 | C50: =IF(MONTH(($X$1-WEEKDAY($X$1,3)+21)+3)=MONTH($X$1),($X$1-WEEKDAY($X$1,3)+21)+3,"") -> 46226 | D50: =IF($C50="","","Relatório Semanal Consolidado (erros + metas + faltas + supervisores)") -> Relatório Semanal Consolidado (erros + metas + faltas + supervisores) | G50: =IF($C50="","","B") -> B | H50: =IF($C50="","",IF($G50="A",CONFIG!$B$5,IF($G50="B",CONFIG!$B$6,IF($G50="C",CONFIG!$B$7,"Gerência + coordenadores")))) -> (preencha o nome) | J50: =IF($C50="","","—") -> — | S50: =IF($C50="","",IF($Q50="Cancelada","Cancelada",IF($Q50="Reprovado","Reprovada",IF($Q50="Aprovado","Aprovada",IF($M50<>"","Entregue",IF(TODAY()>$C50,"Atrasada","Pendente")))))) -> Atrasada
A51: =IF($C51="","",$X$2&"-S"&INT(($C51-WEEKDAY($C51,2)+11-DATE(YEAR($C51+4-WEEKDAY($C51,2)),1,1))/7)&"-RSC-C") -> JUL-S30-RSC-C | B51: =IF($C51="","","S"&INT(($C51-WEEKDAY($C51,2)+11-DATE(YEAR($C51+4-WEEKDAY($C51,2)),1,1))/7)) -> S30 | C51: =IF(MONTH(($X$1-WEEKDAY($X$1,3)+21)+3)=MONTH($X$1),($X$1-WEEKDAY($X$1,3)+21)+3,"") -> 46226 | D51: =IF($C51="","","Relatório Semanal Consolidado (erros + metas + faltas + supervisores)") -> Relatório Semanal Consolidado (erros + metas + faltas + supervisores) | G51: =IF($C51="","","C") -> C | H51: =IF($C51="","",IF($G51="A",CONFIG!$B$5,IF($G51="B",CONFIG!$B$6,IF($G51="C",CONFIG!$B$7,"Gerência + coordenadores")))) -> (preencha o nome) | J51: =IF($C51="","","—") -> — | S51: =IF($C51="","",IF($Q51="Cancelada","Cancelada",IF($Q51="Reprovado","Reprovada",IF($Q51="Aprovado","Aprovada",IF($M51<>"","Entregue",IF(TODAY()>$C51,"Atrasada","Pendente")))))) -> Atrasada
A52: =IF($C52="","",$X$2&"-S"&INT(($C52-WEEKDAY($C52,2)+11-DATE(YEAR($C52+4-WEEKDAY($C52,2)),1,1))/7)&"-REU-T") -> JUL-S30-REU-T | B52: =IF($C52="","","S"&INT(($C52-WEEKDAY($C52,2)+11-DATE(YEAR($C52+4-WEEKDAY($C52,2)),1,1))/7)) -> S30 | C52: =IF(MONTH(($X$1-WEEKDAY($X$1,3)+21)+4)=MONTH($X$1),($X$1-WEEKDAY($X$1,3)+21)+4,"") -> 46227 | D52: =IF($C52="","","Reunião Semanal com a Gerência") -> Reunião Semanal com a Gerência | G52: =IF($C52="","","Todos") -> Todos | H52: =IF($C52="","",IF($G52="A",CONFIG!$B$5,IF($G52="B",CONFIG!$B$6,IF($G52="C",CONFIG!$B$7,"Gerência + coordenadores")))) -> Gerência + coordenadores | J52: =IF($C52="","","—") -> — | S52: =IF($C52="","",IF($Q52="Cancelada","Cancelada",IF($Q52="Reprovado","Reprovada",IF($Q52="Aprovado","Aprovada",IF($M52<>"","Entregue",IF(TODAY()>$C52,"Atrasada","Pendente")))))) -> Atrasada
A53: =IF($C53="","",$X$2&"-S"&INT(($C53-WEEKDAY($C53,2)+11-DATE(YEAR($C53+4-WEEKDAY($C53,2)),1,1))/7)&"-VIS-A") -> JUL-S31-VIS-A | B53: =IF($C53="","","S"&INT(($C53-WEEKDAY($C53,2)+11-DATE(YEAR($C53+4-WEEKDAY($C53,2)),1,1))/7)) -> S31 | C53: =IF(MONTH(($X$1-WEEKDAY($X$1,3)+28)+2)=MONTH($X$1),($X$1-WEEKDAY($X$1,3)+28)+2,"") -> 46232 | D53: =IF($C53="","","Vistoria Setorial (checklist no setor definido pelo gerente)") -> Vistoria Setorial (checklist no setor definido pelo gerente) | G53: =IF($C53="","","A") -> A | H53: =IF($C53="","",IF($G53="A",CONFIG!$B$5,IF($G53="B",CONFIG!$B$6,IF($G53="C",CONFIG!$B$7,"Gerência + coordenadores")))) -> (preencha o nome) | S53: =IF($C53="","",IF($Q53="Cancelada","Cancelada",IF($Q53="Reprovado","Reprovada",IF($Q53="Aprovado","Aprovada",IF($M53<>"","Entregue",IF(TODAY()>$C53,"Atrasada","Pendente")))))) -> Atrasada
A54: =IF($C54="","",$X$2&"-S"&INT(($C54-WEEKDAY($C54,2)+11-DATE(YEAR($C54+4-WEEKDAY($C54,2)),1,1))/7)&"-VIS-B") -> JUL-S31-VIS-B | B54: =IF($C54="","","S"&INT(($C54-WEEKDAY($C54,2)+11-DATE(YEAR($C54+4-WEEKDAY($C54,2)),1,1))/7)) -> S31 | C54: =IF(MONTH(($X$1-WEEKDAY($X$1,3)+28)+2)=MONTH($X$1),($X$1-WEEKDAY($X$1,3)+28)+2,"") -> 46232 | D54: =IF($C54="","","Vistoria Setorial (checklist no setor definido pelo gerente)") -> Vistoria Setorial (checklist no setor definido pelo gerente) | G54: =IF($C54="","","B") -> B | H54: =IF($C54="","",IF($G54="A",CONFIG!$B$5,IF($G54="B",CONFIG!$B$6,IF($G54="C",CONFIG!$B$7,"Gerência + coordenadores")))) -> (preencha o nome) | S54: =IF($C54="","",IF($Q54="Cancelada","Cancelada",IF($Q54="Reprovado","Reprovada",IF($Q54="Aprovado","Aprovada",IF($M54<>"","Entregue",IF(TODAY()>$C54,"Atrasada","Pendente")))))) -> Atrasada
A55: =IF($C55="","",$X$2&"-S"&INT(($C55-WEEKDAY($C55,2)+11-DATE(YEAR($C55+4-WEEKDAY($C55,2)),1,1))/7)&"-VIS-C") -> JUL-S31-VIS-C | B55: =IF($C55="","","S"&INT(($C55-WEEKDAY($C55,2)+11-DATE(YEAR($C55+4-WEEKDAY($C55,2)),1,1))/7)) -> S31 | C55: =IF(MONTH(($X$1-WEEKDAY($X$1,3)+28)+2)=MONTH($X$1),($X$1-WEEKDAY($X$1,3)+28)+2,"") -> 46232 | D55: =IF($C55="","","Vistoria Setorial (checklist no setor definido pelo gerente)") -> Vistoria Setorial (checklist no setor definido pelo gerente) | G55: =IF($C55="","","C") -> C | H55: =IF($C55="","",IF($G55="A",CONFIG!$B$5,IF($G55="B",CONFIG!$B$6,IF($G55="C",CONFIG!$B$7,"Gerência + coordenadores")))) -> (preencha o nome) | S55: =IF($C55="","",IF($Q55="Cancelada","Cancelada",IF($Q55="Reprovado","Reprovada",IF($Q55="Aprovado","Aprovada",IF($M55<>"","Entregue",IF(TODAY()>$C55,"Atrasada","Pendente")))))) -> Atrasada
A56: =IF($C56="","",$X$2&"-S"&INT(($C56-WEEKDAY($C56,2)+11-DATE(YEAR($C56+4-WEEKDAY($C56,2)),1,1))/7)&"-RSC-A") -> JUL-S31-RSC-A | B56: =IF($C56="","","S"&INT(($C56-WEEKDAY($C56,2)+11-DATE(YEAR($C56+4-WEEKDAY($C56,2)),1,1))/7)) -> S31 | C56: =IF(MONTH(($X$1-WEEKDAY($X$1,3)+28)+3)=MONTH($X$1),($X$1-WEEKDAY($X$1,3)+28)+3,"") -> 46233 | D56: =IF($C56="","","Relatório Semanal Consolidado (erros + metas + faltas + supervisores)") -> Relatório Semanal Consolidado (erros + metas + faltas + supervisores) | G56: =IF($C56="","","A") -> A | H56: =IF($C56="","",IF($G56="A",CONFIG!$B$5,IF($G56="B",CONFIG!$B$6,IF($G56="C",CONFIG!$B$7,"Gerência + coordenadores")))) -> (preencha o nome) | J56: =IF($C56="","","—") -> — | S56: =IF($C56="","",IF($Q56="Cancelada","Cancelada",IF($Q56="Reprovado","Reprovada",IF($Q56="Aprovado","Aprovada",IF($M56<>"","Entregue",IF(TODAY()>$C56,"Atrasada","Pendente")))))) -> Atrasada
A57: =IF($C57="","",$X$2&"-S"&INT(($C57-WEEKDAY($C57,2)+11-DATE(YEAR($C57+4-WEEKDAY($C57,2)),1,1))/7)&"-RSC-B") -> JUL-S31-RSC-B | B57: =IF($C57="","","S"&INT(($C57-WEEKDAY($C57,2)+11-DATE(YEAR($C57+4-WEEKDAY($C57,2)),1,1))/7)) -> S31 | C57: =IF(MONTH(($X$1-WEEKDAY($X$1,3)+28)+3)=MONTH($X$1),($X$1-WEEKDAY($X$1,3)+28)+3,"") -> 46233 | D57: =IF($C57="","","Relatório Semanal Consolidado (erros + metas + faltas + supervisores)") -> Relatório Semanal Consolidado (erros + metas + faltas + supervisores) | G57: =IF($C57="","","B") -> B | H57: =IF($C57="","",IF($G57="A",CONFIG!$B$5,IF($G57="B",CONFIG!$B$6,IF($G57="C",CONFIG!$B$7,"Gerência + coordenadores")))) -> (preencha o nome) | J57: =IF($C57="","","—") -> — | S57: =IF($C57="","",IF($Q57="Cancelada","Cancelada",IF($Q57="Reprovado","Reprovada",IF($Q57="Aprovado","Aprovada",IF($M57<>"","Entregue",IF(TODAY()>$C57,"Atrasada","Pendente")))))) -> Atrasada
A58: =IF($C58="","",$X$2&"-S"&INT(($C58-WEEKDAY($C58,2)+11-DATE(YEAR($C58+4-WEEKDAY($C58,2)),1,1))/7)&"-RSC-C") -> JUL-S31-RSC-C | B58: =IF($C58="","","S"&INT(($C58-WEEKDAY($C58,2)+11-DATE(YEAR($C58+4-WEEKDAY($C58,2)),1,1))/7)) -> S31 | C58: =IF(MONTH(($X$1-WEEKDAY($X$1,3)+28)+3)=MONTH($X$1),($X$1-WEEKDAY($X$1,3)+28)+3,"") -> 46233 | D58: =IF($C58="","","Relatório Semanal Consolidado (erros + metas + faltas + supervisores)") -> Relatório Semanal Consolidado (erros + metas + faltas + supervisores) | G58: =IF($C58="","","C") -> C | H58: =IF($C58="","",IF($G58="A",CONFIG!$B$5,IF($G58="B",CONFIG!$B$6,IF($G58="C",CONFIG!$B$7,"Gerência + coordenadores")))) -> (preencha o nome) | J58: =IF($C58="","","—") -> — | S58: =IF($C58="","",IF($Q58="Cancelada","Cancelada",IF($Q58="Reprovado","Reprovada",IF($Q58="Aprovado","Aprovada",IF($M58<>"","Entregue",IF(TODAY()>$C58,"Atrasada","Pendente")))))) -> Atrasada
A59: =IF($C59="","",$X$2&"-S"&INT(($C59-WEEKDAY($C59,2)+11-DATE(YEAR($C59+4-WEEKDAY($C59,2)),1,1))/7)&"-REU-T") -> JUL-S31-REU-T | B59: =IF($C59="","","S"&INT(($C59-WEEKDAY($C59,2)+11-DATE(YEAR($C59+4-WEEKDAY($C59,2)),1,1))/7)) -> S31 | C59: =IF(MONTH(($X$1-WEEKDAY($X$1,3)+28)+4)=MONTH($X$1),($X$1-WEEKDAY($X$1,3)+28)+4,"") -> 46234 | D59: =IF($C59="","","Reunião Semanal com a Gerência") -> Reunião Semanal com a Gerência | G59: =IF($C59="","","Todos") -> Todos | H59: =IF($C59="","",IF($G59="A",CONFIG!$B$5,IF($G59="B",CONFIG!$B$6,IF($G59="C",CONFIG!$B$7,"Gerência + coordenadores")))) -> Gerência + coordenadores | J59: =IF($C59="","","—") -> — | S59: =IF($C59="","",IF($Q59="Cancelada","Cancelada",IF($Q59="Reprovado","Reprovada",IF($Q59="Aprovado","Aprovada",IF($M59<>"","Entregue",IF(TODAY()>$C59,"Atrasada","Pendente")))))) -> Atrasada
A60: =IF($C60="","",$X$2&"-S"&INT(($C60-WEEKDAY($C60,2)+11-DATE(YEAR($C60+4-WEEKDAY($C60,2)),1,1))/7)&"-MDF-T") -> JUL-S31-MDF-T | B60: =IF($C60="","","S"&INT(($C60-WEEKDAY($C60,2)+11-DATE(YEAR($C60+4-WEEKDAY($C60,2)),1,1))/7)) -> S31 | C60: =EOMONTH($X$1,0)-MOD(WEEKDAY(EOMONTH($X$1,0),2)-5,7) -> 46234 | D60: =IF($C60="","","Mudança de Função — reunião mensal") -> Mudança de Função — reunião mensal | G60: =IF($C60="","","Todos") -> Todos | H60: =IF($C60="","",IF($G60="A",CONFIG!$B$5,IF($G60="B",CONFIG!$B$6,IF($G60="C",CONFIG!$B$7,"Gerência + coordenadores")))) -> Gerência + coordenadores | J60: =IF($C60="","","—") -> — | S60: =IF($C60="","",IF($Q60="Cancelada","Cancelada",IF($Q60="Reprovado","Reprovada",IF($Q60="Aprovado","Aprovada",IF($M60<>"","Entregue",IF(TODAY()>$C60,"Atrasada","Pendente")))))) -> Atrasada
A62: TREINAMENTOS PROGRAMADOS PELO GERENTE — preencha o PRAZO (e complete o tema); o turno é avisado por e-mail na hora
A63: =$X$2&"-TRE-1" -> JUL-TRE-1 | B63: =IF($C63="","","S"&INT(($C63-WEEKDAY($C63,2)+11-DATE(YEAR($C63+4-WEEKDAY($C63,2)),1,1))/7)) | D63: Treinamento com Colaboradores — tema: | G63: Todos | H63: Gerência + coordenadores | J63: — | S63: =IF($C63="","Não agendado",IF($Q63="Cancelada","Cancelada",IF($Q63="Reprovado","Reprovada",IF($Q63="Aprovado","Aprovada",IF($M63<>"","Entregue",IF(TODAY()>$C63,"Atrasada","Pendente")))))) -> Não agendado
A64: =$X$2&"-TRE-2" -> JUL-TRE-2 | B64: =IF($C64="","","S"&INT(($C64-WEEKDAY($C64,2)+11-DATE(YEAR($C64+4-WEEKDAY($C64,2)),1,1))/7)) | D64: Treinamento com Colaboradores — tema: | G64: Todos | H64: Gerência + coordenadores | J64: — | S64: =IF($C64="","Não agendado",IF($Q64="Cancelada","Cancelada",IF($Q64="Reprovado","Reprovada",IF($Q64="Aprovado","Aprovada",IF($M64<>"","Entregue",IF(TODAY()>$C64,"Atrasada","Pendente")))))) -> Não agendado
A65: =$X$2&"-TRE-3" -> JUL-TRE-3 | B65: =IF($C65="","","S"&INT(($C65-WEEKDAY($C65,2)+11-DATE(YEAR($C65+4-WEEKDAY($C65,2)),1,1))/7)) | D65: Treinamento com Colaboradores — tema: | G65: Todos | H65: Gerência + coordenadores | J65: — | S65: =IF($C65="","Não agendado",IF($Q65="Cancelada","Cancelada",IF($Q65="Reprovado","Reprovada",IF($Q65="Aprovado","Aprovada",IF($M65<>"","Entregue",IF(TODAY()>$C65,"Atrasada","Pendente")))))) -> Não agendado
A66: =$X$2&"-TRE-4" -> JUL-TRE-4 | B66: =IF($C66="","","S"&INT(($C66-WEEKDAY($C66,2)+11-DATE(YEAR($C66+4-WEEKDAY($C66,2)),1,1))/7)) | D66: Treinamento com Colaboradores — tema: | G66: Todos | H66: Gerência + coordenadores | J66: — | S66: =IF($C66="","Não agendado",IF($Q66="Cancelada","Cancelada",IF($Q66="Reprovado","Reprovada",IF($Q66="Aprovado","Aprovada",IF($M66<>"","Entregue",IF(TODAY()>$C66,"Atrasada","Pendente")))))) -> Não agendado
A67: =$X$2&"-TRE-5" -> JUL-TRE-5 | B67: =IF($C67="","","S"&INT(($C67-WEEKDAY($C67,2)+11-DATE(YEAR($C67+4-WEEKDAY($C67,2)),1,1))/7)) | D67: Treinamento com Colaboradores — tema: | G67: Todos | H67: Gerência + coordenadores | J67: — | S67: =IF($C67="","Não agendado",IF($Q67="Cancelada","Cancelada",IF($Q67="Reprovado","Reprovada",IF($Q67="Aprovado","Aprovada",IF($M67<>"","Entregue",IF(TODAY()>$C67,"Atrasada","Pendente")))))) -> Não agendado
A68: =$X$2&"-TRE-6" -> JUL-TRE-6 | B68: =IF($C68="","","S"&INT(($C68-WEEKDAY($C68,2)+11-DATE(YEAR($C68+4-WEEKDAY($C68,2)),1,1))/7)) | D68: Treinamento com Colaboradores — tema: | G68: Todos | H68: Gerência + coordenadores | J68: — | S68: =IF($C68="","Não agendado",IF($Q68="Cancelada","Cancelada",IF($Q68="Reprovado","Reprovada",IF($Q68="Aprovado","Aprovada",IF($M68<>"","Entregue",IF(TODAY()>$C68,"Atrasada","Pendente")))))) -> Não agendado
A70: Amarelo = o GERENTE edita (prazo, setor da vistoria, validação, motivo, tema do treinamento) · Azul-claro = o COORDENADOR anexa a entrega. Semanas que não caem neste mês aparecem como linhas vazias — é normal.

Sheet AGO 2026
A1: 08 · AGOSTO 2026 — CALENDÁRIO OPERACIONAL | X1: 46235
X2: AGO
A3: =IF((COUNTIF($S$22:$S$136,"Aprovada")+COUNTIF($S$22:$S$136,"Entregue")+COUNTIF($S$22:$S$136,"Pendente")+COUNTIF($S$22:$S$136,"Atrasada")+COUNTIF($S$22:$S$136,"Reprovada"))=0,"",IF(COUNTIF($S$22:$S$136,"Aprovada")=(COUNTIF($S$22:$S$136,"Aprovada")+COUNTIF($S$22:$S$136,"Entregue")+COUNTIF($S$22:$S$136,"Pendente")+COUNTIF($S$22:$S$136,"Atrasada")+COUNTIF($S$22:$S$136,"Reprovada")),"MÊS CONCLUÍDO — todas as atividades aprovadas","EM ANDAMENTO — "&COUNTIF($S$22:$S$136,"Aprovada")&" de "&(COUNTIF($S$22:$S$136,"Aprovada")+COUNTIF($S$22:$S$136,"Entregue")+COUNTIF($S$22:$S$136,"Pendente")+COUNTIF($S$22:$S$136,"Atrasada")+COUNTIF($S$22:$S$136,"Reprovada"))&" atividades aprovadas · "&COUNTIF($S$22:$S$136,"Atrasada")&" em atraso")) -> EM ANDAMENTO — 0 de 32 atividades aprovadas · 3 em atraso
B5: DOM | D5: SEG | F5: TER | H5: QUA | J5: QUI | L5: SEX | N5: SÁB
B6: =IF(MONTH($X$1-WEEKDAY($X$1)+1+0)=MONTH($X$1),$X$1-WEEKDAY($X$1)+1+0,"") | D6: =IF(MONTH($X$1-WEEKDAY($X$1)+1+1)=MONTH($X$1),$X$1-WEEKDAY($X$1)+1+1,"") | F6: =IF(MONTH($X$1-WEEKDAY($X$1)+1+2)=MONTH($X$1),$X$1-WEEKDAY($X$1)+1+2,"") | H6: =IF(MONTH($X$1-WEEKDAY($X$1)+1+3)=MONTH($X$1),$X$1-WEEKDAY($X$1)+1+3,"") | J6: =IF(MONTH($X$1-WEEKDAY($X$1)+1+4)=MONTH($X$1),$X$1-WEEKDAY($X$1)+1+4,"") | L6: =IF(MONTH($X$1-WEEKDAY($X$1)+1+5)=MONTH($X$1),$X$1-WEEKDAY($X$1)+1+5,"") | N6: =IF(MONTH($X$1-WEEKDAY($X$1)+1+6)=MONTH($X$1),$X$1-WEEKDAY($X$1)+1+6,"") -> 46235
B7: =IF(B6="","",TRIM(IF(COUNTIFS($C$22:$C$136,B6,$D$22:$D$136,"*Vistoria*",$Q$22:$Q$136,"<>Cancelada")>0,"Vistoria ","")&IF(COUNTIFS($C$22:$C$136,B6,$D$22:$D$136,"*Relatório*",$Q$22:$Q$136,"<>Cancelada")>0,"Relatório ","")&IF(COUNTIFS($C$22:$C$136,B6,$D$22:$D$136,"*Reunião*",$Q$22:$Q$136,"<>Cancelada")>0,"REUNIÃO ","")&IF(COUNTIFS($C$22:$C$136,B6,$D$22:$D$136,"*Férias*",$Q$22:$Q$136,"<>Cancelada")>0,"Férias ","")&IF(COUNTIFS($C$22:$C$136,B6,$D$22:$D$136,"*Mudança*",$Q$22:$Q$136,"<>Cancelada")>0,"M.Função ","")&IF(COUNTIFS($C$22:$C$136,B6,$D$22:$D$136,"*Treinamento*",$Q$22:$Q$136,"<>Cancelada")>0,"Trein. ",""))) | D7: =IF(D6="","",TRIM(IF(COUNTIFS($C$22:$C$136,D6,$D$22:$D$136,"*Vistoria*",$Q$22:$Q$136,"<>Cancelada")>0,"Vistoria ","")&IF(COUNTIFS($C$22:$C$136,D6,$D$22:$D$136,"*Relatório*",$Q$22:$Q$136,"<>Cancelada")>0,"Relatório ","")&IF(COUNTIFS($C$22:$C$136,D6,$D$22:$D$136,"*Reunião*",$Q$22:$Q$136,"<>Cancelada")>0,"REUNIÃO ","")&IF(COUNTIFS($C$22:$C$136,D6,$D$22:$D$136,"*Férias*",$Q$22:$Q$136,"<>Cancelada")>0,"Férias ","")&IF(COUNTIFS($C$22:$C$136,D6,$D$22:$D$136,"*Mudança*",$Q$22:$Q$136,"<>Cancelada")>0,"M.Função ","")&IF(COUNTIFS($C$22:$C$136,D6,$D$22:$D$136,"*Treinamento*",$Q$22:$Q$136,"<>Cancelada")>0,"Trein. ",""))) | F7: =IF(F6="","",TRIM(IF(COUNTIFS($C$22:$C$136,F6,$D$22:$D$136,"*Vistoria*",$Q$22:$Q$136,"<>Cancelada")>0,"Vistoria ","")&IF(COUNTIFS($C$22:$C$136,F6,$D$22:$D$136,"*Relatório*",$Q$22:$Q$136,"<>Cancelada")>0,"Relatório ","")&IF(COUNTIFS($C$22:$C$136,F6,$D$22:$D$136,"*Reunião*",$Q$22:$Q$136,"<>Cancelada")>0,"REUNIÃO ","")&IF(COUNTIFS($C$22:$C$136,F6,$D$22:$D$136,"*Férias*",$Q$22:$Q$136,"<>Cancelada")>0,"Férias ","")&IF(COUNTIFS($C$22:$C$136,F6,$D$22:$D$136,"*Mudança*",$Q$22:$Q$136,"<>Cancelada")>0,"M.Função ","")&IF(COUNTIFS($C$22:$C$136,F6,$D$22:$D$136,"*Treinamento*",$Q$22:$Q$136,"<>Cancelada")>0,"Trein. ",""))) | H7: =IF(H6="","",TRIM(IF(COUNTIFS($C$22:$C$136,H6,$D$22:$D$136,"*Vistoria*",$Q$22:$Q$136,"<>Cancelada")>0,"Vistoria ","")&IF(COUNTIFS($C$22:$C$136,H6,$D$22:$D$136,"*Relatório*",$Q$22:$Q$136,"<>Cancelada")>0,"Relatório ","")&IF(COUNTIFS($C$22:$C$136,H6,$D$22:$D$136,"*Reunião*",$Q$22:$Q$136,"<>Cancelada")>0,"REUNIÃO ","")&IF(COUNTIFS($C$22:$C$136,H6,$D$22:$D$136,"*Férias*",$Q$22:$Q$136,"<>Cancelada")>0,"Férias ","")&IF(COUNTIFS($C$22:$C$136,H6,$D$22:$D$136,"*Mudança*",$Q$22:$Q$136,"<>Cancelada")>0,"M.Função ","")&IF(COUNTIFS($C$22:$C$136,H6,$D$22:$D$136,"*Treinamento*",$Q$22:$Q$136,"<>Cancelada")>0,"Trein. ",""))) | J7: =IF(J6="","",TRIM(IF(COUNTIFS($C$22:$C$136,J6,$D$22:$D$136,"*Vistoria*",$Q$22:$Q$136,"<>Cancelada")>0,"Vistoria ","")&IF(COUNTIFS($C$22:$C$136,J6,$D$22:$D$136,"*Relatório*",$Q$22:$Q$136,"<>Cancelada")>0,"Relatório ","")&IF(COUNTIFS($C$22:$C$136,J6,$D$22:$D$136,"*Reunião*",$Q$22:$Q$136,"<>Cancelada")>0,"REUNIÃO ","")&IF(COUNTIFS($C$22:$C$136,J6,$D$22:$D$136,"*Férias*",$Q$22:$Q$136,"<>Cancelada")>0,"Férias ","")&IF(COUNTIFS($C$22:$C$136,J6,$D$22:$D$136,"*Mudança*",$Q$22:$Q$136,"<>Cancelada")>0,"M.Função ","")&IF(COUNTIFS($C$22:$C$136,J6,$D$22:$D$136,"*Treinamento*",$Q$22:$Q$136,"<>Cancelada")>0,"Trein. ",""))) | L7: =IF(L6="","",TRIM(IF(COUNTIFS($C$22:$C$136,L6,$D$22:$D$136,"*Vistoria*",$Q$22:$Q$136,"<>Cancelada")>0,"Vistoria ","")&IF(COUNTIFS($C$22:$C$136,L6,$D$22:$D$136,"*Relatório*",$Q$22:$Q$136,"<>Cancelada")>0,"Relatório ","")&IF(COUNTIFS($C$22:$C$136,L6,$D$22:$D$136,"*Reunião*",$Q$22:$Q$136,"<>Cancelada")>0,"REUNIÃO ","")&IF(COUNTIFS($C$22:$C$136,L6,$D$22:$D$136,"*Férias*",$Q$22:$Q$136,"<>Cancelada")>0,"Férias ","")&IF(COUNTIFS($C$22:$C$136,L6,$D$22:$D$136,"*Mudança*",$Q$22:$Q$136,"<>Cancelada")>0,"M.Função ","")&IF(COUNTIFS($C$22:$C$136,L6,$D$22:$D$136,"*Treinamento*",$Q$22:$Q$136,"<>Cancelada")>0,"Trein. ",""))) | N7: =IF(N6="","",TRIM(IF(COUNTIFS($C$22:$C$136,N6,$D$22:$D$136,"*Vistoria*",$Q$22:$Q$136,"<>Cancelada")>0,"Vistoria ","")&IF(COUNTIFS($C$22:$C$136,N6,$D$22:$D$136,"*Relatório*",$Q$22:$Q$136,"<>Cancelada")>0,"Relatório ","")&IF(COUNTIFS($C$22:$C$136,N6,$D$22:$D$136,"*Reunião*",$Q$22:$Q$136,"<>Cancelada")>0,"REUNIÃO ","")&IF(COUNTIFS($C$22:$C$136,N6,$D$22:$D$136,"*Férias*",$Q$22:$Q$136,"<>Cancelada")>0,"Férias ","")&IF(COUNTIFS($C$22:$C$136,N6,$D$22:$D$136,"*Mudança*",$Q$22:$Q$136,"<>Cancelada")>0,"M.Função ","")&IF(COUNTIFS($C$22:$C$136,N6,$D$22:$D$136,"*Treinamento*",$Q$22:$Q$136,"<>Cancelada")>0,"Trein. ","")))
B8: =IF(MONTH($X$1-WEEKDAY($X$1)+1+7)=MONTH($X$1),$X$1-WEEKDAY($X$1)+1+7,"") -> 46236 | D8: =IF(MONTH($X$1-WEEKDAY($X$1)+1+8)=MONTH($X$1),$X$1-WEEKDAY($X$1)+1+8,"") -> 46237 | F8: =IF(MONTH($X$1-WEEKDAY($X$1)+1+9)=MONTH($X$1),$X$1-WEEKDAY($X$1)+1+9,"") -> 46238 | H8: =IF(MONTH($X$1-WEEKDAY($X$1)+1+10)=MONTH($X$1),$X$1-WEEKDAY($X$1)+1+10,"") -> 46239 | J8: =IF(MONTH($X$1-WEEKDAY($X$1)+1+11)=MONTH($X$1),$X$1-WEEKDAY($X$1)+1+11,"") -> 46240 | L8: =IF(MONTH($X$1-WEEKDAY($X$1)+1+12)=MONTH($X$1),$X$1-WEEKDAY($X$1)+1+12,"") -> 46241 | N8: =IF(MONTH($X$1-WEEKDAY($X$1)+1+13)=MONTH($X$1),$X$1-WEEKDAY($X$1)+1+13,"") -> 46242
B9: =IF(B8="","",TRIM(IF(COUNTIFS($C$22:$C$136,B8,$D$22:$D$136,"*Vistoria*",$Q$22:$Q$136,"<>Cancelada")>0,"Vistoria ","")&IF(COUNTIFS($C$22:$C$136,B8,$D$22:$D$136,"*Relatório*",$Q$22:$Q$136,"<>Cancelada")>0,"Relatório ","")&IF(COUNTIFS($C$22:$C$136,B8,$D$22:$D$136,"*Reunião*",$Q$22:$Q$136,"<>Cancelada")>0,"REUNIÃO ","")&IF(COUNTIFS($C$22:$C$136,B8,$D$22:$D$136,"*Férias*",$Q$22:$Q$136,"<>Cancelada")>0,"Férias ","")&IF(COUNTIFS($C$22:$C$136,B8,$D$22:$D$136,"*Mudança*",$Q$22:$Q$136,"<>Cancelada")>0,"M.Função ","")&IF(COUNTIFS($C$22:$C$136,B8,$D$22:$D$136,"*Treinamento*",$Q$22:$Q$136,"<>Cancelada")>0,"Trein. ",""))) | D9: =IF(D8="","",TRIM(IF(COUNTIFS($C$22:$C$136,D8,$D$22:$D$136,"*Vistoria*",$Q$22:$Q$136,"<>Cancelada")>0,"Vistoria ","")&IF(COUNTIFS($C$22:$C$136,D8,$D$22:$D$136,"*Relatório*",$Q$22:$Q$136,"<>Cancelada")>0,"Relatório ","")&IF(COUNTIFS($C$22:$C$136,D8,$D$22:$D$136,"*Reunião*",$Q$22:$Q$136,"<>Cancelada")>0,"REUNIÃO ","")&IF(COUNTIFS($C$22:$C$136,D8,$D$22:$D$136,"*Férias*",$Q$22:$Q$136,"<>Cancelada")>0,"Férias ","")&IF(COUNTIFS($C$22:$C$136,D8,$D$22:$D$136,"*Mudança*",$Q$22:$Q$136,"<>Cancelada")>0,"M.Função ","")&IF(COUNTIFS($C$22:$C$136,D8,$D$22:$D$136,"*Treinamento*",$Q$22:$Q$136,"<>Cancelada")>0,"Trein. ",""))) -> Férias | F9: =IF(F8="","",TRIM(IF(COUNTIFS($C$22:$C$136,F8,$D$22:$D$136,"*Vistoria*",$Q$22:$Q$136,"<>Cancelada")>0,"Vistoria ","")&IF(COUNTIFS($C$22:$C$136,F8,$D$22:$D$136,"*Relatório*",$Q$22:$Q$136,"<>Cancelada")>0,"Relatório ","")&IF(COUNTIFS($C$22:$C$136,F8,$D$22:$D$136,"*Reunião*",$Q$22:$Q$136,"<>Cancelada")>0,"REUNIÃO ","")&IF(COUNTIFS($C$22:$C$136,F8,$D$22:$D$136,"*Férias*",$Q$22:$Q$136,"<>Cancelada")>0,"Férias ","")&IF(COUNTIFS($C$22:$C$136,F8,$D$22:$D$136,"*Mudança*",$Q$22:$Q$136,"<>Cancelada")>0,"M.Função ","")&IF(COUNTIFS($C$22:$C$136,F8,$D$22:$D$136,"*Treinamento*",$Q$22:$Q$136,"<>Cancelada")>0,"Trein. ",""))) | H9: =IF(H8="","",TRIM(IF(COUNTIFS($C$22:$C$136,H8,$D$22:$D$136,"*Vistoria*",$Q$22:$Q$136,"<>Cancelada")>0,"Vistoria ","")&IF(COUNTIFS($C$22:$C$136,H8,$D$22:$D$136,"*Relatório*",$Q$22:$Q$136,"<>Cancelada")>0,"Relatório ","")&IF(COUNTIFS($C$22:$C$136,H8,$D$22:$D$136,"*Reunião*",$Q$22:$Q$136,"<>Cancelada")>0,"REUNIÃO ","")&IF(COUNTIFS($C$22:$C$136,H8,$D$22:$D$136,"*Férias*",$Q$22:$Q$136,"<>Cancelada")>0,"Férias ","")&IF(COUNTIFS($C$22:$C$136,H8,$D$22:$D$136,"*Mudança*",$Q$22:$Q$136,"<>Cancelada")>0,"M.Função ","")&IF(COUNTIFS($C$22:$C$136,H8,$D$22:$D$136,"*Treinamento*",$Q$22:$Q$136,"<>Cancelada")>0,"Trein. ",""))) -> Vistoria | J9: =IF(J8="","",TRIM(IF(COUNTIFS($C$22:$C$136,J8,$D$22:$D$136,"*Vistoria*",$Q$22:$Q$136,"<>Cancelada")>0,"Vistoria ","")&IF(COUNTIFS($C$22:$C$136,J8,$D$22:$D$136,"*Relatório*",$Q$22:$Q$136,"<>Cancelada")>0,"Relatório ","")&IF(COUNTIFS($C$22:$C$136,J8,$D$22:$D$136,"*Reunião*",$Q$22:$Q$136,"<>Cancelada")>0,"REUNIÃO ","")&IF(COUNTIFS($C$22:$C$136,J8,$D$22:$D$136,"*Férias*",$Q$22:$Q$136,"<>Cancelada")>0,"Férias ","")&IF(COUNTIFS($C$22:$C$136,J8,$D$22:$D$136,"*Mudança*",$Q$22:$Q$136,"<>Cancelada")>0,"M.Função ","")&IF(COUNTIFS($C$22:$C$136,J8,$D$22:$D$136,"*Treinamento*",$Q$22:$Q$136,"<>Cancelada")>0,"Trein. ",""))) -> Relatório | L9: =IF(L8="","",TRIM(IF(COUNTIFS($C$22:$C$136,L8,$D$22:$D$136,"*Vistoria*",$Q$22:$Q$136,"<>Cancelada")>0,"Vistoria ","")&IF(COUNTIFS($C$22:$C$136,L8,$D$22:$D$136,"*Relatório*",$Q$22:$Q$136,"<>Cancelada")>0,"Relatório ","")&IF(COUNTIFS($C$22:$C$136,L8,$D$22:$D$136,"*Reunião*",$Q$22:$Q$136,"<>Cancelada")>0,"REUNIÃO ","")&IF(COUNTIFS($C$22:$C$136,L8,$D$22:$D$136,"*Férias*",$Q$22:$Q$136,"<>Cancelada")>0,"Férias ","")&IF(COUNTIFS($C$22:$C$136,L8,$D$22:$D$136,"*Mudança*",$Q$22:$Q$136,"<>Cancelada")>0,"M.Função ","")&IF(COUNTIFS($C$22:$C$136,L8,$D$22:$D$136,"*Treinamento*",$Q$22:$Q$136,"<>Cancelada")>0,"Trein. ",""))) -> REUNIÃO | N9: =IF(N8="","",TRIM(IF(COUNTIFS($C$22:$C$136,N8,$D$22:$D$136,"*Vistoria*",$Q$22:$Q$136,"<>Cancelada")>0,"Vistoria ","")&IF(COUNTIFS($C$22:$C$136,N8,$D$22:$D$136,"*Relatório*",$Q$22:$Q$136,"<>Cancelada")>0,"Relatório ","")&IF(COUNTIFS($C$22:$C$136,N8,$D$22:$D$136,"*Reunião*",$Q$22:$Q$136,"<>Cancelada")>0,"REUNIÃO ","")&IF(COUNTIFS($C$22:$C$136,N8,$D$22:$D$136,"*Férias*",$Q$22:$Q$136,"<>Cancelada")>0,"Férias ","")&IF(COUNTIFS($C$22:$C$136,N8,$D$22:$D$136,"*Mudança*",$Q$22:$Q$136,"<>Cancelada")>0,"M.Função ","")&IF(COUNTIFS($C$22:$C$136,N8,$D$22:$D$136,"*Treinamento*",$Q$22:$Q$136,"<>Cancelada")>0,"Trein. ","")))
B10: =IF(MONTH($X$1-WEEKDAY($X$1)+1+14)=MONTH($X$1),$X$1-WEEKDAY($X$1)+1+14,"") -> 46243 | D10: =IF(MONTH($X$1-WEEKDAY($X$1)+1+15)=MONTH($X$1),$X$1-WEEKDAY($X$1)+1+15,"") -> 46244 | F10: =IF(MONTH($X$1-WEEKDAY($X$1)+1+16)=MONTH($X$1),$X$1-WEEKDAY($X$1)+1+16,"") -> 46245 | H10: =IF(MONTH($X$1-WEEKDAY($X$1)+1+17)=MONTH($X$1),$X$1-WEEKDAY($X$1)+1+17,"") -> 46246 | J10: =IF(MONTH($X$1-WEEKDAY($X$1)+1+18)=MONTH($X$1),$X$1-WEEKDAY($X$1)+1+18,"") -> 46247 | L10: =IF(MONTH($X$1-WEEKDAY($X$1)+1+19)=MONTH($X$1),$X$1-WEEKDAY($X$1)+1+19,"") -> 46248 | N10: =IF(MONTH($X$1-WEEKDAY($X$1)+1+20)=MONTH($X$1),$X$1-WEEKDAY($X$1)+1+20,"") -> 46249
B11: =IF(B10="","",TRIM(IF(COUNTIFS($C$22:$C$136,B10,$D$22:$D$136,"*Vistoria*",$Q$22:$Q$136,"<>Cancelada")>0,"Vistoria ","")&IF(COUNTIFS($C$22:$C$136,B10,$D$22:$D$136,"*Relatório*",$Q$22:$Q$136,"<>Cancelada")>0,"Relatório ","")&IF(COUNTIFS($C$22:$C$136,B10,$D$22:$D$136,"*Reunião*",$Q$22:$Q$136,"<>Cancelada")>0,"REUNIÃO ","")&IF(COUNTIFS($C$22:$C$136,B10,$D$22:$D$136,"*Férias*",$Q$22:$Q$136,"<>Cancelada")>0,"Férias ","")&IF(COUNTIFS($C$22:$C$136,B10,$D$22:$D$136,"*Mudança*",$Q$22:$Q$136,"<>Cancelada")>0,"M.Função ","")&IF(COUNTIFS($C$22:$C$136,B10,$D$22:$D$136,"*Treinamento*",$Q$22:$Q$136,"<>Cancelada")>0,"Trein. ",""))) | D11: =IF(D10="","",TRIM(IF(COUNTIFS($C$22:$C$136,D10,$D$22:$D$136,"*Vistoria*",$Q$22:$Q$136,"<>Cancelada")>0,"Vistoria ","")&IF(COUNTIFS($C$22:$C$136,D10,$D$22:$D$136,"*Relatório*",$Q$22:$Q$136,"<>Cancelada")>0,"Relatório ","")&IF(COUNTIFS($C$22:$C$136,D10,$D$22:$D$136,"*Reunião*",$Q$22:$Q$136,"<>Cancelada")>0,"REUNIÃO ","")&IF(COUNTIFS($C$22:$C$136,D10,$D$22:$D$136,"*Férias*",$Q$22:$Q$136,"<>Cancelada")>0,"Férias ","")&IF(COUNTIFS($C$22:$C$136,D10,$D$22:$D$136,"*Mudança*",$Q$22:$Q$136,"<>Cancelada")>0,"M.Função ","")&IF(COUNTIFS($C$22:$C$136,D10,$D$22:$D$136,"*Treinamento*",$Q$22:$Q$136,"<>Cancelada")>0,"Trein. ",""))) | F11: =IF(F10="","",TRIM(IF(COUNTIFS($C$22:$C$136,F10,$D$22:$D$136,"*Vistoria*",$Q$22:$Q$136,"<>Cancelada")>0,"Vistoria ","")&IF(COUNTIFS($C$22:$C$136,F10,$D$22:$D$136,"*Relatório*",$Q$22:$Q$136,"<>Cancelada")>0,"Relatório ","")&IF(COUNTIFS($C$22:$C$136,F10,$D$22:$D$136,"*Reunião*",$Q$22:$Q$136,"<>Cancelada")>0,"REUNIÃO ","")&IF(COUNTIFS($C$22:$C$136,F10,$D$22:$D$136,"*Férias*",$Q$22:$Q$136,"<>Cancelada")>0,"Férias ","")&IF(COUNTIFS($C$22:$C$136,F10,$D$22:$D$136,"*Mudança*",$Q$22:$Q$136,"<>Cancelada")>0,"M.Função ","")&IF(COUNTIFS($C$22:$C$136,F10,$D$22:$D$136,"*Treinamento*",$Q$22:$Q$136,"<>Cancelada")>0,"Trein. ",""))) | H11: =IF(H10="","",TRIM(IF(COUNTIFS($C$22:$C$136,H10,$D$22:$D$136,"*Vistoria*",$Q$22:$Q$136,"<>Cancelada")>0,"Vistoria ","")&IF(COUNTIFS($C$22:$C$136,H10,$D$22:$D$136,"*Relatório*",$Q$22:$Q$136,"<>Cancelada")>0,"Relatório ","")&IF(COUNTIFS($C$22:$C$136,H10,$D$22:$D$136,"*Reunião*",$Q$22:$Q$136,"<>Cancelada")>0,"REUNIÃO ","")&IF(COUNTIFS($C$22:$C$136,H10,$D$22:$D$136,"*Férias*",$Q$22:$Q$136,"<>Cancelada")>0,"Férias ","")&IF(COUNTIFS($C$22:$C$136,H10,$D$22:$D$136,"*Mudança*",$Q$22:$Q$136,"<>Cancelada")>0,"M.Função ","")&IF(COUNTIFS($C$22:$C$136,H10,$D$22:$D$136,"*Treinamento*",$Q$22:$Q$136,"<>Cancelada")>0,"Trein. ",""))) -> Vistoria | J11: =IF(J10="","",TRIM(IF(COUNTIFS($C$22:$C$136,J10,$D$22:$D$136,"*Vistoria*",$Q$22:$Q$136,"<>Cancelada")>0,"Vistoria ","")&IF(COUNTIFS($C$22:$C$136,J10,$D$22:$D$136,"*Relatório*",$Q$22:$Q$136,"<>Cancelada")>0,"Relatório ","")&IF(COUNTIFS($C$22:$C$136,J10,$D$22:$D$136,"*Reunião*",$Q$22:$Q$136,"<>Cancelada")>0,"REUNIÃO ","")&IF(COUNTIFS($C$22:$C$136,J10,$D$22:$D$136,"*Férias*",$Q$22:$Q$136,"<>Cancelada")>0,"Férias ","")&IF(COUNTIFS($C$22:$C$136,J10,$D$22:$D$136,"*Mudança*",$Q$22:$Q$136,"<>Cancelada")>0,"M.Função ","")&IF(COUNTIFS($C$22:$C$136,J10,$D$22:$D$136,"*Treinamento*",$Q$22:$Q$136,"<>Cancelada")>0,"Trein. ",""))) -> Relatório | L11: =IF(L10="","",TRIM(IF(COUNTIFS($C$22:$C$136,L10,$D$22:$D$136,"*Vistoria*",$Q$22:$Q$136,"<>Cancelada")>0,"Vistoria ","")&IF(COUNTIFS($C$22:$C$136,L10,$D$22:$D$136,"*Relatório*",$Q$22:$Q$136,"<>Cancelada")>0,"Relatório ","")&IF(COUNTIFS($C$22:$C$136,L10,$D$22:$D$136,"*Reunião*",$Q$22:$Q$136,"<>Cancelada")>0,"REUNIÃO ","")&IF(COUNTIFS($C$22:$C$136,L10,$D$22:$D$136,"*Férias*",$Q$22:$Q$136,"<>Cancelada")>0,"Férias ","")&IF(COUNTIFS($C$22:$C$136,L10,$D$22:$D$136,"*Mudança*",$Q$22:$Q$136,"<>Cancelada")>0,"M.Função ","")&IF(COUNTIFS($C$22:$C$136,L10,$D$22:$D$136,"*Treinamento*",$Q$22:$Q$136,"<>Cancelada")>0,"Trein. ",""))) -> REUNIÃO | N11: =IF(N10="","",TRIM(IF(COUNTIFS($C$22:$C$136,N10,$D$22:$D$136,"*Vistoria*",$Q$22:$Q$136,"<>Cancelada")>0,"Vistoria ","")&IF(COUNTIFS($C$22:$C$136,N10,$D$22:$D$136,"*Relatório*",$Q$22:$Q$136,"<>Cancelada")>0,"Relatório ","")&IF(COUNTIFS($C$22:$C$136,N10,$D$22:$D$136,"*Reunião*",$Q$22:$Q$136,"<>Cancelada")>0,"REUNIÃO ","")&IF(COUNTIFS($C$22:$C$136,N10,$D$22:$D$136,"*Férias*",$Q$22:$Q$136,"<>Cancelada")>0,"Férias ","")&IF(COUNTIFS($C$22:$C$136,N10,$D$22:$D$136,"*Mudança*",$Q$22:$Q$136,"<>Cancelada")>0,"M.Função ","")&IF(COUNTIFS($C$22:$C$136,N10,$D$22:$D$136,"*Treinamento*",$Q$22:$Q$136,"<>Cancelada")>0,"Trein. ","")))
B12: =IF(MONTH($X$1-WEEKDAY($X$1)+1+21)=MONTH($X$1),$X$1-WEEKDAY($X$1)+1+21,"") -> 46250 | D12: =IF(MONTH($X$1-WEEKDAY($X$1)+1+22)=MONTH($X$1),$X$1-WEEKDAY($X$1)+1+22,"") -> 46251 | F12: =IF(MONTH($X$1-WEEKDAY($X$1)+1+23)=MONTH($X$1),$X$1-WEEKDAY($X$1)+1+23,"") -> 46252 | H12: =IF(MONTH($X$1-WEEKDAY($X$1)+1+24)=MONTH($X$1),$X$1-WEEKDAY($X$1)+1+24,"") -> 46253 | J12: =IF(MONTH($X$1-WEEKDAY($X$1)+1+25)=MONTH($X$1),$X$1-WEEKDAY($X$1)+1+25,"") -> 46254 | L12: =IF(MONTH($X$1-WEEKDAY($X$1)+1+26)=MONTH($X$1),$X$1-WEEKDAY($X$1)+1+26,"") -> 46255 | N12: =IF(MONTH($X$1-WEEKDAY($X$1)+1+27)=MONTH($X$1),$X$1-WEEKDAY($X$1)+1+27,"") -> 46256
B13: =IF(B12="","",TRIM(IF(COUNTIFS($C$22:$C$136,B12,$D$22:$D$136,"*Vistoria*",$Q$22:$Q$136,"<>Cancelada")>0,"Vistoria ","")&IF(COUNTIFS($C$22:$C$136,B12,$D$22:$D$136,"*Relatório*",$Q$22:$Q$136,"<>Cancelada")>0,"Relatório ","")&IF(COUNTIFS($C$22:$C$136,B12,$D$22:$D$136,"*Reunião*",$Q$22:$Q$136,"<>Cancelada")>0,"REUNIÃO ","")&IF(COUNTIFS($C$22:$C$136,B12,$D$22:$D$136,"*Férias*",$Q$22:$Q$136,"<>Cancelada")>0,"Férias ","")&IF(COUNTIFS($C$22:$C$136,B12,$D$22:$D$136,"*Mudança*",$Q$22:$Q$136,"<>Cancelada")>0,"M.Função ","")&IF(COUNTIFS($C$22:$C$136,B12,$D$22:$D$136,"*Treinamento*",$Q$22:$Q$136,"<>Cancelada")>0,"Trein. ",""))) | D13: =IF(D12="","",TRIM(IF(COUNTIFS($C$22:$C$136,D12,$D$22:$D$136,"*Vistoria*",$Q$22:$Q$136,"<>Cancelada")>0,"Vistoria ","")&IF(COUNTIFS($C$22:$C$136,D12,$D$22:$D$136,"*Relatório*",$Q$22:$Q$136,"<>Cancelada")>0,"Relatório ","")&IF(COUNTIFS($C$22:$C$136,D12,$D$22:$D$136,"*Reunião*",$Q$22:$Q$136,"<>Cancelada")>0,"REUNIÃO ","")&IF(COUNTIFS($C$22:$C$136,D12,$D$22:$D$136,"*Férias*",$Q$22:$Q$136,"<>Cancelada")>0,"Férias ","")&IF(COUNTIFS($C$22:$C$136,D12,$D$22:$D$136,"*Mudança*",$Q$22:$Q$136,"<>Cancelada")>0,"M.Função ","")&IF(COUNTIFS($C$22:$C$136,D12,$D$22:$D$136,"*Treinamento*",$Q$22:$Q$136,"<>Cancelada")>0,"Trein. ",""))) | F13: =IF(F12="","",TRIM(IF(COUNTIFS($C$22:$C$136,F12,$D$22:$D$136,"*Vistoria*",$Q$22:$Q$136,"<>Cancelada")>0,"Vistoria ","")&IF(COUNTIFS($C$22:$C$136,F12,$D$22:$D$136,"*Relatório*",$Q$22:$Q$136,"<>Cancelada")>0,"Relatório ","")&IF(COUNTIFS($C$22:$C$136,F12,$D$22:$D$136,"*Reunião*",$Q$22:$Q$136,"<>Cancelada")>0,"REUNIÃO ","")&IF(COUNTIFS($C$22:$C$136,F12,$D$22:$D$136,"*Férias*",$Q$22:$Q$136,"<>Cancelada")>0,"Férias ","")&IF(COUNTIFS($C$22:$C$136,F12,$D$22:$D$136,"*Mudança*",$Q$22:$Q$136,"<>Cancelada")>0,"M.Função ","")&IF(COUNTIFS($C$22:$C$136,F12,$D$22:$D$136,"*Treinamento*",$Q$22:$Q$136,"<>Cancelada")>0,"Trein. ",""))) | H13: =IF(H12="","",TRIM(IF(COUNTIFS($C$22:$C$136,H12,$D$22:$D$136,"*Vistoria*",$Q$22:$Q$136,"<>Cancelada")>0,"Vistoria ","")&IF(COUNTIFS($C$22:$C$136,H12,$D$22:$D$136,"*Relatório*",$Q$22:$Q$136,"<>Cancelada")>0,"Relatório ","")&IF(COUNTIFS($C$22:$C$136,H12,$D$22:$D$136,"*Reunião*",$Q$22:$Q$136,"<>Cancelada")>0,"REUNIÃO ","")&IF(COUNTIFS($C$22:$C$136,H12,$D$22:$D$136,"*Férias*",$Q$22:$Q$136,"<>Cancelada")>0,"Férias ","")&IF(COUNTIFS($C$22:$C$136,H12,$D$22:$D$136,"*Mudança*",$Q$22:$Q$136,"<>Cancelada")>0,"M.Função ","")&IF(COUNTIFS($C$22:$C$136,H12,$D$22:$D$136,"*Treinamento*",$Q$22:$Q$136,"<>Cancelada")>0,"Trein. ",""))) -> Vistoria | J13: =IF(J12="","",TRIM(IF(COUNTIFS($C$22:$C$136,J12,$D$22:$D$136,"*Vistoria*",$Q$22:$Q$136,"<>Cancelada")>0,"Vistoria ","")&IF(COUNTIFS($C$22:$C$136,J12,$D$22:$D$136,"*Relatório*",$Q$22:$Q$136,"<>Cancelada")>0,"Relatório ","")&IF(COUNTIFS($C$22:$C$136,J12,$D$22:$D$136,"*Reunião*",$Q$22:$Q$136,"<>Cancelada")>0,"REUNIÃO ","")&IF(COUNTIFS($C$22:$C$136,J12,$D$22:$D$136,"*Férias*",$Q$22:$Q$136,"<>Cancelada")>0,"Férias ","")&IF(COUNTIFS($C$22:$C$136,J12,$D$22:$D$136,"*Mudança*",$Q$22:$Q$136,"<>Cancelada")>0,"M.Função ","")&IF(COUNTIFS($C$22:$C$136,J12,$D$22:$D$136,"*Treinamento*",$Q$22:$Q$136,"<>Cancelada")>0,"Trein. ",""))) -> Relatório | L13: =IF(L12="","",TRIM(IF(COUNTIFS($C$22:$C$136,L12,$D$22:$D$136,"*Vistoria*",$Q$22:$Q$136,"<>Cancelada")>0,"Vistoria ","")&IF(COUNTIFS($C$22:$C$136,L12,$D$22:$D$136,"*Relatório*",$Q$22:$Q$136,"<>Cancelada")>0,"Relatório ","")&IF(COUNTIFS($C$22:$C$136,L12,$D$22:$D$136,"*Reunião*",$Q$22:$Q$136,"<>Cancelada")>0,"REUNIÃO ","")&IF(COUNTIFS($C$22:$C$136,L12,$D$22:$D$136,"*Férias*",$Q$22:$Q$136,"<>Cancelada")>0,"Férias ","")&IF(COUNTIFS($C$22:$C$136,L12,$D$22:$D$136,"*Mudança*",$Q$22:$Q$136,"<>Cancelada")>0,"M.Função ","")&IF(COUNTIFS($C$22:$C$136,L12,$D$22:$D$136,"*Treinamento*",$Q$22:$Q$136,"<>Cancelada")>0,"Trein. ",""))) -> REUNIÃO | N13: =IF(N12="","",TRIM(IF(COUNTIFS($C$22:$C$136,N12,$D$22:$D$136,"*Vistoria*",$Q$22:$Q$136,"<>Cancelada")>0,"Vistoria ","")&IF(COUNTIFS($C$22:$C$136,N12,$D$22:$D$136,"*Relatório*",$Q$22:$Q$136,"<>Cancelada")>0,"Relatório ","")&IF(COUNTIFS($C$22:$C$136,N12,$D$22:$D$136,"*Reunião*",$Q$22:$Q$136,"<>Cancelada")>0,"REUNIÃO ","")&IF(COUNTIFS($C$22:$C$136,N12,$D$22:$D$136,"*Férias*",$Q$22:$Q$136,"<>Cancelada")>0,"Férias ","")&IF(COUNTIFS($C$22:$C$136,N12,$D$22:$D$136,"*Mudança*",$Q$22:$Q$136,"<>Cancelada")>0,"M.Função ","")&IF(COUNTIFS($C$22:$C$136,N12,$D$22:$D$136,"*Treinamento*",$Q$22:$Q$136,"<>Cancelada")>0,"Trein. ","")))
B14: =IF(MONTH($X$1-WEEKDAY($X$1)+1+28)=MONTH($X$1),$X$1-WEEKDAY($X$1)+1+28,"") -> 46257 | D14: =IF(MONTH($X$1-WEEKDAY($X$1)+1+29)=MONTH($X$1),$X$1-WEEKDAY($X$1)+1+29,"") -> 46258 | F14: =IF(MONTH($X$1-WEEKDAY($X$1)+1+30)=MONTH($X$1),$X$1-WEEKDAY($X$1)+1+30,"") -> 46259 | H14: =IF(MONTH($X$1-WEEKDAY($X$1)+1+31)=MONTH($X$1),$X$1-WEEKDAY($X$1)+1+31,"") -> 46260 | J14: =IF(MONTH($X$1-WEEKDAY($X$1)+1+32)=MONTH($X$1),$X$1-WEEKDAY($X$1)+1+32,"") -> 46261 | L14: =IF(MONTH($X$1-WEEKDAY($X$1)+1+33)=MONTH($X$1),$X$1-WEEKDAY($X$1)+1+33,"") -> 46262 | N14: =IF(MONTH($X$1-WEEKDAY($X$1)+1+34)=MONTH($X$1),$X$1-WEEKDAY($X$1)+1+34,"") -> 46263
B15: =IF(B14="","",TRIM(IF(COUNTIFS($C$22:$C$136,B14,$D$22:$D$136,"*Vistoria*",$Q$22:$Q$136,"<>Cancelada")>0,"Vistoria ","")&IF(COUNTIFS($C$22:$C$136,B14,$D$22:$D$136,"*Relatório*",$Q$22:$Q$136,"<>Cancelada")>0,"Relatório ","")&IF(COUNTIFS($C$22:$C$136,B14,$D$22:$D$136,"*Reunião*",$Q$22:$Q$136,"<>Cancelada")>0,"REUNIÃO ","")&IF(COUNTIFS($C$22:$C$136,B14,$D$22:$D$136,"*Férias*",$Q$22:$Q$136,"<>Cancelada")>0,"Férias ","")&IF(COUNTIFS($C$22:$C$136,B14,$D$22:$D$136,"*Mudança*",$Q$22:$Q$136,"<>Cancelada")>0,"M.Função ","")&IF(COUNTIFS($C$22:$C$136,B14,$D$22:$D$136,"*Treinamento*",$Q$22:$Q$136,"<>Cancelada")>0,"Trein. ",""))) | D15: =IF(D14="","",TRIM(IF(COUNTIFS($C$22:$C$136,D14,$D$22:$D$136,"*Vistoria*",$Q$22:$Q$136,"<>Cancelada")>0,"Vistoria ","")&IF(COUNTIFS($C$22:$C$136,D14,$D$22:$D$136,"*Relatório*",$Q$22:$Q$136,"<>Cancelada")>0,"Relatório ","")&IF(COUNTIFS($C$22:$C$136,D14,$D$22:$D$136,"*Reunião*",$Q$22:$Q$136,"<>Cancelada")>0,"REUNIÃO ","")&IF(COUNTIFS($C$22:$C$136,D14,$D$22:$D$136,"*Férias*",$Q$22:$Q$136,"<>Cancelada")>0,"Férias ","")&IF(COUNTIFS($C$22:$C$136,D14,$D$22:$D$136,"*Mudança*",$Q$22:$Q$136,"<>Cancelada")>0,"M.Função ","")&IF(COUNTIFS($C$22:$C$136,D14,$D$22:$D$136,"*Treinamento*",$Q$22:$Q$136,"<>Cancelada")>0,"Trein. ",""))) | F15: =IF(F14="","",TRIM(IF(COUNTIFS($C$22:$C$136,F14,$D$22:$D$136,"*Vistoria*",$Q$22:$Q$136,"<>Cancelada")>0,"Vistoria ","")&IF(COUNTIFS($C$22:$C$136,F14,$D$22:$D$136,"*Relatório*",$Q$22:$Q$136,"<>Cancelada")>0,"Relatório ","")&IF(COUNTIFS($C$22:$C$136,F14,$D$22:$D$136,"*Reunião*",$Q$22:$Q$136,"<>Cancelada")>0,"REUNIÃO ","")&IF(COUNTIFS($C$22:$C$136,F14,$D$22:$D$136,"*Férias*",$Q$22:$Q$136,"<>Cancelada")>0,"Férias ","")&IF(COUNTIFS($C$22:$C$136,F14,$D$22:$D$136,"*Mudança*",$Q$22:$Q$136,"<>Cancelada")>0,"M.Função ","")&IF(COUNTIFS($C$22:$C$136,F14,$D$22:$D$136,"*Treinamento*",$Q$22:$Q$136,"<>Cancelada")>0,"Trein. ",""))) | H15: =IF(H14="","",TRIM(IF(COUNTIFS($C$22:$C$136,H14,$D$22:$D$136,"*Vistoria*",$Q$22:$Q$136,"<>Cancelada")>0,"Vistoria ","")&IF(COUNTIFS($C$22:$C$136,H14,$D$22:$D$136,"*Relatório*",$Q$22:$Q$136,"<>Cancelada")>0,"Relatório ","")&IF(COUNTIFS($C$22:$C$136,H14,$D$22:$D$136,"*Reunião*",$Q$22:$Q$136,"<>Cancelada")>0,"REUNIÃO ","")&IF(COUNTIFS($C$22:$C$136,H14,$D$22:$D$136,"*Férias*",$Q$22:$Q$136,"<>Cancelada")>0,"Férias ","")&IF(COUNTIFS($C$22:$C$136,H14,$D$22:$D$136,"*Mudança*",$Q$22:$Q$136,"<>Cancelada")>0,"M.Função ","")&IF(COUNTIFS($C$22:$C$136,H14,$D$22:$D$136,"*Treinamento*",$Q$22:$Q$136,"<>Cancelada")>0,"Trein. ",""))) -> Vistoria | J15: =IF(J14="","",TRIM(IF(COUNTIFS($C$22:$C$136,J14,$D$22:$D$136,"*Vistoria*",$Q$22:$Q$136,"<>Cancelada")>0,"Vistoria ","")&IF(COUNTIFS($C$22:$C$136,J14,$D$22:$D$136,"*Relatório*",$Q$22:$Q$136,"<>Cancelada")>0,"Relatório ","")&IF(COUNTIFS($C$22:$C$136,J14,$D$22:$D$136,"*Reunião*",$Q$22:$Q$136,"<>Cancelada")>0,"REUNIÃO ","")&IF(COUNTIFS($C$22:$C$136,J14,$D$22:$D$136,"*Férias*",$Q$22:$Q$136,"<>Cancelada")>0,"Férias ","")&IF(COUNTIFS($C$22:$C$136,J14,$D$22:$D$136,"*Mudança*",$Q$22:$Q$136,"<>Cancelada")>0,"M.Função ","")&IF(COUNTIFS($C$22:$C$136,J14,$D$22:$D$136,"*Treinamento*",$Q$22:$Q$136,"<>Cancelada")>0,"Trein. ",""))) -> Relatório | L15: =IF(L14="","",TRIM(IF(COUNTIFS($C$22:$C$136,L14,$D$22:$D$136,"*Vistoria*",$Q$22:$Q$136,"<>Cancelada")>0,"Vistoria ","")&IF(COUNTIFS($C$22:$C$136,L14,$D$22:$D$136,"*Relatório*",$Q$22:$Q$136,"<>Cancelada")>0,"Relatório ","")&IF(COUNTIFS($C$22:$C$136,L14,$D$22:$D$136,"*Reunião*",$Q$22:$Q$136,"<>Cancelada")>0,"REUNIÃO ","")&IF(COUNTIFS($C$22:$C$136,L14,$D$22:$D$136,"*Férias*",$Q$22:$Q$136,"<>Cancelada")>0,"Férias ","")&IF(COUNTIFS($C$22:$C$136,L14,$D$22:$D$136,"*Mudança*",$Q$22:$Q$136,"<>Cancelada")>0,"M.Função ","")&IF(COUNTIFS($C$22:$C$136,L14,$D$22:$D$136,"*Treinamento*",$Q$22:$Q$136,"<>Cancelada")>0,"Trein. ",""))) -> REUNIÃO M.Função | N15: =IF(N14="","",TRIM(IF(COUNTIFS($C$22:$C$136,N14,$D$22:$D$136,"*Vistoria*",$Q$22:$Q$136,"<>Cancelada")>0,"Vistoria ","")&IF(COUNTIFS($C$22:$C$136,N14,$D$22:$D$136,"*Relatório*",$Q$22:$Q$136,"<>Cancelada")>0,"Relatório ","")&IF(COUNTIFS($C$22:$C$136,N14,$D$22:$D$136,"*Reunião*",$Q$22:$Q$136,"<>Cancelada")>0,"REUNIÃO ","")&IF(COUNTIFS($C$22:$C$136,N14,$D$22:$D$136,"*Férias*",$Q$22:$Q$136,"<>Cancelada")>0,"Férias ","")&IF(COUNTIFS($C$22:$C$136,N14,$D$22:$D$136,"*Mudança*",$Q$22:$Q$136,"<>Cancelada")>0,"M.Função ","")&IF(COUNTIFS($C$22:$C$136,N14,$D$22:$D$136,"*Treinamento*",$Q$22:$Q$136,"<>Cancelada")>0,"Trein. ","")))
B16: =IF(MONTH($X$1-WEEKDAY($X$1)+1+35)=MONTH($X$1),$X$1-WEEKDAY($X$1)+1+35,"") -> 46264 | D16: =IF(MONTH($X$1-WEEKDAY($X$1)+1+36)=MONTH($X$1),$X$1-WEEKDAY($X$1)+1+36,"") -> 46265 | F16: =IF(MONTH($X$1-WEEKDAY($X$1)+1+37)=MONTH($X$1),$X$1-WEEKDAY($X$1)+1+37,"") | H16: =IF(MONTH($X$1-WEEKDAY($X$1)+1+38)=MONTH($X$1),$X$1-WEEKDAY($X$1)+1+38,"") | J16: =IF(MONTH($X$1-WEEKDAY($X$1)+1+39)=MONTH($X$1),$X$1-WEEKDAY($X$1)+1+39,"") | L16: =IF(MONTH($X$1-WEEKDAY($X$1)+1+40)=MONTH($X$1),$X$1-WEEKDAY($X$1)+1+40,"") | N16: =IF(MONTH($X$1-WEEKDAY($X$1)+1+41)=MONTH($X$1),$X$1-WEEKDAY($X$1)+1+41,"")
B17: =IF(B16="","",TRIM(IF(COUNTIFS($C$22:$C$136,B16,$D$22:$D$136,"*Vistoria*",$Q$22:$Q$136,"<>Cancelada")>0,"Vistoria ","")&IF(COUNTIFS($C$22:$C$136,B16,$D$22:$D$136,"*Relatório*",$Q$22:$Q$136,"<>Cancelada")>0,"Relatório ","")&IF(COUNTIFS($C$22:$C$136,B16,$D$22:$D$136,"*Reunião*",$Q$22:$Q$136,"<>Cancelada")>0,"REUNIÃO ","")&IF(COUNTIFS($C$22:$C$136,B16,$D$22:$D$136,"*Férias*",$Q$22:$Q$136,"<>Cancelada")>0,"Férias ","")&IF(COUNTIFS($C$22:$C$136,B16,$D$22:$D$136,"*Mudança*",$Q$22:$Q$136,"<>Cancelada")>0,"M.Função ","")&IF(COUNTIFS($C$22:$C$136,B16,$D$22:$D$136,"*Treinamento*",$Q$22:$Q$136,"<>Cancelada")>0,"Trein. ",""))) | D17: =IF(D16="","",TRIM(IF(COUNTIFS($C$22:$C$136,D16,$D$22:$D$136,"*Vistoria*",$Q$22:$Q$136,"<>Cancelada")>0,"Vistoria ","")&IF(COUNTIFS($C$22:$C$136,D16,$D$22:$D$136,"*Relatório*",$Q$22:$Q$136,"<>Cancelada")>0,"Relatório ","")&IF(COUNTIFS($C$22:$C$136,D16,$D$22:$D$136,"*Reunião*",$Q$22:$Q$136,"<>Cancelada")>0,"REUNIÃO ","")&IF(COUNTIFS($C$22:$C$136,D16,$D$22:$D$136,"*Férias*",$Q$22:$Q$136,"<>Cancelada")>0,"Férias ","")&IF(COUNTIFS($C$22:$C$136,D16,$D$22:$D$136,"*Mudança*",$Q$22:$Q$136,"<>Cancelada")>0,"M.Função ","")&IF(COUNTIFS($C$22:$C$136,D16,$D$22:$D$136,"*Treinamento*",$Q$22:$Q$136,"<>Cancelada")>0,"Trein. ",""))) | F17: =IF(F16="","",TRIM(IF(COUNTIFS($C$22:$C$136,F16,$D$22:$D$136,"*Vistoria*",$Q$22:$Q$136,"<>Cancelada")>0,"Vistoria ","")&IF(COUNTIFS($C$22:$C$136,F16,$D$22:$D$136,"*Relatório*",$Q$22:$Q$136,"<>Cancelada")>0,"Relatório ","")&IF(COUNTIFS($C$22:$C$136,F16,$D$22:$D$136,"*Reunião*",$Q$22:$Q$136,"<>Cancelada")>0,"REUNIÃO ","")&IF(COUNTIFS($C$22:$C$136,F16,$D$22:$D$136,"*Férias*",$Q$22:$Q$136,"<>Cancelada")>0,"Férias ","")&IF(COUNTIFS($C$22:$C$136,F16,$D$22:$D$136,"*Mudança*",$Q$22:$Q$136,"<>Cancelada")>0,"M.Função ","")&IF(COUNTIFS($C$22:$C$136,F16,$D$22:$D$136,"*Treinamento*",$Q$22:$Q$136,"<>Cancelada")>0,"Trein. ",""))) | H17: =IF(H16="","",TRIM(IF(COUNTIFS($C$22:$C$136,H16,$D$22:$D$136,"*Vistoria*",$Q$22:$Q$136,"<>Cancelada")>0,"Vistoria ","")&IF(COUNTIFS($C$22:$C$136,H16,$D$22:$D$136,"*Relatório*",$Q$22:$Q$136,"<>Cancelada")>0,"Relatório ","")&IF(COUNTIFS($C$22:$C$136,H16,$D$22:$D$136,"*Reunião*",$Q$22:$Q$136,"<>Cancelada")>0,"REUNIÃO ","")&IF(COUNTIFS($C$22:$C$136,H16,$D$22:$D$136,"*Férias*",$Q$22:$Q$136,"<>Cancelada")>0,"Férias ","")&IF(COUNTIFS($C$22:$C$136,H16,$D$22:$D$136,"*Mudança*",$Q$22:$Q$136,"<>Cancelada")>0,"M.Função ","")&IF(COUNTIFS($C$22:$C$136,H16,$D$22:$D$136,"*Treinamento*",$Q$22:$Q$136,"<>Cancelada")>0,"Trein. ",""))) | J17: =IF(J16="","",TRIM(IF(COUNTIFS($C$22:$C$136,J16,$D$22:$D$136,"*Vistoria*",$Q$22:$Q$136,"<>Cancelada")>0,"Vistoria ","")&IF(COUNTIFS($C$22:$C$136,J16,$D$22:$D$136,"*Relatório*",$Q$22:$Q$136,"<>Cancelada")>0,"Relatório ","")&IF(COUNTIFS($C$22:$C$136,J16,$D$22:$D$136,"*Reunião*",$Q$22:$Q$136,"<>Cancelada")>0,"REUNIÃO ","")&IF(COUNTIFS($C$22:$C$136,J16,$D$22:$D$136,"*Férias*",$Q$22:$Q$136,"<>Cancelada")>0,"Férias ","")&IF(COUNTIFS($C$22:$C$136,J16,$D$22:$D$136,"*Mudança*",$Q$22:$Q$136,"<>Cancelada")>0,"M.Função ","")&IF(COUNTIFS($C$22:$C$136,J16,$D$22:$D$136,"*Treinamento*",$Q$22:$Q$136,"<>Cancelada")>0,"Trein. ",""))) | L17: =IF(L16="","",TRIM(IF(COUNTIFS($C$22:$C$136,L16,$D$22:$D$136,"*Vistoria*",$Q$22:$Q$136,"<>Cancelada")>0,"Vistoria ","")&IF(COUNTIFS($C$22:$C$136,L16,$D$22:$D$136,"*Relatório*",$Q$22:$Q$136,"<>Cancelada")>0,"Relatório ","")&IF(COUNTIFS($C$22:$C$136,L16,$D$22:$D$136,"*Reunião*",$Q$22:$Q$136,"<>Cancelada")>0,"REUNIÃO ","")&IF(COUNTIFS($C$22:$C$136,L16,$D$22:$D$136,"*Férias*",$Q$22:$Q$136,"<>Cancelada")>0,"Férias ","")&IF(COUNTIFS($C$22:$C$136,L16,$D$22:$D$136,"*Mudança*",$Q$22:$Q$136,"<>Cancelada")>0,"M.Função ","")&IF(COUNTIFS($C$22:$C$136,L16,$D$22:$D$136,"*Treinamento*",$Q$22:$Q$136,"<>Cancelada")>0,"Trein. ",""))) | N17: =IF(N16="","",TRIM(IF(COUNTIFS($C$22:$C$136,N16,$D$22:$D$136,"*Vistoria*",$Q$22:$Q$136,"<>Cancelada")>0,"Vistoria ","")&IF(COUNTIFS($C$22:$C$136,N16,$D$22:$D$136,"*Relatório*",$Q$22:$Q$136,"<>Cancelada")>0,"Relatório ","")&IF(COUNTIFS($C$22:$C$136,N16,$D$22:$D$136,"*Reunião*",$Q$22:$Q$136,"<>Cancelada")>0,"REUNIÃO ","")&IF(COUNTIFS($C$22:$C$136,N16,$D$22:$D$136,"*Férias*",$Q$22:$Q$136,"<>Cancelada")>0,"Férias ","")&IF(COUNTIFS($C$22:$C$136,N16,$D$22:$D$136,"*Mudança*",$Q$22:$Q$136,"<>Cancelada")>0,"M.Função ","")&IF(COUNTIFS($C$22:$C$136,N16,$D$22:$D$136,"*Treinamento*",$Q$22:$Q$136,"<>Cancelada")>0,"Trein. ","")))
B18: Amarelo = hoje · Azul = dia com prazo · Vermelho = dia com atraso · SEX (verde) = reunião com a gerência — o marco da semana
A20: GESTÃO DE ATIVIDADES — este calendário controla APENAS atividades. Faltas, atestados, erros e metas ficam na planilha GSL-DADOS (nenhum dado de pessoa entra aqui).
A21: ID | B21: SEM. | C21: PRAZO | D21: ATIVIDADE | G21: TURNO | H21: COORDENADOR | J21: SETOR (vistoria) | M21: LINK DO ANEXO (ENTREGA) | P21: ENTREGUE EM | Q21: VALIDAÇÃO | R21: MOTIVO REPROV./CANCEL. | S21: STATUS | T21: fL | U21: fA | V21: fE
A22: =IF($C22="","",$X$2&"-S"&INT(($C22-WEEKDAY($C22,2)+11-DATE(YEAR($C22+4-WEEKDAY($C22,2)),1,1))/7)&"-FER-A") -> AGO-S32-FER-A | B22: =IF($C22="","","S"&INT(($C22-WEEKDAY($C22,2)+11-DATE(YEAR($C22+4-WEEKDAY($C22,2)),1,1))/7)) -> S32 | C22: =$X$1+MOD(8-WEEKDAY($X$1,2),7) -> 46237 | D22: =IF($C22="","","Programação de Férias (mensal)") -> Programação de Férias (mensal) | G22: =IF($C22="","","A") -> A | H22: =IF($C22="","",IF($G22="A",CONFIG!$B$5,IF($G22="B",CONFIG!$B$6,IF($G22="C",CONFIG!$B$7,"Gerência + coordenadores")))) -> (preencha o nome) | J22: =IF($C22="","","—") -> — | S22: =IF($C22="","",IF($Q22="Cancelada","Cancelada",IF($Q22="Reprovado","Reprovada",IF($Q22="Aprovado","Aprovada",IF($M22<>"","Entregue",IF(TODAY()>$C22,"Atrasada","Pendente")))))) -> Atrasada
A23: =IF($C23="","",$X$2&"-S"&INT(($C23-WEEKDAY($C23,2)+11-DATE(YEAR($C23+4-WEEKDAY($C23,2)),1,1))/7)&"-FER-B") -> AGO-S32-FER-B | B23: =IF($C23="","","S"&INT(($C23-WEEKDAY($C23,2)+11-DATE(YEAR($C23+4-WEEKDAY($C23,2)),1,1))/7)) -> S32 | C23: =$X$1+MOD(8-WEEKDAY($X$1,2),7) -> 46237 | D23: =IF($C23="","","Programação de Férias (mensal)") -> Programação de Férias (mensal) | G23: =IF($C23="","","B") -> B | H23: =IF($C23="","",IF($G23="A",CONFIG!$B$5,IF($G23="B",CONFIG!$B$6,IF($G23="C",CONFIG!$B$7,"Gerência + coordenadores")))) -> (preencha o nome) | J23: =IF($C23="","","—") -> — | S23: =IF($C23="","",IF($Q23="Cancelada","Cancelada",IF($Q23="Reprovado","Reprovada",IF($Q23="Aprovado","Aprovada",IF($M23<>"","Entregue",IF(TODAY()>$C23,"Atrasada","Pendente")))))) -> Atrasada
A24: =IF($C24="","",$X$2&"-S"&INT(($C24-WEEKDAY($C24,2)+11-DATE(YEAR($C24+4-WEEKDAY($C24,2)),1,1))/7)&"-FER-C") -> AGO-S32-FER-C | B24: =IF($C24="","","S"&INT(($C24-WEEKDAY($C24,2)+11-DATE(YEAR($C24+4-WEEKDAY($C24,2)),1,1))/7)) -> S32 | C24: =$X$1+MOD(8-WEEKDAY($X$1,2),7) -> 46237 | D24: =IF($C24="","","Programação de Férias (mensal)") -> Programação de Férias (mensal) | G24: =IF($C24="","","C") -> C | H24: =IF($C24="","",IF($G24="A",CONFIG!$B$5,IF($G24="B",CONFIG!$B$6,IF($G24="C",CONFIG!$B$7,"Gerência + coordenadores")))) -> (preencha o nome) | J24: =IF($C24="","","—") -> — | S24: =IF($C24="","",IF($Q24="Cancelada","Cancelada",IF($Q24="Reprovado","Reprovada",IF($Q24="Aprovado","Aprovada",IF($M24<>"","Entregue",IF(TODAY()>$C24,"Atrasada","Pendente")))))) -> Atrasada
A25: =IF($C25="","",$X$2&"-S"&INT(($C25-WEEKDAY($C25,2)+11-DATE(YEAR($C25+4-WEEKDAY($C25,2)),1,1))/7)&"-VIS-A") -> AGO-S32-VIS-A | B25: =IF($C25="","","S"&INT(($C25-WEEKDAY($C25,2)+11-DATE(YEAR($C25+4-WEEKDAY($C25,2)),1,1))/7)) -> S32 | C25: =IF(MONTH(($X$1-WEEKDAY($X$1,3)+7)+2)=MONTH($X$1),($X$1-WEEKDAY($X$1,3)+7)+2,"") -> 46239 | D25: =IF($C25="","","Vistoria Setorial (checklist no setor definido pelo gerente)") -> Vistoria Setorial (checklist no setor definido pelo gerente) | G25: =IF($C25="","","A") -> A | H25: =IF($C25="","",IF($G25="A",CONFIG!$B$5,IF($G25="B",CONFIG!$B$6,IF($G25="C",CONFIG!$B$7,"Gerência + coordenadores")))) -> (preencha o nome) | S25: =IF($C25="","",IF($Q25="Cancelada","Cancelada",IF($Q25="Reprovado","Reprovada",IF($Q25="Aprovado","Aprovada",IF($M25<>"","Entregue",IF(TODAY()>$C25,"Atrasada","Pendente")))))) -> Pendente
A26: =IF($C26="","",$X$2&"-S"&INT(($C26-WEEKDAY($C26,2)+11-DATE(YEAR($C26+4-WEEKDAY($C26,2)),1,1))/7)&"-VIS-B") -> AGO-S32-VIS-B | B26: =IF($C26="","","S"&INT(($C26-WEEKDAY($C26,2)+11-DATE(YEAR($C26+4-WEEKDAY($C26,2)),1,1))/7)) -> S32 | C26: =IF(MONTH(($X$1-WEEKDAY($X$1,3)+7)+2)=MONTH($X$1),($X$1-WEEKDAY($X$1,3)+7)+2,"") -> 46239 | D26: =IF($C26="","","Vistoria Setorial (checklist no setor definido pelo gerente)") -> Vistoria Setorial (checklist no setor definido pelo gerente) | G26: =IF($C26="","","B") -> B | H26: =IF($C26="","",IF($G26="A",CONFIG!$B$5,IF($G26="B",CONFIG!$B$6,IF($G26="C",CONFIG!$B$7,"Gerência + coordenadores")))) -> (preencha o nome) | S26: =IF($C26="","",IF($Q26="Cancelada","Cancelada",IF($Q26="Reprovado","Reprovada",IF($Q26="Aprovado","Aprovada",IF($M26<>"","Entregue",IF(TODAY()>$C26,"Atrasada","Pendente")))))) -> Pendente
A27: =IF($C27="","",$X$2&"-S"&INT(($C27-WEEKDAY($C27,2)+11-DATE(YEAR($C27+4-WEEKDAY($C27,2)),1,1))/7)&"-VIS-C") -> AGO-S32-VIS-C | B27: =IF($C27="","","S"&INT(($C27-WEEKDAY($C27,2)+11-DATE(YEAR($C27+4-WEEKDAY($C27,2)),1,1))/7)) -> S32 | C27: =IF(MONTH(($X$1-WEEKDAY($X$1,3)+7)+2)=MONTH($X$1),($X$1-WEEKDAY($X$1,3)+7)+2,"") -> 46239 | D27: =IF($C27="","","Vistoria Setorial (checklist no setor definido pelo gerente)") -> Vistoria Setorial (checklist no setor definido pelo gerente) | G27: =IF($C27="","","C") -> C | H27: =IF($C27="","",IF($G27="A",CONFIG!$B$5,IF($G27="B",CONFIG!$B$6,IF($G27="C",CONFIG!$B$7,"Gerência + coordenadores")))) -> (preencha o nome) | S27: =IF($C27="","",IF($Q27="Cancelada","Cancelada",IF($Q27="Reprovado","Reprovada",IF($Q27="Aprovado","Aprovada",IF($M27<>"","Entregue",IF(TODAY()>$C27,"Atrasada","Pendente")))))) -> Pendente
A28: =IF($C28="","",$X$2&"-S"&INT(($C28-WEEKDAY($C28,2)+11-DATE(YEAR($C28+4-WEEKDAY($C28,2)),1,1))/7)&"-RSC-A") -> AGO-S32-RSC-A | B28: =IF($C28="","","S"&INT(($C28-WEEKDAY($C28,2)+11-DATE(YEAR($C28+4-WEEKDAY($C28,2)),1,1))/7)) -> S32 | C28: =IF(MONTH(($X$1-WEEKDAY($X$1,3)+7)+3)=MONTH($X$1),($X$1-WEEKDAY($X$1,3)+7)+3,"") -> 46240 | D28: =IF($C28="","","Relatório Semanal Consolidado (erros + metas + faltas + supervisores)") -> Relatório Semanal Consolidado (erros + metas + faltas + supervisores) | G28: =IF($C28="","","A") -> A | H28: =IF($C28="","",IF($G28="A",CONFIG!$B$5,IF($G28="B",CONFIG!$B$6,IF($G28="C",CONFIG!$B$7,"Gerência + coordenadores")))) -> (preencha o nome) | J28: =IF($C28="","","—") -> — | S28: =IF($C28="","",IF($Q28="Cancelada","Cancelada",IF($Q28="Reprovado","Reprovada",IF($Q28="Aprovado","Aprovada",IF($M28<>"","Entregue",IF(TODAY()>$C28,"Atrasada","Pendente")))))) -> Pendente
A29: =IF($C29="","",$X$2&"-S"&INT(($C29-WEEKDAY($C29,2)+11-DATE(YEAR($C29+4-WEEKDAY($C29,2)),1,1))/7)&"-RSC-B") -> AGO-S32-RSC-B | B29: =IF($C29="","","S"&INT(($C29-WEEKDAY($C29,2)+11-DATE(YEAR($C29+4-WEEKDAY($C29,2)),1,1))/7)) -> S32 | C29: =IF(MONTH(($X$1-WEEKDAY($X$1,3)+7)+3)=MONTH($X$1),($X$1-WEEKDAY($X$1,3)+7)+3,"") -> 46240 | D29: =IF($C29="","","Relatório Semanal Consolidado (erros + metas + faltas + supervisores)") -> Relatório Semanal Consolidado (erros + metas + faltas + supervisores) | G29: =IF($C29="","","B") -> B | H29: =IF($C29="","",IF($G29="A",CONFIG!$B$5,IF($G29="B",CONFIG!$B$6,IF($G29="C",CONFIG!$B$7,"Gerência + coordenadores")))) -> (preencha o nome) | J29: =IF($C29="","","—") -> — | S29: =IF($C29="","",IF($Q29="Cancelada","Cancelada",IF($Q29="Reprovado","Reprovada",IF($Q29="Aprovado","Aprovada",IF($M29<>"","Entregue",IF(TODAY()>$C29,"Atrasada","Pendente")))))) -> Pendente
A30: =IF($C30="","",$X$2&"-S"&INT(($C30-WEEKDAY($C30,2)+11-DATE(YEAR($C30+4-WEEKDAY($C30,2)),1,1))/7)&"-RSC-C") -> AGO-S32-RSC-C | B30: =IF($C30="","","S"&INT(($C30-WEEKDAY($C30,2)+11-DATE(YEAR($C30+4-WEEKDAY($C30,2)),1,1))/7)) -> S32 | C30: =IF(MONTH(($X$1-WEEKDAY($X$1,3)+7)+3)=MONTH($X$1),($X$1-WEEKDAY($X$1,3)+7)+3,"") -> 46240 | D30: =IF($C30="","","Relatório Semanal Consolidado (erros + metas + faltas + supervisores)") -> Relatório Semanal Consolidado (erros + metas + faltas + supervisores) | G30: =IF($C30="","","C") -> C | H30: =IF($C30="","",IF($G30="A",CONFIG!$B$5,IF($G30="B",CONFIG!$B$6,IF($G30="C",CONFIG!$B$7,"Gerência + coordenadores")))) -> (preencha o nome) | J30: =IF($C30="","","—") -> — | S30: =IF($C30="","",IF($Q30="Cancelada","Cancelada",IF($Q30="Reprovado","Reprovada",IF($Q30="Aprovado","Aprovada",IF($M30<>"","Entregue",IF(TODAY()>$C30,"Atrasada","Pendente")))))) -> Pendente
A31: =IF($C31="","",$X$2&"-S"&INT(($C31-WEEKDAY($C31,2)+11-DATE(YEAR($C31+4-WEEKDAY($C31,2)),1,1))/7)&"-REU-T") -> AGO-S32-REU-T | B31: =IF($C31="","","S"&INT(($C31-WEEKDAY($C31,2)+11-DATE(YEAR($C31+4-WEEKDAY($C31,2)),1,1))/7)) -> S32 | C31: =IF(MONTH(($X$1-WEEKDAY($X$1,3)+7)+4)=MONTH($X$1),($X$1-WEEKDAY($X$1,3)+7)+4,"") -> 46241 | D31: =IF($C31="","","Reunião Semanal com a Gerência") -> Reunião Semanal com a Gerência | G31: =IF($C31="","","Todos") -> Todos | H31: =IF($C31="","",IF($G31="A",CONFIG!$B$5,IF($G31="B",CONFIG!$B$6,IF($G31="C",CONFIG!$B$7,"Gerência + coordenadores")))) -> Gerência + coordenadores | J31: =IF($C31="","","—") -> — | S31: =IF($C31="","",IF($Q31="Cancelada","Cancelada",IF($Q31="Reprovado","Reprovada",IF($Q31="Aprovado","Aprovada",IF($M31<>"","Entregue",IF(TODAY()>$C31,"Atrasada","Pendente")))))) -> Pendente
A32: =IF($C32="","",$X$2&"-S"&INT(($C32-WEEKDAY($C32,2)+11-DATE(YEAR($C32+4-WEEKDAY($C32,2)),1,1))/7)&"-VIS-A") -> AGO-S33-VIS-A | B32: =IF($C32="","","S"&INT(($C32-WEEKDAY($C32,2)+11-DATE(YEAR($C32+4-WEEKDAY($C32,2)),1,1))/7)) -> S33 | C32: =IF(MONTH(($X$1-WEEKDAY($X$1,3)+14)+2)=MONTH($X$1),($X$1-WEEKDAY($X$1,3)+14)+2,"") -> 46246 | D32: =IF($C32="","","Vistoria Setorial (checklist no setor definido pelo gerente)") -> Vistoria Setorial (checklist no setor definido pelo gerente) | G32: =IF($C32="","","A") -> A | H32: =IF($C32="","",IF($G32="A",CONFIG!$B$5,IF($G32="B",CONFIG!$B$6,IF($G32="C",CONFIG!$B$7,"Gerência + coordenadores")))) -> (preencha o nome) | S32: =IF($C32="","",IF($Q32="Cancelada","Cancelada",IF($Q32="Reprovado","Reprovada",IF($Q32="Aprovado","Aprovada",IF($M32<>"","Entregue",IF(TODAY()>$C32,"Atrasada","Pendente")))))) -> Pendente
A33: =IF($C33="","",$X$2&"-S"&INT(($C33-WEEKDAY($C33,2)+11-DATE(YEAR($C33+4-WEEKDAY($C33,2)),1,1))/7)&"-VIS-B") -> AGO-S33-VIS-B | B33: =IF($C33="","","S"&INT(($C33-WEEKDAY($C33,2)+11-DATE(YEAR($C33+4-WEEKDAY($C33,2)),1,1))/7)) -> S33 | C33: =IF(MONTH(($X$1-WEEKDAY($X$1,3)+14)+2)=MONTH($X$1),($X$1-WEEKDAY($X$1,3)+14)+2,"") -> 46246 | D33: =IF($C33="","","Vistoria Setorial (checklist no setor definido pelo gerente)") -> Vistoria Setorial (checklist no setor definido pelo gerente) | G33: =IF($C33="","","B") -> B | H33: =IF($C33="","",IF($G33="A",CONFIG!$B$5,IF($G33="B",CONFIG!$B$6,IF($G33="C",CONFIG!$B$7,"Gerência + coordenadores")))) -> (preencha o nome) | S33: =IF($C33="","",IF($Q33="Cancelada","Cancelada",IF($Q33="Reprovado","Reprovada",IF($Q33="Aprovado","Aprovada",IF($M33<>"","Entregue",IF(TODAY()>$C33,"Atrasada","Pendente")))))) -> Pendente
A34: =IF($C34="","",$X$2&"-S"&INT(($C34-WEEKDAY($C34,2)+11-DATE(YEAR($C34+4-WEEKDAY($C34,2)),1,1))/7)&"-VIS-C") -> AGO-S33-VIS-C | B34: =IF($C34="","","S"&INT(($C34-WEEKDAY($C34,2)+11-DATE(YEAR($C34+4-WEEKDAY($C34,2)),1,1))/7)) -> S33 | C34: =IF(MONTH(($X$1-WEEKDAY($X$1,3)+14)+2)=MONTH($X$1),($X$1-WEEKDAY($X$1,3)+14)+2,"") -> 46246 | D34: =IF($C34="","","Vistoria Setorial (checklist no setor definido pelo gerente)") -> Vistoria Setorial (checklist no setor definido pelo gerente) | G34: =IF($C34="","","C") -> C | H34: =IF($C34="","",IF($G34="A",CONFIG!$B$5,IF($G34="B",CONFIG!$B$6,IF($G34="C",CONFIG!$B$7,"Gerência + coordenadores")))) -> (preencha o nome) | S34: =IF($C34="","",IF($Q34="Cancelada","Cancelada",IF($Q34="Reprovado","Reprovada",IF($Q34="Aprovado","Aprovada",IF($M34<>"","Entregue",IF(TODAY()>$C34,"Atrasada","Pendente")))))) -> Pendente
A35: =IF($C35="","",$X$2&"-S"&INT(($C35-WEEKDAY($C35,2)+11-DATE(YEAR($C35+4-WEEKDAY($C35,2)),1,1))/7)&"-RSC-A") -> AGO-S33-RSC-A | B35: =IF($C35="","","S"&INT(($C35-WEEKDAY($C35,2)+11-DATE(YEAR($C35+4-WEEKDAY($C35,2)),1,1))/7)) -> S33 | C35: =IF(MONTH(($X$1-WEEKDAY($X$1,3)+14)+3)=MONTH($X$1),($X$1-WEEKDAY($X$1,3)+14)+3,"") -> 46247 | D35: =IF($C35="","","Relatório Semanal Consolidado (erros + metas + faltas + supervisores)") -> Relatório Semanal Consolidado (erros + metas + faltas + supervisores) | G35: =IF($C35="","","A") -> A | H35: =IF($C35="","",IF($G35="A",CONFIG!$B$5,IF($G35="B",CONFIG!$B$6,IF($G35="C",CONFIG!$B$7,"Gerência + coordenadores")))) -> (preencha o nome) | J35: =IF($C35="","","—") -> — | S35: =IF($C35="","",IF($Q35="Cancelada","Cancelada",IF($Q35="Reprovado","Reprovada",IF($Q35="Aprovado","Aprovada",IF($M35<>"","Entregue",IF(TODAY()>$C35,"Atrasada","Pendente")))))) -> Pendente
A36: =IF($C36="","",$X$2&"-S"&INT(($C36-WEEKDAY($C36,2)+11-DATE(YEAR($C36+4-WEEKDAY($C36,2)),1,1))/7)&"-RSC-B") -> AGO-S33-RSC-B | B36: =IF($C36="","","S"&INT(($C36-WEEKDAY($C36,2)+11-DATE(YEAR($C36+4-WEEKDAY($C36,2)),1,1))/7)) -> S33 | C36: =IF(MONTH(($X$1-WEEKDAY($X$1,3)+14)+3)=MONTH($X$1),($X$1-WEEKDAY($X$1,3)+14)+3,"") -> 46247 | D36: =IF($C36="","","Relatório Semanal Consolidado (erros + metas + faltas + supervisores)") -> Relatório Semanal Consolidado (erros + metas + faltas + supervisores) | G36: =IF($C36="","","B") -> B | H36: =IF($C36="","",IF($G36="A",CONFIG!$B$5,IF($G36="B",CONFIG!$B$6,IF($G36="C",CONFIG!$B$7,"Gerência + coordenadores")))) -> (preencha o nome) | J36: =IF($C36="","","—") -> — | S36: =IF($C36="","",IF($Q36="Cancelada","Cancelada",IF($Q36="Reprovado","Reprovada",IF($Q36="Aprovado","Aprovada",IF($M36<>"","Entregue",IF(TODAY()>$C36,"Atrasada","Pendente")))))) -> Pendente
A37: =IF($C37="","",$X$2&"-S"&INT(($C37-WEEKDAY($C37,2)+11-DATE(YEAR($C37+4-WEEKDAY($C37,2)),1,1))/7)&"-RSC-C") -> AGO-S33-RSC-C | B37: =IF($C37="","","S"&INT(($C37-WEEKDAY($C37,2)+11-DATE(YEAR($C37+4-WEEKDAY($C37,2)),1,1))/7)) -> S33 | C37: =IF(MONTH(($X$1-WEEKDAY($X$1,3)+14)+3)=MONTH($X$1),($X$1-WEEKDAY($X$1,3)+14)+3,"") -> 46247 | D37: =IF($C37="","","Relatório Semanal Consolidado (erros + metas + faltas + supervisores)") -> Relatório Semanal Consolidado (erros + metas + faltas + supervisores) | G37: =IF($C37="","","C") -> C | H37: =IF($C37="","",IF($G37="A",CONFIG!$B$5,IF($G37="B",CONFIG!$B$6,IF($G37="C",CONFIG!$B$7,"Gerência + coordenadores")))) -> (preencha o nome) | J37: =IF($C37="","","—") -> — | S37: =IF($C37="","",IF($Q37="Cancelada","Cancelada",IF($Q37="Reprovado","Reprovada",IF($Q37="Aprovado","Aprovada",IF($M37<>"","Entregue",IF(TODAY()>$C37,"Atrasada","Pendente")))))) -> Pendente
A38: =IF($C38="","",$X$2&"-S"&INT(($C38-WEEKDAY($C38,2)+11-DATE(YEAR($C38+4-WEEKDAY($C38,2)),1,1))/7)&"-REU-T") -> AGO-S33-REU-T | B38: =IF($C38="","","S"&INT(($C38-WEEKDAY($C38,2)+11-DATE(YEAR($C38+4-WEEKDAY($C38,2)),1,1))/7)) -> S33 | C38: =IF(MONTH(($X$1-WEEKDAY($X$1,3)+14)+4)=MONTH($X$1),($X$1-WEEKDAY($X$1,3)+14)+4,"") -> 46248 | D38: =IF($C38="","","Reunião Semanal com a Gerência") -> Reunião Semanal com a Gerência | G38: =IF($C38="","","Todos") -> Todos | H38: =IF($C38="","",IF($G38="A",CONFIG!$B$5,IF($G38="B",CONFIG!$B$6,IF($G38="C",CONFIG!$B$7,"Gerência + coordenadores")))) -> Gerência + coordenadores | J38: =IF($C38="","","—") -> — | S38: =IF($C38="","",IF($Q38="Cancelada","Cancelada",IF($Q38="Reprovado","Reprovada",IF($Q38="Aprovado","Aprovada",IF($M38<>"","Entregue",IF(TODAY()>$C38,"Atrasada","Pendente")))))) -> Pendente
A39: =IF($C39="","",$X$2&"-S"&INT(($C39-WEEKDAY($C39,2)+11-DATE(YEAR($C39+4-WEEKDAY($C39,2)),1,1))/7)&"-VIS-A") -> AGO-S34-VIS-A | B39: =IF($C39="","","S"&INT(($C39-WEEKDAY($C39,2)+11-DATE(YEAR($C39+4-WEEKDAY($C39,2)),1,1))/7)) -> S34 | C39: =IF(MONTH(($X$1-WEEKDAY($X$1,3)+21)+2)=MONTH($X$1),($X$1-WEEKDAY($X$1,3)+21)+2,"") -> 46253 | D39: =IF($C39="","","Vistoria Setorial (checklist no setor definido pelo gerente)") -> Vistoria Setorial (checklist no setor definido pelo gerente) | G39: =IF($C39="","","A") -> A | H39: =IF($C39="","",IF($G39="A",CONFIG!$B$5,IF($G39="B",CONFIG!$B$6,IF($G39="C",CONFIG!$B$7,"Gerência + coordenadores")))) -> (preencha o nome) | S39: =IF($C39="","",IF($Q39="Cancelada","Cancelada",IF($Q39="Reprovado","Reprovada",IF($Q39="Aprovado","Aprovada",IF($M39<>"","Entregue",IF(TODAY()>$C39,"Atrasada","Pendente")))))) -> Pendente
A40: =IF($C40="","",$X$2&"-S"&INT(($C40-WEEKDAY($C40,2)+11-DATE(YEAR($C40+4-WEEKDAY($C40,2)),1,1))/7)&"-VIS-B") -> AGO-S34-VIS-B | B40: =IF($C40="","","S"&INT(($C40-WEEKDAY($C40,2)+11-DATE(YEAR($C40+4-WEEKDAY($C40,2)),1,1))/7)) -> S34 | C40: =IF(MONTH(($X$1-WEEKDAY($X$1,3)+21)+2)=MONTH($X$1),($X$1-WEEKDAY($X$1,3)+21)+2,"") -> 46253 | D40: =IF($C40="","","Vistoria Setorial (checklist no setor definido pelo gerente)") -> Vistoria Setorial (checklist no setor definido pelo gerente) | G40: =IF($C40="","","B") -> B | H40: =IF($C40="","",IF($G40="A",CONFIG!$B$5,IF($G40="B",CONFIG!$B$6,IF($G40="C",CONFIG!$B$7,"Gerência + coordenadores")))) -> (preencha o nome) | S40: =IF($C40="","",IF($Q40="Cancelada","Cancelada",IF($Q40="Reprovado","Reprovada",IF($Q40="Aprovado","Aprovada",IF($M40<>"","Entregue",IF(TODAY()>$C40,"Atrasada","Pendente")))))) -> Pendente
A41: =IF($C41="","",$X$2&"-S"&INT(($C41-WEEKDAY($C41,2)+11-DATE(YEAR($C41+4-WEEKDAY($C41,2)),1,1))/7)&"-VIS-C") -> AGO-S34-VIS-C | B41: =IF($C41="","","S"&INT(($C41-WEEKDAY($C41,2)+11-DATE(YEAR($C41+4-WEEKDAY($C41,2)),1,1))/7)) -> S34 | C41: =IF(MONTH(($X$1-WEEKDAY($X$1,3)+21)+2)=MONTH($X$1),($X$1-WEEKDAY($X$1,3)+21)+2,"") -> 46253 | D41: =IF($C41="","","Vistoria Setorial (checklist no setor definido pelo gerente)") -> Vistoria Setorial (checklist no setor definido pelo gerente) | G41: =IF($C41="","","C") -> C | H41: =IF($C41="","",IF($G41="A",CONFIG!$B$5,IF($G41="B",CONFIG!$B$6,IF($G41="C",CONFIG!$B$7,"Gerência + coordenadores")))) -> (preencha o nome) | S41: =IF($C41="","",IF($Q41="Cancelada","Cancelada",IF($Q41="Reprovado","Reprovada",IF($Q41="Aprovado","Aprovada",IF($M41<>"","Entregue",IF(TODAY()>$C41,"Atrasada","Pendente")))))) -> Pendente
A42: =IF($C42="","",$X$2&"-S"&INT(($C42-WEEKDAY($C42,2)+11-DATE(YEAR($C42+4-WEEKDAY($C42,2)),1,1))/7)&"-RSC-A") -> AGO-S34-RSC-A | B42: =IF($C42="","","S"&INT(($C42-WEEKDAY($C42,2)+11-DATE(YEAR($C42+4-WEEKDAY($C42,2)),1,1))/7)) -> S34 | C42: =IF(MONTH(($X$1-WEEKDAY($X$1,3)+21)+3)=MONTH($X$1),($X$1-WEEKDAY($X$1,3)+21)+3,"") -> 46254 | D42: =IF($C42="","","Relatório Semanal Consolidado (erros + metas + faltas + supervisores)") -> Relatório Semanal Consolidado (erros + metas + faltas + supervisores) | G42: =IF($C42="","","A") -> A | H42: =IF($C42="","",IF($G42="A",CONFIG!$B$5,IF($G42="B",CONFIG!$B$6,IF($G42="C",CONFIG!$B$7,"Gerência + coordenadores")))) -> (preencha o nome) | J42: =IF($C42="","","—") -> — | S42: =IF($C42="","",IF($Q42="Cancelada","Cancelada",IF($Q42="Reprovado","Reprovada",IF($Q42="Aprovado","Aprovada",IF($M42<>"","Entregue",IF(TODAY()>$C42,"Atrasada","Pendente")))))) -> Pendente
A43: =IF($C43="","",$X$2&"-S"&INT(($C43-WEEKDAY($C43,2)+11-DATE(YEAR($C43+4-WEEKDAY($C43,2)),1,1))/7)&"-RSC-B") -> AGO-S34-RSC-B | B43: =IF($C43="","","S"&INT(($C43-WEEKDAY($C43,2)+11-DATE(YEAR($C43+4-WEEKDAY($C43,2)),1,1))/7)) -> S34 | C43: =IF(MONTH(($X$1-WEEKDAY($X$1,3)+21)+3)=MONTH($X$1),($X$1-WEEKDAY($X$1,3)+21)+3,"") -> 46254 | D43: =IF($C43="","","Relatório Semanal Consolidado (erros + metas + faltas + supervisores)") -> Relatório Semanal Consolidado (erros + metas + faltas + supervisores) | G43: =IF($C43="","","B") -> B | H43: =IF($C43="","",IF($G43="A",CONFIG!$B$5,IF($G43="B",CONFIG!$B$6,IF($G43="C",CONFIG!$B$7,"Gerência + coordenadores")))) -> (preencha o nome) | J43: =IF($C43="","","—") -> — | S43: =IF($C43="","",IF($Q43="Cancelada","Cancelada",IF($Q43="Reprovado","Reprovada",IF($Q43="Aprovado","Aprovada",IF($M43<>"","Entregue",IF(TODAY()>$C43,"Atrasada","Pendente")))))) -> Pendente
A44: =IF($C44="","",$X$2&"-S"&INT(($C44-WEEKDAY($C44,2)+11-DATE(YEAR($C44+4-WEEKDAY($C44,2)),1,1))/7)&"-RSC-C") -> AGO-S34-RSC-C | B44: =IF($C44="","","S"&INT(($C44-WEEKDAY($C44,2)+11-DATE(YEAR($C44+4-WEEKDAY($C44,2)),1,1))/7)) -> S34 | C44: =IF(MONTH(($X$1-WEEKDAY($X$1,3)+21)+3)=MONTH($X$1),($X$1-WEEKDAY($X$1,3)+21)+3,"") -> 46254 | D44: =IF($C44="","","Relatório Semanal Consolidado (erros + metas + faltas + supervisores)") -> Relatório Semanal Consolidado (erros + metas + faltas + supervisores) | G44: =IF($C44="","","C") -> C | H44: =IF($C44="","",IF($G44="A",CONFIG!$B$5,IF($G44="B",CONFIG!$B$6,IF($G44="C",CONFIG!$B$7,"Gerência + coordenadores")))) -> (preencha o nome) | J44: =IF($C44="","","—") -> — | S44: =IF($C44="","",IF($Q44="Cancelada","Cancelada",IF($Q44="Reprovado","Reprovada",IF($Q44="Aprovado","Aprovada",IF($M44<>"","Entregue",IF(TODAY()>$C44,"Atrasada","Pendente")))))) -> Pendente
A45: =IF($C45="","",$X$2&"-S"&INT(($C45-WEEKDAY($C45,2)+11-DATE(YEAR($C45+4-WEEKDAY($C45,2)),1,1))/7)&"-REU-T") -> AGO-S34-REU-T | B45: =IF($C45="","","S"&INT(($C45-WEEKDAY($C45,2)+11-DATE(YEAR($C45+4-WEEKDAY($C45,2)),1,1))/7)) -> S34 | C45: =IF(MONTH(($X$1-WEEKDAY($X$1,3)+21)+4)=MONTH($X$1),($X$1-WEEKDAY($X$1,3)+21)+4,"") -> 46255 | D45: =IF($C45="","","Reunião Semanal com a Gerência") -> Reunião Semanal com a Gerência | G45: =IF($C45="","","Todos") -> Todos | H45: =IF($C45="","",IF($G45="A",CONFIG!$B$5,IF($G45="B",CONFIG!$B$6,IF($G45="C",CONFIG!$B$7,"Gerência + coordenadores")))) -> Gerência + coordenadores | J45: =IF($C45="","","—") -> — | S45: =IF($C45="","",IF($Q45="Cancelada","Cancelada",IF($Q45="Reprovado","Reprovada",IF($Q45="Aprovado","Aprovada",IF($M45<>"","Entregue",IF(TODAY()>$C45,"Atrasada","Pendente")))))) -> Pendente
A46: =IF($C46="","",$X$2&"-S"&INT(($C46-WEEKDAY($C46,2)+11-DATE(YEAR($C46+4-WEEKDAY($C46,2)),1,1))/7)&"-VIS-A") -> AGO-S35-VIS-A | B46: =IF($C46="","","S"&INT(($C46-WEEKDAY($C46,2)+11-DATE(YEAR($C46+4-WEEKDAY($C46,2)),1,1))/7)) -> S35 | C46: =IF(MONTH(($X$1-WEEKDAY($X$1,3)+28)+2)=MONTH($X$1),($X$1-WEEKDAY($X$1,3)+28)+2,"") -> 46260 | D46: =IF($C46="","","Vistoria Setorial (checklist no setor definido pelo gerente)") -> Vistoria Setorial (checklist no setor definido pelo gerente) | G46: =IF($C46="","","A") -> A | H46: =IF($C46="","",IF($G46="A",CONFIG!$B$5,IF($G46="B",CONFIG!$B$6,IF($G46="C",CONFIG!$B$7,"Gerência + coordenadores")))) -> (preencha o nome) | S46: =IF($C46="","",IF($Q46="Cancelada","Cancelada",IF($Q46="Reprovado","Reprovada",IF($Q46="Aprovado","Aprovada",IF($M46<>"","Entregue",IF(TODAY()>$C46,"Atrasada","Pendente")))))) -> Pendente
A47: =IF($C47="","",$X$2&"-S"&INT(($C47-WEEKDAY($C47,2)+11-DATE(YEAR($C47+4-WEEKDAY($C47,2)),1,1))/7)&"-VIS-B") -> AGO-S35-VIS-B | B47: =IF($C47="","","S"&INT(($C47-WEEKDAY($C47,2)+11-DATE(YEAR($C47+4-WEEKDAY($C47,2)),1,1))/7)) -> S35 | C47: =IF(MONTH(($X$1-WEEKDAY($X$1,3)+28)+2)=MONTH($X$1),($X$1-WEEKDAY($X$1,3)+28)+2,"") -> 46260 | D47: =IF($C47="","","Vistoria Setorial (checklist no setor definido pelo gerente)") -> Vistoria Setorial (checklist no setor definido pelo gerente) | G47: =IF($C47="","","B") -> B | H47: =IF($C47="","",IF($G47="A",CONFIG!$B$5,IF($G47="B",CONFIG!$B$6,IF($G47="C",CONFIG!$B$7,"Gerência + coordenadores")))) -> (preencha o nome) | S47: =IF($C47="","",IF($Q47="Cancelada","Cancelada",IF($Q47="Reprovado","Reprovada",IF($Q47="Aprovado","Aprovada",IF($M47<>"","Entregue",IF(TODAY()>$C47,"Atrasada","Pendente")))))) -> Pendente
A48: =IF($C48="","",$X$2&"-S"&INT(($C48-WEEKDAY($C48,2)+11-DATE(YEAR($C48+4-WEEKDAY($C48,2)),1,1))/7)&"-VIS-C") -> AGO-S35-VIS-C | B48: =IF($C48="","","S"&INT(($C48-WEEKDAY($C48,2)+11-DATE(YEAR($C48+4-WEEKDAY($C48,2)),1,1))/7)) -> S35 | C48: =IF(MONTH(($X$1-WEEKDAY($X$1,3)+28)+2)=MONTH($X$1),($X$1-WEEKDAY($X$1,3)+28)+2,"") -> 46260 | D48: =IF($C48="","","Vistoria Setorial (checklist no setor definido pelo gerente)") -> Vistoria Setorial (checklist no setor definido pelo gerente) | G48: =IF($C48="","","C") -> C | H48: =IF($C48="","",IF($G48="A",CONFIG!$B$5,IF($G48="B",CONFIG!$B$6,IF($G48="C",CONFIG!$B$7,"Gerência + coordenadores")))) -> (preencha o nome) | S48: =IF($C48="","",IF($Q48="Cancelada","Cancelada",IF($Q48="Reprovado","Reprovada",IF($Q48="Aprovado","Aprovada",IF($M48<>"","Entregue",IF(TODAY()>$C48,"Atrasada","Pendente")))))) -> Pendente
A49: =IF($C49="","",$X$2&"-S"&INT(($C49-WEEKDAY($C49,2)+11-DATE(YEAR($C49+4-WEEKDAY($C49,2)),1,1))/7)&"-RSC-A") -> AGO-S35-RSC-A | B49: =IF($C49="","","S"&INT(($C49-WEEKDAY($C49,2)+11-DATE(YEAR($C49+4-WEEKDAY($C49,2)),1,1))/7)) -> S35 | C49: =IF(MONTH(($X$1-WEEKDAY($X$1,3)+28)+3)=MONTH($X$1),($X$1-WEEKDAY($X$1,3)+28)+3,"") -> 46261 | D49: =IF($C49="","","Relatório Semanal Consolidado (erros + metas + faltas + supervisores)") -> Relatório Semanal Consolidado (erros + metas + faltas + supervisores) | G49: =IF($C49="","","A") -> A | H49: =IF($C49="","",IF($G49="A",CONFIG!$B$5,IF($G49="B",CONFIG!$B$6,IF($G49="C",CONFIG!$B$7,"Gerência + coordenadores")))) -> (preencha o nome) | J49: =IF($C49="","","—") -> — | S49: =IF($C49="","",IF($Q49="Cancelada","Cancelada",IF($Q49="Reprovado","Reprovada",IF($Q49="Aprovado","Aprovada",IF($M49<>"","Entregue",IF(TODAY()>$C49,"Atrasada","Pendente")))))) -> Pendente
A50: =IF($C50="","",$X$2&"-S"&INT(($C50-WEEKDAY($C50,2)+11-DATE(YEAR($C50+4-WEEKDAY($C50,2)),1,1))/7)&"-RSC-B") -> AGO-S35-RSC-B | B50: =IF($C50="","","S"&INT(($C50-WEEKDAY($C50,2)+11-DATE(YEAR($C50+4-WEEKDAY($C50,2)),1,1))/7)) -> S35 | C50: =IF(MONTH(($X$1-WEEKDAY($X$1,3)+28)+3)=MONTH($X$1),($X$1-WEEKDAY($X$1,3)+28)+3,"") -> 46261 | D50: =IF($C50="","","Relatório Semanal Consolidado (erros + metas + faltas + supervisores)") -> Relatório Semanal Consolidado (erros + metas + faltas + supervisores) | G50: =IF($C50="","","B") -> B | H50: =IF($C50="","",IF($G50="A",CONFIG!$B$5,IF($G50="B",CONFIG!$B$6,IF($G50="C",CONFIG!$B$7,"Gerência + coordenadores")))) -> (preencha o nome) | J50: =IF($C50="","","—") -> — | S50: =IF($C50="","",IF($Q50="Cancelada","Cancelada",IF($Q50="Reprovado","Reprovada",IF($Q50="Aprovado","Aprovada",IF($M50<>"","Entregue",IF(TODAY()>$C50,"Atrasada","Pendente")))))) -> Pendente
A51: =IF($C51="","",$X$2&"-S"&INT(($C51-WEEKDAY($C51,2)+11-DATE(YEAR($C51+4-WEEKDAY($C51,2)),1,1))/7)&"-RSC-C") -> AGO-S35-RSC-C | B51: =IF($C51="","","S"&INT(($C51-WEEKDAY($C51,2)+11-DATE(YEAR($C51+4-WEEKDAY($C51,2)),1,1))/7)) -> S35 | C51: =IF(MONTH(($X$1-WEEKDAY($X$1,3)+28)+3)=MONTH($X$1),($X$1-WEEKDAY($X$1,3)+28)+3,"") -> 46261 | D51: =IF($C51="","","Relatório Semanal Consolidado (erros + metas + faltas + supervisores)") -> Relatório Semanal Consolidado (erros + metas + faltas + supervisores) | G51: =IF($C51="","","C") -> C | H51: =IF($C51="","",IF($G51="A",CONFIG!$B$5,IF($G51="B",CONFIG!$B$6,IF($G51="C",CONFIG!$B$7,"Gerência + coordenadores")))) -> (preencha o nome) | J51: =IF($C51="","","—") -> — | S51: =IF($C51="","",IF($Q51="Cancelada","Cancelada",IF($Q51="Reprovado","Reprovada",IF($Q51="Aprovado","Aprovada",IF($M51<>"","Entregue",IF(TODAY()>$C51,"Atrasada","Pendente")))))) -> Pendente
A52: =IF($C52="","",$X$2&"-S"&INT(($C52-WEEKDAY($C52,2)+11-DATE(YEAR($C52+4-WEEKDAY($C52,2)),1,1))/7)&"-REU-T") -> AGO-S35-REU-T | B52: =IF($C52="","","S"&INT(($C52-WEEKDAY($C52,2)+11-DATE(YEAR($C52+4-WEEKDAY($C52,2)),1,1))/7)) -> S35 | C52: =IF(MONTH(($X$1-WEEKDAY($X$1,3)+28)+4)=MONTH($X$1),($X$1-WEEKDAY($X$1,3)+28)+4,"") -> 46262 | D52: =IF($C52="","","Reunião Semanal com a Gerência") -> Reunião Semanal com a Gerência | G52: =IF($C52="","","Todos") -> Todos | H52: =IF($C52="","",IF($G52="A",CONFIG!$B$5,IF($G52="B",CONFIG!$B$6,IF($G52="C",CONFIG!$B$7,"Gerência + coordenadores")))) -> Gerência + coordenadores | J52: =IF($C52="","","—") -> — | S52: =IF($C52="","",IF($Q52="Cancelada","Cancelada",IF($Q52="Reprovado","Reprovada",IF($Q52="Aprovado","Aprovada",IF($M52<>"","Entregue",IF(TODAY()>$C52,"Atrasada","Pendente")))))) -> Pendente
A53: =IF($C53="","",$X$2&"-S"&INT(($C53-WEEKDAY($C53,2)+11-DATE(YEAR($C53+4-WEEKDAY($C53,2)),1,1))/7)&"-MDF-T") -> AGO-S35-MDF-T | B53: =IF($C53="","","S"&INT(($C53-WEEKDAY($C53,2)+11-DATE(YEAR($C53+4-WEEKDAY($C53,2)),1,1))/7)) -> S35 | C53: =EOMONTH($X$1,0)-MOD(WEEKDAY(EOMONTH($X$1,0),2)-5,7) -> 46262 | D53: =IF($C53="","","Mudança de Função — reunião mensal") -> Mudança de Função — reunião mensal | G53: =IF($C53="","","Todos") -> Todos | H53: =IF($C53="","",IF($G53="A",CONFIG!$B$5,IF($G53="B",CONFIG!$B$6,IF($G53="C",CONFIG!$B$7,"Gerência + coordenadores")))) -> Gerência + coordenadores | J53: =IF($C53="","","—") -> — | S53: =IF($C53="","",IF($Q53="Cancelada","Cancelada",IF($Q53="Reprovado","Reprovada",IF($Q53="Aprovado","Aprovada",IF($M53<>"","Entregue",IF(TODAY()>$C53,"Atrasada","Pendente")))))) -> Pendente
A55: TREINAMENTOS PROGRAMADOS PELO GERENTE — preencha o PRAZO (e complete o tema); o turno é avisado por e-mail na hora
A56: =$X$2&"-TRE-1" -> AGO-TRE-1 | B56: =IF($C56="","","S"&INT(($C56-WEEKDAY($C56,2)+11-DATE(YEAR($C56+4-WEEKDAY($C56,2)),1,1))/7)) | D56: Treinamento com Colaboradores — tema: | G56: Todos | H56: Gerência + coordenadores | J56: — | S56: =IF($C56="","Não agendado",IF($Q56="Cancelada","Cancelada",IF($Q56="Reprovado","Reprovada",IF($Q56="Aprovado","Aprovada",IF($M56<>"","Entregue",IF(TODAY()>$C56,"Atrasada","Pendente")))))) -> Não agendado
A57: =$X$2&"-TRE-2" -> AGO-TRE-2 | B57: =IF($C57="","","S"&INT(($C57-WEEKDAY($C57,2)+11-DATE(YEAR($C57+4-WEEKDAY($C57,2)),1,1))/7)) | D57: Treinamento com Colaboradores — tema: | G57: Todos | H57: Gerência + coordenadores | J57: — | S57: =IF($C57="","Não agendado",IF($Q57="Cancelada","Cancelada",IF($Q57="Reprovado","Reprovada",IF($Q57="Aprovado","Aprovada",IF($M57<>"","Entregue",IF(TODAY()>$C57,"Atrasada","Pendente")))))) -> Não agendado
A58: =$X$2&"-TRE-3" -> AGO-TRE-3 | B58: =IF($C58="","","S"&INT(($C58-WEEKDAY($C58,2)+11-DATE(YEAR($C58+4-WEEKDAY($C58,2)),1,1))/7)) | D58: Treinamento com Colaboradores — tema: | G58: Todos | H58: Gerência + coordenadores | J58: — | S58: =IF($C58="","Não agendado",IF($Q58="Cancelada","Cancelada",IF($Q58="Reprovado","Reprovada",IF($Q58="Aprovado","Aprovada",IF($M58<>"","Entregue",IF(TODAY()>$C58,"Atrasada","Pendente")))))) -> Não agendado
A59: =$X$2&"-TRE-4" -> AGO-TRE-4 | B59: =IF($C59="","","S"&INT(($C59-WEEKDAY($C59,2)+11-DATE(YEAR($C59+4-WEEKDAY($C59,2)),1,1))/7)) | D59: Treinamento com Colaboradores — tema: | G59: Todos | H59: Gerência + coordenadores | J59: — | S59: =IF($C59="","Não agendado",IF($Q59="Cancelada","Cancelada",IF($Q59="Reprovado","Reprovada",IF($Q59="Aprovado","Aprovada",IF($M59<>"","Entregue",IF(TODAY()>$C59,"Atrasada","Pendente")))))) -> Não agendado
A60: =$X$2&"-TRE-5" -> AGO-TRE-5 | B60: =IF($C60="","","S"&INT(($C60-WEEKDAY($C60,2)+11-DATE(YEAR($C60+4-WEEKDAY($C60,2)),1,1))/7)) | D60: Treinamento com Colaboradores — tema: | G60: Todos | H60: Gerência + coordenadores | J60: — | S60: =IF($C60="","Não agendado",IF($Q60="Cancelada","Cancelada",IF($Q60="Reprovado","Reprovada",IF($Q60="Aprovado","Aprovada",IF($M60<>"","Entregue",IF(TODAY()>$C60,"Atrasada","Pendente")))))) -> Não agendado
A61: =$X$2&"-TRE-6" -> AGO-TRE-6 | B61: =IF($C61="","","S"&INT(($C61-WEEKDAY($C61,2)+11-DATE(YEAR($C61+4-WEEKDAY($C61,2)),1,1))/7)) | D61: Treinamento com Colaboradores — tema: | G61: Todos | H61: Gerência + coordenadores | J61: — | S61: =IF($C61="","Não agendado",IF($Q61="Cancelada","Cancelada",IF($Q61="Reprovado","Reprovada",IF($Q61="Aprovado","Aprovada",IF($M61<>"","Entregue",IF(TODAY()>$C61,"Atrasada","Pendente")))))) -> Não agendado
A63: Amarelo = o GERENTE edita (prazo, setor da vistoria, validação, motivo, tema do treinamento) · Azul-claro = o COORDENADOR anexa a entrega. Semanas que não caem neste mês aparecem como linhas vazias — é normal.

Sheet SET 2026
A1: 09 · SETEMBRO 2026 — CALENDÁRIO OPERACIONAL | X1: 46266
X2: SET
A3: =IF((COUNTIF($S$22:$S$139,"Aprovada")+COUNTIF($S$22:$S$139,"Entregue")+COUNTIF($S$22:$S$139,"Pendente")+COUNTIF($S$22:$S$139,"Atrasada")+COUNTIF($S$22:$S$139,"Reprovada"))=0,"",IF(COUNTIF($S$22:$S$139,"Aprovada")=(COUNTIF($S$22:$S$139,"Aprovada")+COUNTIF($S$22:$S$139,"Entregue")+COUNTIF($S$22:$S$139,"Pendente")+COUNTIF($S$22:$S$139,"Atrasada")+COUNTIF($S$22:$S$139,"Reprovada")),"MÊS CONCLUÍDO — todas as atividades aprovadas","EM ANDAMENTO — "&COUNTIF($S$22:$S$139,"Aprovada")&" de "&(COUNTIF($S$22:$S$139,"Aprovada")+COUNTIF($S$22:$S$139,"Entregue")+COUNTIF($S$22:$S$139,"Pendente")+COUNTIF($S$22:$S$139,"Atrasada")+COUNTIF($S$22:$S$139,"Reprovada"))&" atividades aprovadas · "&COUNTIF($S$22:$S$139,"Atrasada")&" em atraso")) -> EM ANDAMENTO — 0 de 35 atividades aprovadas · 0 em atraso
B5: DOM | D5: SEG | F5: TER | H5: QUA | J5: QUI | L5: SEX | N5: SÁB
B6: =IF(MONTH($X$1-WEEKDAY($X$1)+1+0)=MONTH($X$1),$X$1-WEEKDAY($X$1)+1+0,"") | D6: =IF(MONTH($X$1-WEEKDAY($X$1)+1+1)=MONTH($X$1),$X$1-WEEKDAY($X$1)+1+1,"") | F6: =IF(MONTH($X$1-WEEKDAY($X$1)+1+2)=MONTH($X$1),$X$1-WEEKDAY($X$1)+1+2,"") -> 46266 | H6: =IF(MONTH($X$1-WEEKDAY($X$1)+1+3)=MONTH($X$1),$X$1-WEEKDAY($X$1)+1+3,"") -> 46267 | J6: =IF(MONTH($X$1-WEEKDAY($X$1)+1+4)=MONTH($X$1),$X$1-WEEKDAY($X$1)+1+4,"") -> 46268 | L6: =IF(MONTH($X$1-WEEKDAY($X$1)+1+5)=MONTH($X$1),$X$1-WEEKDAY($X$1)+1+5,"") -> 46269 | N6: =IF(MONTH($X$1-WEEKDAY($X$1)+1+6)=MONTH($X$1),$X$1-WEEKDAY($X$1)+1+6,"") -> 46270
B7: =IF(B6="","",TRIM(IF(COUNTIFS($C$22:$C$139,B6,$D$22:$D$139,"*Vistoria*",$Q$22:$Q$139,"<>Cancelada")>0,"Vistoria ","")&IF(COUNTIFS($C$22:$C$139,B6,$D$22:$D$139,"*Relatório*",$Q$22:$Q$139,"<>Cancelada")>0,"Relatório ","")&IF(COUNTIFS($C$22:$C$139,B6,$D$22:$D$139,"*Reunião*",$Q$22:$Q$139,"<>Cancelada")>0,"REUNIÃO ","")&IF(COUNTIFS($C$22:$C$139,B6,$D$22:$D$139,"*Férias*",$Q$22:$Q$139,"<>Cancelada")>0,"Férias ","")&IF(COUNTIFS($C$22:$C$139,B6,$D$22:$D$139,"*Mudança*",$Q$22:$Q$139,"<>Cancelada")>0,"M.Função ","")&IF(COUNTIFS($C$22:$C$139,B6,$D$22:$D$139,"*Treinamento*",$Q$22:$Q$139,"<>Cancelada")>0,"Trein. ",""))) | D7: =IF(D6="","",TRIM(IF(COUNTIFS($C$22:$C$139,D6,$D$22:$D$139,"*Vistoria*",$Q$22:$Q$139,"<>Cancelada")>0,"Vistoria ","")&IF(COUNTIFS($C$22:$C$139,D6,$D$22:$D$139,"*Relatório*",$Q$22:$Q$139,"<>Cancelada")>0,"Relatório ","")&IF(COUNTIFS($C$22:$C$139,D6,$D$22:$D$139,"*Reunião*",$Q$22:$Q$139,"<>Cancelada")>0,"REUNIÃO ","")&IF(COUNTIFS($C$22:$C$139,D6,$D$22:$D$139,"*Férias*",$Q$22:$Q$139,"<>Cancelada")>0,"Férias ","")&IF(COUNTIFS($C$22:$C$139,D6,$D$22:$D$139,"*Mudança*",$Q$22:$Q$139,"<>Cancelada")>0,"M.Função ","")&IF(COUNTIFS($C$22:$C$139,D6,$D$22:$D$139,"*Treinamento*",$Q$22:$Q$139,"<>Cancelada")>0,"Trein. ",""))) | F7: =IF(F6="","",TRIM(IF(COUNTIFS($C$22:$C$139,F6,$D$22:$D$139,"*Vistoria*",$Q$22:$Q$139,"<>Cancelada")>0,"Vistoria ","")&IF(COUNTIFS($C$22:$C$139,F6,$D$22:$D$139,"*Relatório*",$Q$22:$Q$139,"<>Cancelada")>0,"Relatório ","")&IF(COUNTIFS($C$22:$C$139,F6,$D$22:$D$139,"*Reunião*",$Q$22:$Q$139,"<>Cancelada")>0,"REUNIÃO ","")&IF(COUNTIFS($C$22:$C$139,F6,$D$22:$D$139,"*Férias*",$Q$22:$Q$139,"<>Cancelada")>0,"Férias ","")&IF(COUNTIFS($C$22:$C$139,F6,$D$22:$D$139,"*Mudança*",$Q$22:$Q$139,"<>Cancelada")>0,"M.Função ","")&IF(COUNTIFS($C$22:$C$139,F6,$D$22:$D$139,"*Treinamento*",$Q$22:$Q$139,"<>Cancelada")>0,"Trein. ",""))) | H7: =IF(H6="","",TRIM(IF(COUNTIFS($C$22:$C$139,H6,$D$22:$D$139,"*Vistoria*",$Q$22:$Q$139,"<>Cancelada")>0,"Vistoria ","")&IF(COUNTIFS($C$22:$C$139,H6,$D$22:$D$139,"*Relatório*",$Q$22:$Q$139,"<>Cancelada")>0,"Relatório ","")&IF(COUNTIFS($C$22:$C$139,H6,$D$22:$D$139,"*Reunião*",$Q$22:$Q$139,"<>Cancelada")>0,"REUNIÃO ","")&IF(COUNTIFS($C$22:$C$139,H6,$D$22:$D$139,"*Férias*",$Q$22:$Q$139,"<>Cancelada")>0,"Férias ","")&IF(COUNTIFS($C$22:$C$139,H6,$D$22:$D$139,"*Mudança*",$Q$22:$Q$139,"<>Cancelada")>0,"M.Função ","")&IF(COUNTIFS($C$22:$C$139,H6,$D$22:$D$139,"*Treinamento*",$Q$22:$Q$139,"<>Cancelada")>0,"Trein. ",""))) -> Vistoria | J7: =IF(J6="","",TRIM(IF(COUNTIFS($C$22:$C$139,J6,$D$22:$D$139,"*Vistoria*",$Q$22:$Q$139,"<>Cancelada")>0,"Vistoria ","")&IF(COUNTIFS($C$22:$C$139,J6,$D$22:$D$139,"*Relatório*",$Q$22:$Q$139,"<>Cancelada")>0,"Relatório ","")&IF(COUNTIFS($C$22:$C$139,J6,$D$22:$D$139,"*Reunião*",$Q$22:$Q$139,"<>Cancelada")>0,"REUNIÃO ","")&IF(COUNTIFS($C$22:$C$139,J6,$D$22:$D$139,"*Férias*",$Q$22:$Q$139,"<>Cancelada")>0,"Férias ","")&IF(COUNTIFS($C$22:$C$139,J6,$D$22:$D$139,"*Mudança*",$Q$22:$Q$139,"<>Cancelada")>0,"M.Função ","")&IF(COUNTIFS($C$22:$C$139,J6,$D$22:$D$139,"*Treinamento*",$Q$22:$Q$139,"<>Cancelada")>0,"Trein. ",""))) -> Relatório | L7: =IF(L6="","",TRIM(IF(COUNTIFS($C$22:$C$139,L6,$D$22:$D$139,"*Vistoria*",$Q$22:$Q$139,"<>Cancelada")>0,"Vistoria ","")&IF(COUNTIFS($C$22:$C$139,L6,$D$22:$D$139,"*Relatório*",$Q$22:$Q$139,"<>Cancelada")>0,"Relatório ","")&IF(COUNTIFS($C$22:$C$139,L6,$D$22:$D$139,"*Reunião*",$Q$22:$Q$139,"<>Cancelada")>0,"REUNIÃO ","")&IF(COUNTIFS($C$22:$C$139,L6,$D$22:$D$139,"*Férias*",$Q$22:$Q$139,"<>Cancelada")>0,"Férias ","")&IF(COUNTIFS($C$22:$C$139,L6,$D$22:$D$139,"*Mudança*",$Q$22:$Q$139,"<>Cancelada")>0,"M.Função ","")&IF(COUNTIFS($C$22:$C$139,L6,$D$22:$D$139,"*Treinamento*",$Q$22:$Q$139,"<>Cancelada")>0,"Trein. ",""))) -> REUNIÃO | N7: =IF(N6="","",TRIM(IF(COUNTIFS($C$22:$C$139,N6,$D$22:$D$139,"*Vistoria*",$Q$22:$Q$139,"<>Cancelada")>0,"Vistoria ","")&IF(COUNTIFS($C$22:$C$139,N6,$D$22:$D$139,"*Relatório*",$Q$22:$Q$139,"<>Cancelada")>0,"Relatório ","")&IF(COUNTIFS($C$22:$C$139,N6,$D$22:$D$139,"*Reunião*",$Q$22:$Q$139,"<>Cancelada")>0,"REUNIÃO ","")&IF(COUNTIFS($C$22:$C$139,N6,$D$22:$D$139,"*Férias*",$Q$22:$Q$139,"<>Cancelada")>0,"Férias ","")&IF(COUNTIFS($C$22:$C$139,N6,$D$22:$D$139,"*Mudança*",$Q$22:$Q$139,"<>Cancelada")>0,"M.Função ","")&IF(COUNTIFS($C$22:$C$139,N6,$D$22:$D$139,"*Treinamento*",$Q$22:$Q$139,"<>Cancelada")>0,"Trein. ","")))
B8: =IF(MONTH($X$1-WEEKDAY($X$1)+1+7)=MONTH($X$1),$X$1-WEEKDAY($X$1)+1+7,"") -> 46271 | D8: =IF(MONTH($X$1-WEEKDAY($X$1)+1+8)=MONTH($X$1),$X$1-WEEKDAY($X$1)+1+8,"") -> 46272 | F8: =IF(MONTH($X$1-WEEKDAY($X$1)+1+9)=MONTH($X$1),$X$1-WEEKDAY($X$1)+1+9,"") -> 46273 | H8: =IF(MONTH($X$1-WEEKDAY($X$1)+1+10)=MONTH($X$1),$X$1-WEEKDAY($X$1)+1+10,"") -> 46274 | J8: =IF(MONTH($X$1-WEEKDAY($X$1)+1+11)=MONTH($X$1),$X$1-WEEKDAY($X$1)+1+11,"") -> 46275 | L8: =IF(MONTH($X$1-WEEKDAY($X$1)+1+12)=MONTH($X$1),$X$1-WEEKDAY($X$1)+1+12,"") -> 46276 | N8: =IF(MONTH($X$1-WEEKDAY($X$1)+1+13)=MONTH($X$1),$X$1-WEEKDAY($X$1)+1+13,"") -> 46277
B9: =IF(B8="","",TRIM(IF(COUNTIFS($C$22:$C$139,B8,$D$22:$D$139,"*Vistoria*",$Q$22:$Q$139,"<>Cancelada")>0,"Vistoria ","")&IF(COUNTIFS($C$22:$C$139,B8,$D$22:$D$139,"*Relatório*",$Q$22:$Q$139,"<>Cancelada")>0,"Relatório ","")&IF(COUNTIFS($C$22:$C$139,B8,$D$22:$D$139,"*Reunião*",$Q$22:$Q$139,"<>Cancelada")>0,"REUNIÃO ","")&IF(COUNTIFS($C$22:$C$139,B8,$D$22:$D$139,"*Férias*",$Q$22:$Q$139,"<>Cancelada")>0,"Férias ","")&IF(COUNTIFS($C$22:$C$139,B8,$D$22:$D$139,"*Mudança*",$Q$22:$Q$139,"<>Cancelada")>0,"M.Função ","")&IF(COUNTIFS($C$22:$C$139,B8,$D$22:$D$139,"*Treinamento*",$Q$22:$Q$139,"<>Cancelada")>0,"Trein. ",""))) | D9: =IF(D8="","",TRIM(IF(COUNTIFS($C$22:$C$139,D8,$D$22:$D$139,"*Vistoria*",$Q$22:$Q$139,"<>Cancelada")>0,"Vistoria ","")&IF(COUNTIFS($C$22:$C$139,D8,$D$22:$D$139,"*Relatório*",$Q$22:$Q$139,"<>Cancelada")>0,"Relatório ","")&IF(COUNTIFS($C$22:$C$139,D8,$D$22:$D$139,"*Reunião*",$Q$22:$Q$139,"<>Cancelada")>0,"REUNIÃO ","")&IF(COUNTIFS($C$22:$C$139,D8,$D$22:$D$139,"*Férias*",$Q$22:$Q$139,"<>Cancelada")>0,"Férias ","")&IF(COUNTIFS($C$22:$C$139,D8,$D$22:$D$139,"*Mudança*",$Q$22:$Q$139,"<>Cancelada")>0,"M.Função ","")&IF(COUNTIFS($C$22:$C$139,D8,$D$22:$D$139,"*Treinamento*",$Q$22:$Q$139,"<>Cancelada")>0,"Trein. ",""))) -> Férias | F9: =IF(F8="","",TRIM(IF(COUNTIFS($C$22:$C$139,F8,$D$22:$D$139,"*Vistoria*",$Q$22:$Q$139,"<>Cancelada")>0,"Vistoria ","")&IF(COUNTIFS($C$22:$C$139,F8,$D$22:$D$139,"*Relatório*",$Q$22:$Q$139,"<>Cancelada")>0,"Relatório ","")&IF(COUNTIFS($C$22:$C$139,F8,$D$22:$D$139,"*Reunião*",$Q$22:$Q$139,"<>Cancelada")>0,"REUNIÃO ","")&IF(COUNTIFS($C$22:$C$139,F8,$D$22:$D$139,"*Férias*",$Q$22:$Q$139,"<>Cancelada")>0,"Férias ","")&IF(COUNTIFS($C$22:$C$139,F8,$D$22:$D$139,"*Mudança*",$Q$22:$Q$139,"<>Cancelada")>0,"M.Função ","")&IF(COUNTIFS($C$22:$C$139,F8,$D$22:$D$139,"*Treinamento*",$Q$22:$Q$139,"<>Cancelada")>0,"Trein. ",""))) | H9: =IF(H8="","",TRIM(IF(COUNTIFS($C$22:$C$139,H8,$D$22:$D$139,"*Vistoria*",$Q$22:$Q$139,"<>Cancelada")>0,"Vistoria ","")&IF(COUNTIFS($C$22:$C$139,H8,$D$22:$D$139,"*Relatório*",$Q$22:$Q$139,"<>Cancelada")>0,"Relatório ","")&IF(COUNTIFS($C$22:$C$139,H8,$D$22:$D$139,"*Reunião*",$Q$22:$Q$139,"<>Cancelada")>0,"REUNIÃO ","")&IF(COUNTIFS($C$22:$C$139,H8,$D$22:$D$139,"*Férias*",$Q$22:$Q$139,"<>Cancelada")>0,"Férias ","")&IF(COUNTIFS($C$22:$C$139,H8,$D$22:$D$139,"*Mudança*",$Q$22:$Q$139,"<>Cancelada")>0,"M.Função ","")&IF(COUNTIFS($C$22:$C$139,H8,$D$22:$D$139,"*Treinamento*",$Q$22:$Q$139,"<>Cancelada")>0,"Trein. ",""))) -> Vistoria | J9: =IF(J8="","",TRIM(IF(COUNTIFS($C$22:$C$139,J8,$D$22:$D$139,"*Vistoria*",$Q$22:$Q$139,"<>Cancelada")>0,"Vistoria ","")&IF(COUNTIFS($C$22:$C$139,J8,$D$22:$D$139,"*Relatório*",$Q$22:$Q$139,"<>Cancelada")>0,"Relatório ","")&IF(COUNTIFS($C$22:$C$139,J8,$D$22:$D$139,"*Reunião*",$Q$22:$Q$139,"<>Cancelada")>0,"REUNIÃO ","")&IF(COUNTIFS($C$22:$C$139,J8,$D$22:$D$139,"*Férias*",$Q$22:$Q$139,"<>Cancelada")>0,"Férias ","")&IF(COUNTIFS($C$22:$C$139,J8,$D$22:$D$139,"*Mudança*",$Q$22:$Q$139,"<>Cancelada")>0,"M.Função ","")&IF(COUNTIFS($C$22:$C$139,J8,$D$22:$D$139,"*Treinamento*",$Q$22:$Q$139,"<>Cancelada")>0,"Trein. ",""))) -> Relatório | L9: =IF(L8="","",TRIM(IF(COUNTIFS($C$22:$C$139,L8,$D$22:$D$139,"*Vistoria*",$Q$22:$Q$139,"<>Cancelada")>0,"Vistoria ","")&IF(COUNTIFS($C$22:$C$139,L8,$D$22:$D$139,"*Relatório*",$Q$22:$Q$139,"<>Cancelada")>0,"Relatório ","")&IF(COUNTIFS($C$22:$C$139,L8,$D$22:$D$139,"*Reunião*",$Q$22:$Q$139,"<>Cancelada")>0,"REUNIÃO ","")&IF(COUNTIFS($C$22:$C$139,L8,$D$22:$D$139,"*Férias*",$Q$22:$Q$139,"<>Cancelada")>0,"Férias ","")&IF(COUNTIFS($C$22:$C$139,L8,$D$22:$D$139,"*Mudança*",$Q$22:$Q$139,"<>Cancelada")>0,"M.Função ","")&IF(COUNTIFS($C$22:$C$139,L8,$D$22:$D$139,"*Treinamento*",$Q$22:$Q$139,"<>Cancelada")>0,"Trein. ",""))) -> REUNIÃO | N9: =IF(N8="","",TRIM(IF(COUNTIFS($C$22:$C$139,N8,$D$22:$D$139,"*Vistoria*",$Q$22:$Q$139,"<>Cancelada")>0,"Vistoria ","")&IF(COUNTIFS($C$22:$C$139,N8,$D$22:$D$139,"*Relatório*",$Q$22:$Q$139,"<>Cancelada")>0,"Relatório ","")&IF(COUNTIFS($C$22:$C$139,N8,$D$22:$D$139,"*Reunião*",$Q$22:$Q$139,"<>Cancelada")>0,"REUNIÃO ","")&IF(COUNTIFS($C$22:$C$139,N8,$D$22:$D$139,"*Férias*",$Q$22:$Q$139,"<>Cancelada")>0,"Férias ","")&IF(COUNTIFS($C$22:$C$139,N8,$D$22:$D$139,"*Mudança*",$Q$22:$Q$139,"<>Cancelada")>0,"M.Função ","")&IF(COUNTIFS($C$22:$C$139,N8,$D$22:$D$139,"*Treinamento*",$Q$22:$Q$139,"<>Cancelada")>0,"Trein. ","")))
