Workbook
Name Setores: CONFIG!$A$12:$A$40

Sheet INÍCIO
A1: GSL BARTOFIL · CALENDÁRIO DE GESTÃO OPERACIONAL 2026
A3: Turnos A (manhã) · B (tarde) · C (noite) · Reunião semanal com a gerência às sextas-feiras
A5: MODELOS PARA DOWNLOAD — clique no link, baixe, preencha e anexe pelo menu GSL Bartofil > Anexar entrega
A6: 1. | B6: Erros Operacionais (SEG) — Modelo-Erros-Operacionais.docx | C6: (administrador: cole aqui o link do arquivo no Drive)
A7: 2. | B7: Suporte de Supervisores (TER) — Modelo-Suporte-Supervisores.docx | C7: (administrador: cole aqui o link do arquivo no Drive)
A8: 3. | B8: Metas (QUI) — Modelo-Metas.docx | C8: (administrador: cole aqui o link do arquivo no Drive)
A9: 4. | B9: Faltas e Atestados (SEX) — Modelo-Faltas-Atestados.docx | C9: (administrador: cole aqui o link do arquivo no Drive)
A10: 5. | B10: Acompanhamento c/ Supervisores (SEX) — Modelo-Acompanhamento-Supervisores.docx | C10: (administrador: cole aqui o link do arquivo no Drive)
A11: 6. | B11: Checklist de Vistoria (QUA) — Checklist-Vistoria.docx | C11: (administrador: cole aqui o link do arquivo no Drive)
A12: Os links devem estar compartilhados como 'qualquer pessoa com o link pode ver'. Os mesmos links vão automaticamente nos e-mails de lembrete e cobrança de cada atividade.
A14: COMO FUNCIONA
A15: 1. | B15: Cada mês é uma aba-calendário. As atividades são distribuídas na semana — SEG Erros, TER Suporte, QUA Vistoria, QUI Metas, SEX Faltas + Acompanhamento c/ Supervisores + Reunião Semanal com a Gerência (agora rastreada: aparece no mostrador, dispara lembrete e o gerente pode mudar a data ou cancelar). O MOSTRADOR exibe o nome de cada atividade sob o seu dia; dias com prazo ficam azuis e o dia de hoje amarelo. Se o gerente mudar um prazo ou cancelar, o mostrador se atualiza sozinho.
A16: 2. | B16: Abaixo do calendário fica a GESTÃO DE ATIVIDADES: uma linha por atividade x turno x semana. Para entregar, o coordenador baixa o modelo Word da atividade (pasta Modelos do Drive), preenche, e usa o menu GSL Bartofil > Anexar entrega: escolhe o arquivo e o script sobe direto para a pasta do Drive da GSL, cola o link e avisa o gerente. (Também é possível colar o link manualmente na coluna LINK DO ANEXO.)
A17: 3. | B17: O gerente valida na coluna J (Aprovado/Reprovado). Se reprovar, preenche o MOTIVO na coluna K — o coordenador recebe tudo por e-mail.
A18: 4. | B18: O gerente pode ALTERAR QUALQUER PRAZO na coluna C (células amarelas). A mudança dispara e-mail automático avisando os coordenadores, e o calendário de parede se recolore sozinho.
A19: 5. | B19: Na vistoria (Acomp. Organizacional Setorial), o gerente define o SETOR na planilha; o coordenador do turno é avisado por e-mail, imprime o Checklist de Vistoria (arquivo Word), preenche no setor, escaneia e anexa.
A20: 6. | B20: Treinamentos: o gerente preenche prazo + tema na seção TREINAMENTOS no fim de cada aba mensal; os coordenadores recebem o aviso por e-mail com a data.
A21: 7. | B21: GERENTE e ADMINISTRADOR (CONFIG!B9) podem CANCELAR uma atividade: selecione a linha e use GSL Bartofil > Cancelar atividade (ou escolha Cancelada na coluna VALIDAÇÃO). A atividade sai do mostrador e das contagens, e os coordenadores são avisados por e-mail com o motivo.
A22: 8. | B22: A aba CENTRAL mostra o andamento mês a mês (% concluído, pendentes, atrasadas) e a CONFIG cadastra nomes, e-mails, setores e parâmetros.
A24: ATIVIDADES E FREQUÊNCIA
B25: Levantamento de Erros Operacionais | C25: Semanal (SEG) — principais erros da semana + ações corretivas tomadas. Modelo Word: Modelo-Erros-Operacionais.docx.
B26: Suporte de Supervisores | C26: Semanal (TER) — situação do setor, fluidez, atrasos e trocas de turno. Modelo Word: Modelo-Suporte-Supervisores.docx.
B27: Acomp. Organizacional Setorial | C27: Semanal (QUA) — vistoria no setor definido pelo gerente, com o Checklist-Vistoria.docx impresso, preenchido, escaneado e anexado.
B28: Metas | C28: Semanal (QUI) — indicadores, atingimento e feedback dos supervisores sobre colaboradores (destaques e atípicos). Modelo Word: Modelo-Metas.docx.
B29: Faltas e Atestados | C29: Semanal (SEX) — absenteísmo: faltas e atestados da semana. Modelo Word: Modelo-Faltas-Atestados.docx.
B30: Acompanhamento Semanal c/ Supervisores | C30: Semanal (SEX) — retorno colhido com os supervisores sobre desempenho das equipes. Modelo Word: Modelo-Acompanhamento-Supervisores.docx.
B31: Reunião Semanal com a Gerência | C31: Semanal (SEX) — reunião dos 3 coordenadores com o gerente; após realizada, o gerente marca Aprovado (ata opcional no LINK DO ANEXO). O gerente pode mudar a data da semana editando o PRAZO da linha.
B32: Programação de Férias | C32: Mensal (1ª segunda) — alinhamento com os supervisores sobre os feristas do mês.
B33: Mudança de Função | C33: Mensal (última sexta) — reunião sobre movimentação de pessoal; o gerente pode mudar a data.
B34: Treinamento com Colaboradores | C34: Programado — só aparece quando o gerente marca; coordenadores programam dia/hora com os supervisores.
A36: APÓS IMPORTAR NO GOOGLE SHEETS — ATIVAR OS E-MAILS AUTOMÁTICOS (5 min)
A37: 1. | B37: OBRIGATÓRIO: abra o arquivo no Google e use Arquivo → Salvar como Planilhas Google. Em modo .xlsx (aparece 'XLSX' ao lado do nome) o Apps Script NÃO funciona — menu, anexos e e-mails ficam mortos.
A38: 2. | B38: Extensões → Apps Script. Apague o conteúdo, cole o arquivo Code.gs entregue junto com esta planilha e salve.
A39: 3. | B39: Preencha a aba CONFIG (nomes e e-mails dos 3 coordenadores e do gerente).
A40: 4. | B40: No Apps Script, execute a função instalarGatilhos uma vez e autorize com a conta do gerente (os e-mails sairão dela).
A41: 5. | B41: Pronto. Lembretes (2 dias antes e no dia do prazo), COBRANÇA AUTOMÁTICA DE ATRASO (reenviada a cada 3 dias ao coordenador, com cópia à gestão, até a entrega), confirmação de entrega, aprovação/reprovação com motivo, mudança de prazo, setor da vistoria e treinamentos — tudo automático.
A42: 6. | B42: Recarregue a página: o menu GSL Bartofil aparece na barra. Cada coordenador, no 1º uso do Anexar entrega, autoriza o script uma única vez.
A43: 7. | B43: Suba os 6 arquivos Word de modelo na subpasta Modelos da pasta GSL Bartofil - Entregas do Drive e cole o link de cada um na tabela MODELOS PARA DOWNLOAD, no topo desta aba: os e-mails de lembrete passam a levar o link do modelo.
A44: 8. | B44: Recomendado: proteja as colunas do gerente (PRAZO C, SETOR J, VALIDAÇÃO O, MOTIVO P) em Dados → Proteger intervalos, liberando gerente e administrador.
A46: IDENTIDADE VISUAL
A47: - | B47: Paleta oficial do logo Bartofil: azul #111785, verde #01973A e amarelo #FFEE03, com a listra verde-amarela sob os títulos. O vermelho aparece apenas como cor funcional de status (atrasada/reprovada). Sem emojis: o mostrador exibe o nome curto de cada atividade.

Sheet CENTRAL
A1: CENTRAL — ANDAMENTO 2026 | I1: GSL BARTOFIL
A3: TOTAL NO ANO | C3: APROVADAS | E3: ATRASADAS AGORA | G3: % CONCLUÍDO DO ANO | I3: =TEXT(TODAY(),"dd/mm/yyyy")&" — visão geral"
A4: =SUM(B8:B13) | C4: =SUM(C8:C13) | E4: =SUM(F8:F13) | G4: =IF(SUM(B8:B13)=0,0,SUM(C8:C13)/SUM(B8:B13))
A6: ANDAMENTO MÊS A MÊS
A7: MÊS | B7: TOTAL | C7: APROV. | D7: AGUARD. VALID. | E7: PEND. | F7: ATRAS. | G7: REPROV. | H7: % CONCL. | I7: PROGRESSO | J7: SITUAÇÃO
A8: JUL 2026 | B8: =COUNTIF('JUL 2026'!$R$22:$R$210,"Aprovada")+COUNTIF('JUL 2026'!$R$22:$R$210,"Entregue")+COUNTIF('JUL 2026'!$R$22:$R$210,"Pendente")+COUNTIF('JUL 2026'!$R$22:$R$210,"Atrasada")+COUNTIF('JUL 2026'!$R$22:$R$210,"Reprovada") | C8: =COUNTIF('JUL 2026'!$R$22:$R$210,"Aprovada") | D8: =COUNTIF('JUL 2026'!$R$22:$R$210,"Entregue") | E8: =COUNTIF('JUL 2026'!$R$22:$R$210,"Pendente") | F8: =COUNTIF('JUL 2026'!$R$22:$R$210,"Atrasada") | G8: =COUNTIF('JUL 2026'!$R$22:$R$210,"Reprovada") | H8: =IF($B8=0,0,$C8/$B8) | I8: =REPT("█",ROUND($H8*15,0))&REPT("░",15-ROUND($H8*15,0)) | J8: =IF($B8=0,"—",IF($C8=$B8,"Concluído",IF($F8>0,"Com atrasos","Em andamento")))
A9: AGO 2026 | B9: =COUNTIF('AGO 2026'!$R$22:$R$210,"Aprovada")+COUNTIF('AGO 2026'!$R$22:$R$210,"Entregue")+COUNTIF('AGO 2026'!$R$22:$R$210,"Pendente")+COUNTIF('AGO 2026'!$R$22:$R$210,"Atrasada")+COUNTIF('AGO 2026'!$R$22:$R$210,"Reprovada") | C9: =COUNTIF('AGO 2026'!$R$22:$R$210,"Aprovada") | D9: =COUNTIF('AGO 2026'!$R$22:$R$210,"Entregue") | E9: =COUNTIF('AGO 2026'!$R$22:$R$210,"Pendente") | F9: =COUNTIF('AGO 2026'!$R$22:$R$210,"Atrasada") | G9: =COUNTIF('AGO 2026'!$R$22:$R$210,"Reprovada") | H9: =IF($B9=0,0,$C9/$B9) | I9: =REPT("█",ROUND($H9*15,0))&REPT("░",15-ROUND($H9*15,0)) | J9: =IF($B9=0,"—",IF($C9=$B9,"Concluído",IF($F9>0,"Com atrasos","Em andamento")))
A10: SET 2026 | B10: =COUNTIF('SET 2026'!$R$22:$R$210,"Aprovada")+COUNTIF('SET 2026'!$R$22:$R$210,"Entregue")+COUNTIF('SET 2026'!$R$22:$R$210,"Pendente")+COUNTIF('SET 2026'!$R$22:$R$210,"Atrasada")+COUNTIF('SET 2026'!$R$22:$R$210,"Reprovada") | C10: =COUNTIF('SET 2026'!$R$22:$R$210,"Aprovada") | D10: =COUNTIF('SET 2026'!$R$22:$R$210,"Entregue") | E10: =COUNTIF('SET 2026'!$R$22:$R$210,"Pendente") | F10: =COUNTIF('SET 2026'!$R$22:$R$210,"Atrasada") | G10: =COUNTIF('SET 2026'!$R$22:$R$210,"Reprovada") | H10: =IF($B10=0,0,$C10/$B10) | I10: =REPT("█",ROUND($H10*15,0))&REPT("░",15-ROUND($H10*15,0)) | J10: =IF($B10=0,"—",IF($C10=$B10,"Concluído",IF($F10>0,"Com atrasos","Em andamento")))
A11: OUT 2026 | B11: =COUNTIF('OUT 2026'!$R$22:$R$210,"Aprovada")+COUNTIF('OUT 2026'!$R$22:$R$210,"Entregue")+COUNTIF('OUT 2026'!$R$22:$R$210,"Pendente")+COUNTIF('OUT 2026'!$R$22:$R$210,"Atrasada")+COUNTIF('OUT 2026'!$R$22:$R$210,"Reprovada") | C11: =COUNTIF('OUT 2026'!$R$22:$R$210,"Aprovada") | D11: =COUNTIF('OUT 2026'!$R$22:$R$210,"Entregue") | E11: =COUNTIF('OUT 2026'!$R$22:$R$210,"Pendente") | F11: =COUNTIF('OUT 2026'!$R$22:$R$210,"Atrasada") | G11: =COUNTIF('OUT 2026'!$R$22:$R$210,"Reprovada") | H11: =IF($B11=0,0,$C11/$B11) | I11: =REPT("█",ROUND($H11*15,0))&REPT("░",15-ROUND($H11*15,0)) | J11: =IF($B11=0,"—",IF($C11=$B11,"Concluído",IF($F11>0,"Com atrasos","Em andamento")))
A12: NOV 2026 | B12: =COUNTIF('NOV 2026'!$R$22:$R$210,"Aprovada")+COUNTIF('NOV 2026'!$R$22:$R$210,"Entregue")+COUNTIF('NOV 2026'!$R$22:$R$210,"Pendente")+COUNTIF('NOV 2026'!$R$22:$R$210,"Atrasada")+COUNTIF('NOV 2026'!$R$22:$R$210,"Reprovada") | C12: =COUNTIF('NOV 2026'!$R$22:$R$210,"Aprovada") | D12: =COUNTIF('NOV 2026'!$R$22:$R$210,"Entregue") | E12: =COUNTIF('NOV 2026'!$R$22:$R$210,"Pendente") | F12: =COUNTIF('NOV 2026'!$R$22:$R$210,"Atrasada") | G12: =COUNTIF('NOV 2026'!$R$22:$R$210,"Reprovada") | H12: =IF($B12=0,0,$C12/$B12) | I12: =REPT("█",ROUND($H12*15,0))&REPT("░",15-ROUND($H12*15,0)) | J12: =IF($B12=0,"—",IF($C12=$B12,"Concluído",IF($F12>0,"Com atrasos","Em andamento")))
A13: DEZ 2026 | B13: =COUNTIF('DEZ 2026'!$R$22:$R$210,"Aprovada")+COUNTIF('DEZ 2026'!$R$22:$R$210,"Entregue")+COUNTIF('DEZ 2026'!$R$22:$R$210,"Pendente")+COUNTIF('DEZ 2026'!$R$22:$R$210,"Atrasada")+COUNTIF('DEZ 2026'!$R$22:$R$210,"Reprovada") | C13: =COUNTIF('DEZ 2026'!$R$22:$R$210,"Aprovada") | D13: =COUNTIF('DEZ 2026'!$R$22:$R$210,"Entregue") | E13: =COUNTIF('DEZ 2026'!$R$22:$R$210,"Pendente") | F13: =COUNTIF('DEZ 2026'!$R$22:$R$210,"Atrasada") | G13: =COUNTIF('DEZ 2026'!$R$22:$R$210,"Reprovada") | H13: =IF($B13=0,0,$C13/$B13) | I13: =REPT("█",ROUND($H13*15,0))&REPT("░",15-ROUND($H13*15,0)) | J13: =IF($B13=0,"—",IF($C13=$B13,"Concluído",IF($F13>0,"Com atrasos","Em andamento")))
A14: TOTAL 2026 | B14: =SUM(B8:B13) | C14: =SUM(C8:C13) | D14: =SUM(D8:D13) | E14: =SUM(E8:E13) | F14: =SUM(F8:F13) | G14: =SUM(G8:G13) | H14: =IF($B14=0,0,$C14/$B14) | I14: =REPT("█",ROUND($H14*15,0))&REPT("░",15-ROUND($H14*15,0)) | J14: =""
A16: Os números somam as entregas dos 3 turnos (A, B e C) + treinamentos programados. Aguard. valid. = anexado pelo coordenador e aguardando aprovação do gerente.

Sheet CONFIG
A1: CONFIG — ENVOLVIDOS, SETORES, PARÂMETROS E MODELOS
A3: 1 · EQUIPE (usada nas fórmulas e nos e-mails do script)
A4: PAPEL | B4: NOME | C4: E-MAIL
A5: Coordenador · Turno A (manhã) | B5: (preencha o nome) | C5: turnoA@bartofil.com.br
A6: Coordenador · Turno B (tarde) | B6: (preencha o nome) | C6: turnoB@bartofil.com.br
A7: Coordenador · Turno C (noite) | B7: (preencha o nome) | C7: turnoC@bartofil.com.br
A8: Gerente de Logística | B8: (preencha o nome) | C8: gerente@bartofil.com.br
A9: Administrador da planilha | B9: Hércules | C9: hercules@bartofil.com.br
A11: 2 · SETORES DO CD (lista usada no campo 'Setor' da vistoria) | C11: 3 · PARÂMETROS DO SCRIPT
A12: Recebimento | C12: Dias de antecedência do lembrete | D12: 2
A13: Conferência | C13: Reenviar alerta de atraso a cada (dias) | D13: 3
A14: Armazenagem / Porta-paletes | C14: E-mail em cópia (opcional)
A15: Separação (Picking) | C15: Pasta do Drive p/ entregas (o script cria e preenche)
A16: Reposição
A17: Expedição
A18: Carregamento / Docas
A19: Devolução / Avarias
A20: Inventário
A21: Manutenção
A22: Pátio / Área externa
A23: Administrativo do CD
A26: Células em amarelo são editáveis. NÃO mova linhas/colunas desta aba: o script lê B5:C9 (equipe), D12:D14 (parâmetros) e D15 (pasta do Drive). Os links dos modelos ficam na aba INÍCIO (C6:C11). Gerente e Administrador podem validar e CANCELAR atividades.
A41: Para editar setores: SOBRESCREVA ou LIMPE as células (Delete). NÃO exclua linhas — isso quebra o menu suspenso.
A42: Se o menu suspenso quebrar mesmo assim, use GSL Bartofil > Reaplicar lista de setores.

Sheet JUL 2026
A1: 07 · JULHO 2026 | O1: GSL BARTOFIL
A3: =IF((COUNTIF($R$22:$R$210,"Aprovada")+COUNTIF($R$22:$R$210,"Entregue")+COUNTIF($R$22:$R$210,"Pendente")+COUNTIF($R$22:$R$210,"Atrasada")+COUNTIF($R$22:$R$210,"Reprovada"))=0,"",IF(COUNTIF($R$22:$R$210,"Aprovada")=(COUNTIF($R$22:$R$210,"Aprovada")+COUNTIF($R$22:$R$210,"Entregue")+COUNTIF($R$22:$R$210,"Pendente")+COUNTIF($R$22:$R$210,"Atrasada")+COUNTIF($R$22:$R$210,"Reprovada")),"MÊS CONCLUÍDO — todas as atividades aprovadas","EM ANDAMENTO — "&COUNTIF($R$22:$R$210,"Aprovada")&" de "&(COUNTIF($R$22:$R$210,"Aprovada")+COUNTIF($R$22:$R$210,"Entregue")+COUNTIF($R$22:$R$210,"Pendente")+COUNTIF($R$22:$R$210,"Atrasada")+COUNTIF($R$22:$R$210,"Reprovada"))&" atividades aprovadas"))
B5: DOM | D5: SEG | F5: TER | H5: QUA | J5: QUI | L5: SEX | N5: SÁB
H6: 46204 | J6: 46205 | L6: 46206 | N6: 46207
H7: =IF(H6="","",TRIM(IF(COUNTIFS($C$22:$C$210,H6,$D$22:$D$210,"*Erros*",$O$22:$O$210,"<>Cancelada")>0,"Erros ","")&IF(COUNTIFS($C$22:$C$210,H6,$D$22:$D$210,"*Suporte*",$O$22:$O$210,"<>Cancelada")>0,"Suporte ","")&IF(COUNTIFS($C$22:$C$210,H6,$D$22:$D$210,"*Vistoria*",$O$22:$O$210,"<>Cancelada")>0,"Vistoria ","")&IF(COUNTIFS($C$22:$C$210,H6,$D$22:$D$210,"*Metas*",$O$22:$O$210,"<>Cancelada")>0,"Metas ","")&IF(COUNTIFS($C$22:$C$210,H6,$D$22:$D$210,"*Faltas*",$O$22:$O$210,"<>Cancelada")>0,"Faltas ","")&IF(COUNTIFS($C$22:$C$210,H6,$D$22:$D$210,"*Semanal c/*",$O$22:$O$210,"<>Cancelada")>0,"Acomp. ","")&IF(COUNTIFS($C$22:$C$210,H6,$D$22:$D$210,"*Reunião*",$O$22:$O$210,"<>Cancelada")>0,"Reunião ","")&IF(COUNTIFS($C$22:$C$210,H6,$D$22:$D$210,"*Férias*",$O$22:$O$210,"<>Cancelada")>0,"Férias ","")&IF(COUNTIFS($C$22:$C$210,H6,$D$22:$D$210,"*Mudança*",$O$22:$O$210,"<>Cancelada")>0,"M.Função ","")&IF(COUNTIFS($C$22:$C$210,H6,$D$22:$D$210,"*Treinamento*",$O$22:$O$210,"<>Cancelada")>0,"Trein. ",""))) | J7: =IF(J6="","",TRIM(IF(COUNTIFS($C$22:$C$210,J6,$D$22:$D$210,"*Erros*",$O$22:$O$210,"<>Cancelada")>0,"Erros ","")&IF(COUNTIFS($C$22:$C$210,J6,$D$22:$D$210,"*Suporte*",$O$22:$O$210,"<>Cancelada")>0,"Suporte ","")&IF(COUNTIFS($C$22:$C$210,J6,$D$22:$D$210,"*Vistoria*",$O$22:$O$210,"<>Cancelada")>0,"Vistoria ","")&IF(COUNTIFS($C$22:$C$210,J6,$D$22:$D$210,"*Metas*",$O$22:$O$210,"<>Cancelada")>0,"Metas ","")&IF(COUNTIFS($C$22:$C$210,J6,$D$22:$D$210,"*Faltas*",$O$22:$O$210,"<>Cancelada")>0,"Faltas ","")&IF(COUNTIFS($C$22:$C$210,J6,$D$22:$D$210,"*Semanal c/*",$O$22:$O$210,"<>Cancelada")>0,"Acomp. ","")&IF(COUNTIFS($C$22:$C$210,J6,$D$22:$D$210,"*Reunião*",$O$22:$O$210,"<>Cancelada")>0,"Reunião ","")&IF(COUNTIFS($C$22:$C$210,J6,$D$22:$D$210,"*Férias*",$O$22:$O$210,"<>Cancelada")>0,"Férias ","")&IF(COUNTIFS($C$22:$C$210,J6,$D$22:$D$210,"*Mudança*",$O$22:$O$210,"<>Cancelada")>0,"M.Função ","")&IF(COUNTIFS($C$22:$C$210,J6,$D$22:$D$210,"*Treinamento*",$O$22:$O$210,"<>Cancelada")>0,"Trein. ",""))) | L7: =IF(L6="","",TRIM(IF(COUNTIFS($C$22:$C$210,L6,$D$22:$D$210,"*Erros*",$O$22:$O$210,"<>Cancelada")>0,"Erros ","")&IF(COUNTIFS($C$22:$C$210,L6,$D$22:$D$210,"*Suporte*",$O$22:$O$210,"<>Cancelada")>0,"Suporte ","")&IF(COUNTIFS($C$22:$C$210,L6,$D$22:$D$210,"*Vistoria*",$O$22:$O$210,"<>Cancelada")>0,"Vistoria ","")&IF(COUNTIFS($C$22:$C$210,L6,$D$22:$D$210,"*Metas*",$O$22:$O$210,"<>Cancelada")>0,"Metas ","")&IF(COUNTIFS($C$22:$C$210,L6,$D$22:$D$210,"*Faltas*",$O$22:$O$210,"<>Cancelada")>0,"Faltas ","")&IF(COUNTIFS($C$22:$C$210,L6,$D$22:$D$210,"*Semanal c/*",$O$22:$O$210,"<>Cancelada")>0,"Acomp. ","")&IF(COUNTIFS($C$22:$C$210,L6,$D$22:$D$210,"*Reunião*",$O$22:$O$210,"<>Cancelada")>0,"Reunião ","")&IF(COUNTIFS($C$22:$C$210,L6,$D$22:$D$210,"*Férias*",$O$22:$O$210,"<>Cancelada")>0,"Férias ","")&IF(COUNTIFS($C$22:$C$210,L6,$D$22:$D$210,"*Mudança*",$O$22:$O$210,"<>Cancelada")>0,"M.Função ","")&IF(COUNTIFS($C$22:$C$210,L6,$D$22:$D$210,"*Treinamento*",$O$22:$O$210,"<>Cancelada")>0,"Trein. ",""))) | N7: =IF(N6="","",TRIM(IF(COUNTIFS($C$22:$C$210,N6,$D$22:$D$210,"*Erros*",$O$22:$O$210,"<>Cancelada")>0,"Erros ","")&IF(COUNTIFS($C$22:$C$210,N6,$D$22:$D$210,"*Suporte*",$O$22:$O$210,"<>Cancelada")>0,"Suporte ","")&IF(COUNTIFS($C$22:$C$210,N6,$D$22:$D$210,"*Vistoria*",$O$22:$O$210,"<>Cancelada")>0,"Vistoria ","")&IF(COUNTIFS($C$22:$C$210,N6,$D$22:$D$210,"*Metas*",$O$22:$O$210,"<>Cancelada")>0,"Metas ","")&IF(COUNTIFS($C$22:$C$210,N6,$D$22:$D$210,"*Faltas*",$O$22:$O$210,"<>Cancelada")>0,"Faltas ","")&IF(COUNTIFS($C$22:$C$210,N6,$D$22:$D$210,"*Semanal c/*",$O$22:$O$210,"<>Cancelada")>0,"Acomp. ","")&IF(COUNTIFS($C$22:$C$210,N6,$D$22:$D$210,"*Reunião*",$O$22:$O$210,"<>Cancelada")>0,"Reunião ","")&IF(COUNTIFS($C$22:$C$210,N6,$D$22:$D$210,"*Férias*",$O$22:$O$210,"<>Cancelada")>0,"Férias ","")&IF(COUNTIFS($C$22:$C$210,N6,$D$22:$D$210,"*Mudança*",$O$22:$O$210,"<>Cancelada")>0,"M.Função ","")&IF(COUNTIFS($C$22:$C$210,N6,$D$22:$D$210,"*Treinamento*",$O$22:$O$210,"<>Cancelada")>0,"Trein. ","")))
B8: 46208 | D8: 46209 | F8: 46210 | H8: 46211 | J8: 46212 | L8: 46213 | N8: 46214
B9: =IF(B8="","",TRIM(IF(COUNTIFS($C$22:$C$210,B8,$D$22:$D$210,"*Erros*",$O$22:$O$210,"<>Cancelada")>0,"Erros ","")&IF(COUNTIFS($C$22:$C$210,B8,$D$22:$D$210,"*Suporte*",$O$22:$O$210,"<>Cancelada")>0,"Suporte ","")&IF(COUNTIFS($C$22:$C$210,B8,$D$22:$D$210,"*Vistoria*",$O$22:$O$210,"<>Cancelada")>0,"Vistoria ","")&IF(COUNTIFS($C$22:$C$210,B8,$D$22:$D$210,"*Metas*",$O$22:$O$210,"<>Cancelada")>0,"Metas ","")&IF(COUNTIFS($C$22:$C$210,B8,$D$22:$D$210,"*Faltas*",$O$22:$O$210,"<>Cancelada")>0,"Faltas ","")&IF(COUNTIFS($C$22:$C$210,B8,$D$22:$D$210,"*Semanal c/*",$O$22:$O$210,"<>Cancelada")>0,"Acomp. ","")&IF(COUNTIFS($C$22:$C$210,B8,$D$22:$D$210,"*Reunião*",$O$22:$O$210,"<>Cancelada")>0,"Reunião ","")&IF(COUNTIFS($C$22:$C$210,B8,$D$22:$D$210,"*Férias*",$O$22:$O$210,"<>Cancelada")>0,"Férias ","")&IF(COUNTIFS($C$22:$C$210,B8,$D$22:$D$210,"*Mudança*",$O$22:$O$210,"<>Cancelada")>0,"M.Função ","")&IF(COUNTIFS($C$22:$C$210,B8,$D$22:$D$210,"*Treinamento*",$O$22:$O$210,"<>Cancelada")>0,"Trein. ",""))) | D9: =IF(D8="","",TRIM(IF(COUNTIFS($C$22:$C$210,D8,$D$22:$D$210,"*Erros*",$O$22:$O$210,"<>Cancelada")>0,"Erros ","")&IF(COUNTIFS($C$22:$C$210,D8,$D$22:$D$210,"*Suporte*",$O$22:$O$210,"<>Cancelada")>0,"Suporte ","")&IF(COUNTIFS($C$22:$C$210,D8,$D$22:$D$210,"*Vistoria*",$O$22:$O$210,"<>Cancelada")>0,"Vistoria ","")&IF(COUNTIFS($C$22:$C$210,D8,$D$22:$D$210,"*Metas*",$O$22:$O$210,"<>Cancelada")>0,"Metas ","")&IF(COUNTIFS($C$22:$C$210,D8,$D$22:$D$210,"*Faltas*",$O$22:$O$210,"<>Cancelada")>0,"Faltas ","")&IF(COUNTIFS($C$22:$C$210,D8,$D$22:$D$210,"*Semanal c/*",$O$22:$O$210,"<>Cancelada")>0,"Acomp. ","")&IF(COUNTIFS($C$22:$C$210,D8,$D$22:$D$210,"*Reunião*",$O$22:$O$210,"<>Cancelada")>0,"Reunião ","")&IF(COUNTIFS($C$22:$C$210,D8,$D$22:$D$210,"*Férias*",$O$22:$O$210,"<>Cancelada")>0,"Férias ","")&IF(COUNTIFS($C$22:$C$210,D8,$D$22:$D$210,"*Mudança*",$O$22:$O$210,"<>Cancelada")>0,"M.Função ","")&IF(COUNTIFS($C$22:$C$210,D8,$D$22:$D$210,"*Treinamento*",$O$22:$O$210,"<>Cancelada")>0,"Trein. ",""))) | F9: =IF(F8="","",TRIM(IF(COUNTIFS($C$22:$C$210,F8,$D$22:$D$210,"*Erros*",$O$22:$O$210,"<>Cancelada")>0,"Erros ","")&IF(COUNTIFS($C$22:$C$210,F8,$D$22:$D$210,"*Suporte*",$O$22:$O$210,"<>Cancelada")>0,"Suporte ","")&IF(COUNTIFS($C$22:$C$210,F8,$D$22:$D$210,"*Vistoria*",$O$22:$O$210,"<>Cancelada")>0,"Vistoria ","")&IF(COUNTIFS($C$22:$C$210,F8,$D$22:$D$210,"*Metas*",$O$22:$O$210,"<>Cancelada")>0,"Metas ","")&IF(COUNTIFS($C$22:$C$210,F8,$D$22:$D$210,"*Faltas*",$O$22:$O$210,"<>Cancelada")>0,"Faltas ","")&IF(COUNTIFS($C$22:$C$210,F8,$D$22:$D$210,"*Semanal c/*",$O$22:$O$210,"<>Cancelada")>0,"Acomp. ","")&IF(COUNTIFS($C$22:$C$210,F8,$D$22:$D$210,"*Reunião*",$O$22:$O$210,"<>Cancelada")>0,"Reunião ","")&IF(COUNTIFS($C$22:$C$210,F8,$D$22:$D$210,"*Férias*",$O$22:$O$210,"<>Cancelada")>0,"Férias ","")&IF(COUNTIFS($C$22:$C$210,F8,$D$22:$D$210,"*Mudança*",$O$22:$O$210,"<>Cancelada")>0,"M.Função ","")&IF(COUNTIFS($C$22:$C$210,F8,$D$22:$D$210,"*Treinamento*",$O$22:$O$210,"<>Cancelada")>0,"Trein. ",""))) | H9: =IF(H8="","",TRIM(IF(COUNTIFS($C$22:$C$210,H8,$D$22:$D$210,"*Erros*",$O$22:$O$210,"<>Cancelada")>0,"Erros ","")&IF(COUNTIFS($C$22:$C$210,H8,$D$22:$D$210,"*Suporte*",$O$22:$O$210,"<>Cancelada")>0,"Suporte ","")&IF(COUNTIFS($C$22:$C$210,H8,$D$22:$D$210,"*Vistoria*",$O$22:$O$210,"<>Cancelada")>0,"Vistoria ","")&IF(COUNTIFS($C$22:$C$210,H8,$D$22:$D$210,"*Metas*",$O$22:$O$210,"<>Cancelada")>0,"Metas ","")&IF(COUNTIFS($C$22:$C$210,H8,$D$22:$D$210,"*Faltas*",$O$22:$O$210,"<>Cancelada")>0,"Faltas ","")&IF(COUNTIFS($C$22:$C$210,H8,$D$22:$D$210,"*Semanal c/*",$O$22:$O$210,"<>Cancelada")>0,"Acomp. ","")&IF(COUNTIFS($C$22:$C$210,H8,$D$22:$D$210,"*Reunião*",$O$22:$O$210,"<>Cancelada")>0,"Reunião ","")&IF(COUNTIFS($C$22:$C$210,H8,$D$22:$D$210,"*Férias*",$O$22:$O$210,"<>Cancelada")>0,"Férias ","")&IF(COUNTIFS($C$22:$C$210,H8,$D$22:$D$210,"*Mudança*",$O$22:$O$210,"<>Cancelada")>0,"M.Função ","")&IF(COUNTIFS($C$22:$C$210,H8,$D$22:$D$210,"*Treinamento*",$O$22:$O$210,"<>Cancelada")>0,"Trein. ",""))) | J9: =IF(J8="","",TRIM(IF(COUNTIFS($C$22:$C$210,J8,$D$22:$D$210,"*Erros*",$O$22:$O$210,"<>Cancelada")>0,"Erros ","")&IF(COUNTIFS($C$22:$C$210,J8,$D$22:$D$210,"*Suporte*",$O$22:$O$210,"<>Cancelada")>0,"Suporte ","")&IF(COUNTIFS($C$22:$C$210,J8,$D$22:$D$210,"*Vistoria*",$O$22:$O$210,"<>Cancelada")>0,"Vistoria ","")&IF(COUNTIFS($C$22:$C$210,J8,$D$22:$D$210,"*Metas*",$O$22:$O$210,"<>Cancelada")>0,"Metas ","")&IF(COUNTIFS($C$22:$C$210,J8,$D$22:$D$210,"*Faltas*",$O$22:$O$210,"<>Cancelada")>0,"Faltas ","")&IF(COUNTIFS($C$22:$C$210,J8,$D$22:$D$210,"*Semanal c/*",$O$22:$O$210,"<>Cancelada")>0,"Acomp. ","")&IF(COUNTIFS($C$22:$C$210,J8,$D$22:$D$210,"*Reunião*",$O$22:$O$210,"<>Cancelada")>0,"Reunião ","")&IF(COUNTIFS($C$22:$C$210,J8,$D$22:$D$210,"*Férias*",$O$22:$O$210,"<>Cancelada")>0,"Férias ","")&IF(COUNTIFS($C$22:$C$210,J8,$D$22:$D$210,"*Mudança*",$O$22:$O$210,"<>Cancelada")>0,"M.Função ","")&IF(COUNTIFS($C$22:$C$210,J8,$D$22:$D$210,"*Treinamento*",$O$22:$O$210,"<>Cancelada")>0,"Trein. ",""))) | L9: =IF(L8="","",TRIM(IF(COUNTIFS($C$22:$C$210,L8,$D$22:$D$210,"*Erros*",$O$22:$O$210,"<>Cancelada")>0,"Erros ","")&IF(COUNTIFS($C$22:$C$210,L8,$D$22:$D$210,"*Suporte*",$O$22:$O$210,"<>Cancelada")>0,"Suporte ","")&IF(COUNTIFS($C$22:$C$210,L8,$D$22:$D$210,"*Vistoria*",$O$22:$O$210,"<>Cancelada")>0,"Vistoria ","")&IF(COUNTIFS($C$22:$C$210,L8,$D$22:$D$210,"*Metas*",$O$22:$O$210,"<>Cancelada")>0,"Metas ","")&IF(COUNTIFS($C$22:$C$210,L8,$D$22:$D$210,"*Faltas*",$O$22:$O$210,"<>Cancelada")>0,"Faltas ","")&IF(COUNTIFS($C$22:$C$210,L8,$D$22:$D$210,"*Semanal c/*",$O$22:$O$210,"<>Cancelada")>0,"Acomp. ","")&IF(COUNTIFS($C$22:$C$210,L8,$D$22:$D$210,"*Reunião*",$O$22:$O$210,"<>Cancelada")>0,"Reunião ","")&IF(COUNTIFS($C$22:$C$210,L8,$D$22:$D$210,"*Férias*",$O$22:$O$210,"<>Cancelada")>0,"Férias ","")&IF(COUNTIFS($C$22:$C$210,L8,$D$22:$D$210,"*Mudança*",$O$22:$O$210,"<>Cancelada")>0,"M.Função ","")&IF(COUNTIFS($C$22:$C$210,L8,$D$22:$D$210,"*Treinamento*",$O$22:$O$210,"<>Cancelada")>0,"Trein. ",""))) | N9: =IF(N8="","",TRIM(IF(COUNTIFS($C$22:$C$210,N8,$D$22:$D$210,"*Erros*",$O$22:$O$210,"<>Cancelada")>0,"Erros ","")&IF(COUNTIFS($C$22:$C$210,N8,$D$22:$D$210,"*Suporte*",$O$22:$O$210,"<>Cancelada")>0,"Suporte ","")&IF(COUNTIFS($C$22:$C$210,N8,$D$22:$D$210,"*Vistoria*",$O$22:$O$210,"<>Cancelada")>0,"Vistoria ","")&IF(COUNTIFS($C$22:$C$210,N8,$D$22:$D$210,"*Metas*",$O$22:$O$210,"<>Cancelada")>0,"Metas ","")&IF(COUNTIFS($C$22:$C$210,N8,$D$22:$D$210,"*Faltas*",$O$22:$O$210,"<>Cancelada")>0,"Faltas ","")&IF(COUNTIFS($C$22:$C$210,N8,$D$22:$D$210,"*Semanal c/*",$O$22:$O$210,"<>Cancelada")>0,"Acomp. ","")&IF(COUNTIFS($C$22:$C$210,N8,$D$22:$D$210,"*Reunião*",$O$22:$O$210,"<>Cancelada")>0,"Reunião ","")&IF(COUNTIFS($C$22:$C$210,N8,$D$22:$D$210,"*Férias*",$O$22:$O$210,"<>Cancelada")>0,"Férias ","")&IF(COUNTIFS($C$22:$C$210,N8,$D$22:$D$210,"*Mudança*",$O$22:$O$210,"<>Cancelada")>0,"M.Função ","")&IF(COUNTIFS($C$22:$C$210,N8,$D$22:$D$210,"*Treinamento*",$O$22:$O$210,"<>Cancelada")>0,"Trein. ","")))
B10: 46215 | D10: 46216 | F10: 46217 | H10: 46218 | J10: 46219 | L10: 46220 | N10: 46221
B11: =IF(B10="","",TRIM(IF(COUNTIFS($C$22:$C$210,B10,$D$22:$D$210,"*Erros*",$O$22:$O$210,"<>Cancelada")>0,"Erros ","")&IF(COUNTIFS($C$22:$C$210,B10,$D$22:$D$210,"*Suporte*",$O$22:$O$210,"<>Cancelada")>0,"Suporte ","")&IF(COUNTIFS($C$22:$C$210,B10,$D$22:$D$210,"*Vistoria*",$O$22:$O$210,"<>Cancelada")>0,"Vistoria ","")&IF(COUNTIFS($C$22:$C$210,B10,$D$22:$D$210,"*Metas*",$O$22:$O$210,"<>Cancelada")>0,"Metas ","")&IF(COUNTIFS($C$22:$C$210,B10,$D$22:$D$210,"*Faltas*",$O$22:$O$210,"<>Cancelada")>0,"Faltas ","")&IF(COUNTIFS($C$22:$C$210,B10,$D$22:$D$210,"*Semanal c/*",$O$22:$O$210,"<>Cancelada")>0,"Acomp. ","")&IF(COUNTIFS($C$22:$C$210,B10,$D$22:$D$210,"*Reunião*",$O$22:$O$210,"<>Cancelada")>0,"Reunião ","")&IF(COUNTIFS($C$22:$C$210,B10,$D$22:$D$210,"*Férias*",$O$22:$O$210,"<>Cancelada")>0,"Férias ","")&IF(COUNTIFS($C$22:$C$210,B10,$D$22:$D$210,"*Mudança*",$O$22:$O$210,"<>Cancelada")>0,"M.Função ","")&IF(COUNTIFS($C$22:$C$210,B10,$D$22:$D$210,"*Treinamento*",$O$22:$O$210,"<>Cancelada")>0,"Trein. ",""))) | D11: =IF(D10="","",TRIM(IF(COUNTIFS($C$22:$C$210,D10,$D$22:$D$210,"*Erros*",$O$22:$O$210,"<>Cancelada")>0,"Erros ","")&IF(COUNTIFS($C$22:$C$210,D10,$D$22:$D$210,"*Suporte*",$O$22:$O$210,"<>Cancelada")>0,"Suporte ","")&IF(COUNTIFS($C$22:$C$210,D10,$D$22:$D$210,"*Vistoria*",$O$22:$O$210,"<>Cancelada")>0,"Vistoria ","")&IF(COUNTIFS($C$22:$C$210,D10,$D$22:$D$210,"*Metas*",$O$22:$O$210,"<>Cancelada")>0,"Metas ","")&IF(COUNTIFS($C$22:$C$210,D10,$D$22:$D$210,"*Faltas*",$O$22:$O$210,"<>Cancelada")>0,"Faltas ","")&IF(COUNTIFS($C$22:$C$210,D10,$D$22:$D$210,"*Semanal c/*",$O$22:$O$210,"<>Cancelada")>0,"Acomp. ","")&IF(COUNTIFS($C$22:$C$210,D10,$D$22:$D$210,"*Reunião*",$O$22:$O$210,"<>Cancelada")>0,"Reunião ","")&IF(COUNTIFS($C$22:$C$210,D10,$D$22:$D$210,"*Férias*",$O$22:$O$210,"<>Cancelada")>0,"Férias ","")&IF(COUNTIFS($C$22:$C$210,D10,$D$22:$D$210,"*Mudança*",$O$22:$O$210,"<>Cancelada")>0,"M.Função ","")&IF(COUNTIFS($C$22:$C$210,D10,$D$22:$D$210,"*Treinamento*",$O$22:$O$210,"<>Cancelada")>0,"Trein. ",""))) | F11: =IF(F10="","",TRIM(IF(COUNTIFS($C$22:$C$210,F10,$D$22:$D$210,"*Erros*",$O$22:$O$210,"<>Cancelada")>0,"Erros ","")&IF(COUNTIFS($C$22:$C$210,F10,$D$22:$D$210,"*Suporte*",$O$22:$O$210,"<>Cancelada")>0,"Suporte ","")&IF(COUNTIFS($C$22:$C$210,F10,$D$22:$D$210,"*Vistoria*",$O$22:$O$210,"<>Cancelada")>0,"Vistoria ","")&IF(COUNTIFS($C$22:$C$210,F10,$D$22:$D$210,"*Metas*",$O$22:$O$210,"<>Cancelada")>0,"Metas ","")&IF(COUNTIFS($C$22:$C$210,F10,$D$22:$D$210,"*Faltas*",$O$22:$O$210,"<>Cancelada")>0,"Faltas ","")&IF(COUNTIFS($C$22:$C$210,F10,$D$22:$D$210,"*Semanal c/*",$O$22:$O$210,"<>Cancelada")>0,"Acomp. ","")&IF(COUNTIFS($C$22:$C$210,F10,$D$22:$D$210,"*Reunião*",$O$22:$O$210,"<>Cancelada")>0,"Reunião ","")&IF(COUNTIFS($C$22:$C$210,F10,$D$22:$D$210,"*Férias*",$O$22:$O$210,"<>Cancelada")>0,"Férias ","")&IF(COUNTIFS($C$22:$C$210,F10,$D$22:$D$210,"*Mudança*",$O$22:$O$210,"<>Cancelada")>0,"M.Função ","")&IF(COUNTIFS($C$22:$C$210,F10,$D$22:$D$210,"*Treinamento*",$O$22:$O$210,"<>Cancelada")>0,"Trein. ",""))) | H11: =IF(H10="","",TRIM(IF(COUNTIFS($C$22:$C$210,H10,$D$22:$D$210,"*Erros*",$O$22:$O$210,"<>Cancelada")>0,"Erros ","")&IF(COUNTIFS($C$22:$C$210,H10,$D$22:$D$210,"*Suporte*",$O$22:$O$210,"<>Cancelada")>0,"Suporte ","")&IF(COUNTIFS($C$22:$C$210,H10,$D$22:$D$210,"*Vistoria*",$O$22:$O$210,"<>Cancelada")>0,"Vistoria ","")&IF(COUNTIFS($C$22:$C$210,H10,$D$22:$D$210,"*Metas*",$O$22:$O$210,"<>Cancelada")>0,"Metas ","")&IF(COUNTIFS($C$22:$C$210,H10,$D$22:$D$210,"*Faltas*",$O$22:$O$210,"<>Cancelada")>0,"Faltas ","")&IF(COUNTIFS($C$22:$C$210,H10,$D$22:$D$210,"*Semanal c/*",$O$22:$O$210,"<>Cancelada")>0,"Acomp. ","")&IF(COUNTIFS($C$22:$C$210,H10,$D$22:$D$210,"*Reunião*",$O$22:$O$210,"<>Cancelada")>0,"Reunião ","")&IF(COUNTIFS($C$22:$C$210,H10,$D$22:$D$210,"*Férias*",$O$22:$O$210,"<>Cancelada")>0,"Férias ","")&IF(COUNTIFS($C$22:$C$210,H10,$D$22:$D$210,"*Mudança*",$O$22:$O$210,"<>Cancelada")>0,"M.Função ","")&IF(COUNTIFS($C$22:$C$210,H10,$D$22:$D$210,"*Treinamento*",$O$22:$O$210,"<>Cancelada")>0,"Trein. ",""))) | J11: =IF(J10="","",TRIM(IF(COUNTIFS($C$22:$C$210,J10,$D$22:$D$210,"*Erros*",$O$22:$O$210,"<>Cancelada")>0,"Erros ","")&IF(COUNTIFS($C$22:$C$210,J10,$D$22:$D$210,"*Suporte*",$O$22:$O$210,"<>Cancelada")>0,"Suporte ","")&IF(COUNTIFS($C$22:$C$210,J10,$D$22:$D$210,"*Vistoria*",$O$22:$O$210,"<>Cancelada")>0,"Vistoria ","")&IF(COUNTIFS($C$22:$C$210,J10,$D$22:$D$210,"*Metas*",$O$22:$O$210,"<>Cancelada")>0,"Metas ","")&IF(COUNTIFS($C$22:$C$210,J10,$D$22:$D$210,"*Faltas*",$O$22:$O$210,"<>Cancelada")>0,"Faltas ","")&IF(COUNTIFS($C$22:$C$210,J10,$D$22:$D$210,"*Semanal c/*",$O$22:$O$210,"<>Cancelada")>0,"Acomp. ","")&IF(COUNTIFS($C$22:$C$210,J10,$D$22:$D$210,"*Reunião*",$O$22:$O$210,"<>Cancelada")>0,"Reunião ","")&IF(COUNTIFS($C$22:$C$210,J10,$D$22:$D$210,"*Férias*",$O$22:$O$210,"<>Cancelada")>0,"Férias ","")&IF(COUNTIFS($C$22:$C$210,J10,$D$22:$D$210,"*Mudança*",$O$22:$O$210,"<>Cancelada")>0,"M.Função ","")&IF(COUNTIFS($C$22:$C$210,J10,$D$22:$D$210,"*Treinamento*",$O$22:$O$210,"<>Cancelada")>0,"Trein. ",""))) | L11: =IF(L10="","",TRIM(IF(COUNTIFS($C$22:$C$210,L10,$D$22:$D$210,"*Erros*",$O$22:$O$210,"<>Cancelada")>0,"Erros ","")&IF(COUNTIFS($C$22:$C$210,L10,$D$22:$D$210,"*Suporte*",$O$22:$O$210,"<>Cancelada")>0,"Suporte ","")&IF(COUNTIFS($C$22:$C$210,L10,$D$22:$D$210,"*Vistoria*",$O$22:$O$210,"<>Cancelada")>0,"Vistoria ","")&IF(COUNTIFS($C$22:$C$210,L10,$D$22:$D$210,"*Metas*",$O$22:$O$210,"<>Cancelada")>0,"Metas ","")&IF(COUNTIFS($C$22:$C$210,L10,$D$22:$D$210,"*Faltas*",$O$22:$O$210,"<>Cancelada")>0,"Faltas ","")&IF(COUNTIFS($C$22:$C$210,L10,$D$22:$D$210,"*Semanal c/*",$O$22:$O$210,"<>Cancelada")>0,"Acomp. ","")&IF(COUNTIFS($C$22:$C$210,L10,$D$22:$D$210,"*Reunião*",$O$22:$O$210,"<>Cancelada")>0,"Reunião ","")&IF(COUNTIFS($C$22:$C$210,L10,$D$22:$D$210,"*Férias*",$O$22:$O$210,"<>Cancelada")>0,"Férias ","")&IF(COUNTIFS($C$22:$C$210,L10,$D$22:$D$210,"*Mudança*",$O$22:$O$210,"<>Cancelada")>0,"M.Função ","")&IF(COUNTIFS($C$22:$C$210,L10,$D$22:$D$210,"*Treinamento*",$O$22:$O$210,"<>Cancelada")>0,"Trein. ",""))) | N11: =IF(N10="","",TRIM(IF(COUNTIFS($C$22:$C$210,N10,$D$22:$D$210,"*Erros*",$O$22:$O$210,"<>Cancelada")>0,"Erros ","")&IF(COUNTIFS($C$22:$C$210,N10,$D$22:$D$210,"*Suporte*",$O$22:$O$210,"<>Cancelada")>0,"Suporte ","")&IF(COUNTIFS($C$22:$C$210,N10,$D$22:$D$210,"*Vistoria*",$O$22:$O$210,"<>Cancelada")>0,"Vistoria ","")&IF(COUNTIFS($C$22:$C$210,N10,$D$22:$D$210,"*Metas*",$O$22:$O$210,"<>Cancelada")>0,"Metas ","")&IF(COUNTIFS($C$22:$C$210,N10,$D$22:$D$210,"*Faltas*",$O$22:$O$210,"<>Cancelada")>0,"Faltas ","")&IF(COUNTIFS($C$22:$C$210,N10,$D$22:$D$210,"*Semanal c/*",$O$22:$O$210,"<>Cancelada")>0,"Acomp. ","")&IF(COUNTIFS($C$22:$C$210,N10,$D$22:$D$210,"*Reunião*",$O$22:$O$210,"<>Cancelada")>0,"Reunião ","")&IF(COUNTIFS($C$22:$C$210,N10,$D$22:$D$210,"*Férias*",$O$22:$O$210,"<>Cancelada")>0,"Férias ","")&IF(COUNTIFS($C$22:$C$210,N10,$D$22:$D$210,"*Mudança*",$O$22:$O$210,"<>Cancelada")>0,"M.Função ","")&IF(COUNTIFS($C$22:$C$210,N10,$D$22:$D$210,"*Treinamento*",$O$22:$O$210,"<>Cancelada")>0,"Trein. ","")))
B12: 46222 | D12: 46223 | F12: 46224 | H12: 46225 | J12: 46226 | L12: 46227 | N12: 46228
B13: =IF(B12="","",TRIM(IF(COUNTIFS($C$22:$C$210,B12,$D$22:$D$210,"*Erros*",$O$22:$O$210,"<>Cancelada")>0,"Erros ","")&IF(COUNTIFS($C$22:$C$210,B12,$D$22:$D$210,"*Suporte*",$O$22:$O$210,"<>Cancelada")>0,"Suporte ","")&IF(COUNTIFS($C$22:$C$210,B12,$D$22:$D$210,"*Vistoria*",$O$22:$O$210,"<>Cancelada")>0,"Vistoria ","")&IF(COUNTIFS($C$22:$C$210,B12,$D$22:$D$210,"*Metas*",$O$22:$O$210,"<>Cancelada")>0,"Metas ","")&IF(COUNTIFS($C$22:$C$210,B12,$D$22:$D$210,"*Faltas*",$O$22:$O$210,"<>Cancelada")>0,"Faltas ","")&IF(COUNTIFS($C$22:$C$210,B12,$D$22:$D$210,"*Semanal c/*",$O$22:$O$210,"<>Cancelada")>0,"Acomp. ","")&IF(COUNTIFS($C$22:$C$210,B12,$D$22:$D$210,"*Reunião*",$O$22:$O$210,"<>Cancelada")>0,"Reunião ","")&IF(COUNTIFS($C$22:$C$210,B12,$D$22:$D$210,"*Férias*",$O$22:$O$210,"<>Cancelada")>0,"Férias ","")&IF(COUNTIFS($C$22:$C$210,B12,$D$22:$D$210,"*Mudança*",$O$22:$O$210,"<>Cancelada")>0,"M.Função ","")&IF(COUNTIFS($C$22:$C$210,B12,$D$22:$D$210,"*Treinamento*",$O$22:$O$210,"<>Cancelada")>0,"Trein. ",""))) | D13: =IF(D12="","",TRIM(IF(COUNTIFS($C$22:$C$210,D12,$D$22:$D$210,"*Erros*",$O$22:$O$210,"<>Cancelada")>0,"Erros ","")&IF(COUNTIFS($C$22:$C$210,D12,$D$22:$D$210,"*Suporte*",$O$22:$O$210,"<>Cancelada")>0,"Suporte ","")&IF(COUNTIFS($C$22:$C$210,D12,$D$22:$D$210,"*Vistoria*",$O$22:$O$210,"<>Cancelada")>0,"Vistoria ","")&IF(COUNTIFS($C$22:$C$210,D12,$D$22:$D$210,"*Metas*",$O$22:$O$210,"<>Cancelada")>0,"Metas ","")&IF(COUNTIFS($C$22:$C$210,D12,$D$22:$D$210,"*Faltas*",$O$22:$O$210,"<>Cancelada")>0,"Faltas ","")&IF(COUNTIFS($C$22:$C$210,D12,$D$22:$D$210,"*Semanal c/*",$O$22:$O$210,"<>Cancelada")>0,"Acomp. ","")&IF(COUNTIFS($C$22:$C$210,D12,$D$22:$D$210,"*Reunião*",$O$22:$O$210,"<>Cancelada")>0,"Reunião ","")&IF(COUNTIFS($C$22:$C$210,D12,$D$22:$D$210,"*Férias*",$O$22:$O$210,"<>Cancelada")>0,"Férias ","")&IF(COUNTIFS($C$22:$C$210,D12,$D$22:$D$210,"*Mudança*",$O$22:$O$210,"<>Cancelada")>0,"M.Função ","")&IF(COUNTIFS($C$22:$C$210,D12,$D$22:$D$210,"*Treinamento*",$O$22:$O$210,"<>Cancelada")>0,"Trein. ",""))) | F13: =IF(F12="","",TRIM(IF(COUNTIFS($C$22:$C$210,F12,$D$22:$D$210,"*Erros*",$O$22:$O$210,"<>Cancelada")>0,"Erros ","")&IF(COUNTIFS($C$22:$C$210,F12,$D$22:$D$210,"*Suporte*",$O$22:$O$210,"<>Cancelada")>0,"Suporte ","")&IF(COUNTIFS($C$22:$C$210,F12,$D$22:$D$210,"*Vistoria*",$O$22:$O$210,"<>Cancelada")>0,"Vistoria ","")&IF(COUNTIFS($C$22:$C$210,F12,$D$22:$D$210,"*Metas*",$O$22:$O$210,"<>Cancelada")>0,"Metas ","")&IF(COUNTIFS($C$22:$C$210,F12,$D$22:$D$210,"*Faltas*",$O$22:$O$210,"<>Cancelada")>0,"Faltas ","")&IF(COUNTIFS($C$22:$C$210,F12,$D$22:$D$210,"*Semanal c/*",$O$22:$O$210,"<>Cancelada")>0,"Acomp. ","")&IF(COUNTIFS($C$22:$C$210,F12,$D$22:$D$210,"*Reunião*",$O$22:$O$210,"<>Cancelada")>0,"Reunião ","")&IF(COUNTIFS($C$22:$C$210,F12,$D$22:$D$210,"*Férias*",$O$22:$O$210,"<>Cancelada")>0,"Férias ","")&IF(COUNTIFS($C$22:$C$210,F12,$D$22:$D$210,"*Mudança*",$O$22:$O$210,"<>Cancelada")>0,"M.Função ","")&IF(COUNTIFS($C$22:$C$210,F12,$D$22:$D$210,"*Treinamento*",$O$22:$O$210,"<>Cancelada")>0,"Trein. ",""))) | H13: =IF(H12="","",TRIM(IF(COUNTIFS($C$22:$C$210,H12,$D$22:$D$210,"*Erros*",$O$22:$O$210,"<>Cancelada")>0,"Erros ","")&IF(COUNTIFS($C$22:$C$210,H12,$D$22:$D$210,"*Suporte*",$O$22:$O$210,"<>Cancelada")>0,"Suporte ","")&IF(COUNTIFS($C$22:$C$210,H12,$D$22:$D$210,"*Vistoria*",$O$22:$O$210,"<>Cancelada")>0,"Vistoria ","")&IF(COUNTIFS($C$22:$C$210,H12,$D$22:$D$210,"*Metas*",$O$22:$O$210,"<>Cancelada")>0,"Metas ","")&IF(COUNTIFS($C$22:$C$210,H12,$D$22:$D$210,"*Faltas*",$O$22:$O$210,"<>Cancelada")>0,"Faltas ","")&IF(COUNTIFS($C$22:$C$210,H12,$D$22:$D$210,"*Semanal c/*",$O$22:$O$210,"<>Cancelada")>0,"Acomp. ","")&IF(COUNTIFS($C$22:$C$210,H12,$D$22:$D$210,"*Reunião*",$O$22:$O$210,"<>Cancelada")>0,"Reunião ","")&IF(COUNTIFS($C$22:$C$210,H12,$D$22:$D$210,"*Férias*",$O$22:$O$210,"<>Cancelada")>0,"Férias ","")&IF(COUNTIFS($C$22:$C$210,H12,$D$22:$D$210,"*Mudança*",$O$22:$O$210,"<>Cancelada")>0,"M.Função ","")&IF(COUNTIFS($C$22:$C$210,H12,$D$22:$D$210,"*Treinamento*",$O$22:$O$210,"<>Cancelada")>0,"Trein. ",""))) | J13: =IF(J12="","",TRIM(IF(COUNTIFS($C$22:$C$210,J12,$D$22:$D$210,"*Erros*",$O$22:$O$210,"<>Cancelada")>0,"Erros ","")&IF(COUNTIFS($C$22:$C$210,J12,$D$22:$D$210,"*Suporte*",$O$22:$O$210,"<>Cancelada")>0,"Suporte ","")&IF(COUNTIFS($C$22:$C$210,J12,$D$22:$D$210,"*Vistoria*",$O$22:$O$210,"<>Cancelada")>0,"Vistoria ","")&IF(COUNTIFS($C$22:$C$210,J12,$D$22:$D$210,"*Metas*",$O$22:$O$210,"<>Cancelada")>0,"Metas ","")&IF(COUNTIFS($C$22:$C$210,J12,$D$22:$D$210,"*Faltas*",$O$22:$O$210,"<>Cancelada")>0,"Faltas ","")&IF(COUNTIFS($C$22:$C$210,J12,$D$22:$D$210,"*Semanal c/*",$O$22:$O$210,"<>Cancelada")>0,"Acomp. ","")&IF(COUNTIFS($C$22:$C$210,J12,$D$22:$D$210,"*Reunião*",$O$22:$O$210,"<>Cancelada")>0,"Reunião ","")&IF(COUNTIFS($C$22:$C$210,J12,$D$22:$D$210,"*Férias*",$O$22:$O$210,"<>Cancelada")>0,"Férias ","")&IF(COUNTIFS($C$22:$C$210,J12,$D$22:$D$210,"*Mudança*",$O$22:$O$210,"<>Cancelada")>0,"M.Função ","")&IF(COUNTIFS($C$22:$C$210,J12,$D$22:$D$210,"*Treinamento*",$O$22:$O$210,"<>Cancelada")>0,"Trein. ",""))) | L13: =IF(L12="","",TRIM(IF(COUNTIFS($C$22:$C$210,L12,$D$22:$D$210,"*Erros*",$O$22:$O$210,"<>Cancelada")>0,"Erros ","")&IF(COUNTIFS($C$22:$C$210,L12,$D$22:$D$210,"*Suporte*",$O$22:$O$210,"<>Cancelada")>0,"Suporte ","")&IF(COUNTIFS($C$22:$C$210,L12,$D$22:$D$210,"*Vistoria*",$O$22:$O$210,"<>Cancelada")>0,"Vistoria ","")&IF(COUNTIFS($C$22:$C$210,L12,$D$22:$D$210,"*Metas*",$O$22:$O$210,"<>Cancelada")>0,"Metas ","")&IF(COUNTIFS($C$22:$C$210,L12,$D$22:$D$210,"*Faltas*",$O$22:$O$210,"<>Cancelada")>0,"Faltas ","")&IF(COUNTIFS($C$22:$C$210,L12,$D$22:$D$210,"*Semanal c/*",$O$22:$O$210,"<>Cancelada")>0,"Acomp. ","")&IF(COUNTIFS($C$22:$C$210,L12,$D$22:$D$210,"*Reunião*",$O$22:$O$210,"<>Cancelada")>0,"Reunião ","")&IF(COUNTIFS($C$22:$C$210,L12,$D$22:$D$210,"*Férias*",$O$22:$O$210,"<>Cancelada")>0,"Férias ","")&IF(COUNTIFS($C$22:$C$210,L12,$D$22:$D$210,"*Mudança*",$O$22:$O$210,"<>Cancelada")>0,"M.Função ","")&IF(COUNTIFS($C$22:$C$210,L12,$D$22:$D$210,"*Treinamento*",$O$22:$O$210,"<>Cancelada")>0,"Trein. ",""))) | N13: =IF(N12="","",TRIM(IF(COUNTIFS($C$22:$C$210,N12,$D$22:$D$210,"*Erros*",$O$22:$O$210,"<>Cancelada")>0,"Erros ","")&IF(COUNTIFS($C$22:$C$210,N12,$D$22:$D$210,"*Suporte*",$O$22:$O$210,"<>Cancelada")>0,"Suporte ","")&IF(COUNTIFS($C$22:$C$210,N12,$D$22:$D$210,"*Vistoria*",$O$22:$O$210,"<>Cancelada")>0,"Vistoria ","")&IF(COUNTIFS($C$22:$C$210,N12,$D$22:$D$210,"*Metas*",$O$22:$O$210,"<>Cancelada")>0,"Metas ","")&IF(COUNTIFS($C$22:$C$210,N12,$D$22:$D$210,"*Faltas*",$O$22:$O$210,"<>Cancelada")>0,"Faltas ","")&IF(COUNTIFS($C$22:$C$210,N12,$D$22:$D$210,"*Semanal c/*",$O$22:$O$210,"<>Cancelada")>0,"Acomp. ","")&IF(COUNTIFS($C$22:$C$210,N12,$D$22:$D$210,"*Reunião*",$O$22:$O$210,"<>Cancelada")>0,"Reunião ","")&IF(COUNTIFS($C$22:$C$210,N12,$D$22:$D$210,"*Férias*",$O$22:$O$210,"<>Cancelada")>0,"Férias ","")&IF(COUNTIFS($C$22:$C$210,N12,$D$22:$D$210,"*Mudança*",$O$22:$O$210,"<>Cancelada")>0,"M.Função ","")&IF(COUNTIFS($C$22:$C$210,N12,$D$22:$D$210,"*Treinamento*",$O$22:$O$210,"<>Cancelada")>0,"Trein. ","")))
B14: 46229 | D14: 46230 | F14: 46231 | H14: 46232 | J14: 46233 | L14: 46234
B15: =IF(B14="","",TRIM(IF(COUNTIFS($C$22:$C$210,B14,$D$22:$D$210,"*Erros*",$O$22:$O$210,"<>Cancelada")>0,"Erros ","")&IF(COUNTIFS($C$22:$C$210,B14,$D$22:$D$210,"*Suporte*",$O$22:$O$210,"<>Cancelada")>0,"Suporte ","")&IF(COUNTIFS($C$22:$C$210,B14,$D$22:$D$210,"*Vistoria*",$O$22:$O$210,"<>Cancelada")>0,"Vistoria ","")&IF(COUNTIFS($C$22:$C$210,B14,$D$22:$D$210,"*Metas*",$O$22:$O$210,"<>Cancelada")>0,"Metas ","")&IF(COUNTIFS($C$22:$C$210,B14,$D$22:$D$210,"*Faltas*",$O$22:$O$210,"<>Cancelada")>0,"Faltas ","")&IF(COUNTIFS($C$22:$C$210,B14,$D$22:$D$210,"*Semanal c/*",$O$22:$O$210,"<>Cancelada")>0,"Acomp. ","")&IF(COUNTIFS($C$22:$C$210,B14,$D$22:$D$210,"*Reunião*",$O$22:$O$210,"<>Cancelada")>0,"Reunião ","")&IF(COUNTIFS($C$22:$C$210,B14,$D$22:$D$210,"*Férias*",$O$22:$O$210,"<>Cancelada")>0,"Férias ","")&IF(COUNTIFS($C$22:$C$210,B14,$D$22:$D$210,"*Mudança*",$O$22:$O$210,"<>Cancelada")>0,"M.Função ","")&IF(COUNTIFS($C$22:$C$210,B14,$D$22:$D$210,"*Treinamento*",$O$22:$O$210,"<>Cancelada")>0,"Trein. ",""))) | D15: =IF(D14="","",TRIM(IF(COUNTIFS($C$22:$C$210,D14,$D$22:$D$210,"*Erros*",$O$22:$O$210,"<>Cancelada")>0,"Erros ","")&IF(COUNTIFS($C$22:$C$210,D14,$D$22:$D$210,"*Suporte*",$O$22:$O$210,"<>Cancelada")>0,"Suporte ","")&IF(COUNTIFS($C$22:$C$210,D14,$D$22:$D$210,"*Vistoria*",$O$22:$O$210,"<>Cancelada")>0,"Vistoria ","")&IF(COUNTIFS($C$22:$C$210,D14,$D$22:$D$210,"*Metas*",$O$22:$O$210,"<>Cancelada")>0,"Metas ","")&IF(COUNTIFS($C$22:$C$210,D14,$D$22:$D$210,"*Faltas*",$O$22:$O$210,"<>Cancelada")>0,"Faltas ","")&IF(COUNTIFS($C$22:$C$210,D14,$D$22:$D$210,"*Semanal c/*",$O$22:$O$210,"<>Cancelada")>0,"Acomp. ","")&IF(COUNTIFS($C$22:$C$210,D14,$D$22:$D$210,"*Reunião*",$O$22:$O$210,"<>Cancelada")>0,"Reunião ","")&IF(COUNTIFS($C$22:$C$210,D14,$D$22:$D$210,"*Férias*",$O$22:$O$210,"<>Cancelada")>0,"Férias ","")&IF(COUNTIFS($C$22:$C$210,D14,$D$22:$D$210,"*Mudança*",$O$22:$O$210,"<>Cancelada")>0,"M.Função ","")&IF(COUNTIFS($C$22:$C$210,D14,$D$22:$D$210,"*Treinamento*",$O$22:$O$210,"<>Cancelada")>0,"Trein. ",""))) | F15: =IF(F14="","",TRIM(IF(COUNTIFS($C$22:$C$210,F14,$D$22:$D$210,"*Erros*",$O$22:$O$210,"<>Cancelada")>0,"Erros ","")&IF(COUNTIFS($C$22:$C$210,F14,$D$22:$D$210,"*Suporte*",$O$22:$O$210,"<>Cancelada")>0,"Suporte ","")&IF(COUNTIFS($C$22:$C$210,F14,$D$22:$D$210,"*Vistoria*",$O$22:$O$210,"<>Cancelada")>0,"Vistoria ","")&IF(COUNTIFS($C$22:$C$210,F14,$D$22:$D$210,"*Metas*",$O$22:$O$210,"<>Cancelada")>0,"Metas ","")&IF(COUNTIFS($C$22:$C$210,F14,$D$22:$D$210,"*Faltas*",$O$22:$O$210,"<>Cancelada")>0,"Faltas ","")&IF(COUNTIFS($C$22:$C$210,F14,$D$22:$D$210,"*Semanal c/*",$O$22:$O$210,"<>Cancelada")>0,"Acomp. ","")&IF(COUNTIFS($C$22:$C$210,F14,$D$22:$D$210,"*Reunião*",$O$22:$O$210,"<>Cancelada")>0,"Reunião ","")&IF(COUNTIFS($C$22:$C$210,F14,$D$22:$D$210,"*Férias*",$O$22:$O$210,"<>Cancelada")>0,"Férias ","")&IF(COUNTIFS($C$22:$C$210,F14,$D$22:$D$210,"*Mudança*",$O$22:$O$210,"<>Cancelada")>0,"M.Função ","")&IF(COUNTIFS($C$22:$C$210,F14,$D$22:$D$210,"*Treinamento*",$O$22:$O$210,"<>Cancelada")>0,"Trein. ",""))) | H15: =IF(H14="","",TRIM(IF(COUNTIFS($C$22:$C$210,H14,$D$22:$D$210,"*Erros*",$O$22:$O$210,"<>Cancelada")>0,"Erros ","")&IF(COUNTIFS($C$22:$C$210,H14,$D$22:$D$210,"*Suporte*",$O$22:$O$210,"<>Cancelada")>0,"Suporte ","")&IF(COUNTIFS($C$22:$C$210,H14,$D$22:$D$210,"*Vistoria*",$O$22:$O$210,"<>Cancelada")>0,"Vistoria ","")&IF(COUNTIFS($C$22:$C$210,H14,$D$22:$D$210,"*Metas*",$O$22:$O$210,"<>Cancelada")>0,"Metas ","")&IF(COUNTIFS($C$22:$C$210,H14,$D$22:$D$210,"*Faltas*",$O$22:$O$210,"<>Cancelada")>0,"Faltas ","")&IF(COUNTIFS($C$22:$C$210,H14,$D$22:$D$210,"*Semanal c/*",$O$22:$O$210,"<>Cancelada")>0,"Acomp. ","")&IF(COUNTIFS($C$22:$C$210,H14,$D$22:$D$210,"*Reunião*",$O$22:$O$210,"<>Cancelada")>0,"Reunião ","")&IF(COUNTIFS($C$22:$C$210,H14,$D$22:$D$210,"*Férias*",$O$22:$O$210,"<>Cancelada")>0,"Férias ","")&IF(COUNTIFS($C$22:$C$210,H14,$D$22:$D$210,"*Mudança*",$O$22:$O$210,"<>Cancelada")>0,"M.Função ","")&IF(COUNTIFS($C$22:$C$210,H14,$D$22:$D$210,"*Treinamento*",$O$22:$O$210,"<>Cancelada")>0,"Trein. ",""))) | J15: =IF(J14="","",TRIM(IF(COUNTIFS($C$22:$C$210,J14,$D$22:$D$210,"*Erros*",$O$22:$O$210,"<>Cancelada")>0,"Erros ","")&IF(COUNTIFS($C$22:$C$210,J14,$D$22:$D$210,"*Suporte*",$O$22:$O$210,"<>Cancelada")>0,"Suporte ","")&IF(COUNTIFS($C$22:$C$210,J14,$D$22:$D$210,"*Vistoria*",$O$22:$O$210,"<>Cancelada")>0,"Vistoria ","")&IF(COUNTIFS($C$22:$C$210,J14,$D$22:$D$210,"*Metas*",$O$22:$O$210,"<>Cancelada")>0,"Metas ","")&IF(COUNTIFS($C$22:$C$210,J14,$D$22:$D$210,"*Faltas*",$O$22:$O$210,"<>Cancelada")>0,"Faltas ","")&IF(COUNTIFS($C$22:$C$210,J14,$D$22:$D$210,"*Semanal c/*",$O$22:$O$210,"<>Cancelada")>0,"Acomp. ","")&IF(COUNTIFS($C$22:$C$210,J14,$D$22:$D$210,"*Reunião*",$O$22:$O$210,"<>Cancelada")>0,"Reunião ","")&IF(COUNTIFS($C$22:$C$210,J14,$D$22:$D$210,"*Férias*",$O$22:$O$210,"<>Cancelada")>0,"Férias ","")&IF(COUNTIFS($C$22:$C$210,J14,$D$22:$D$210,"*Mudança*",$O$22:$O$210,"<>Cancelada")>0,"M.Função ","")&IF(COUNTIFS($C$22:$C$210,J14,$D$22:$D$210,"*Treinamento*",$O$22:$O$210,"<>Cancelada")>0,"Trein. ",""))) | L15: =IF(L14="","",TRIM(IF(COUNTIFS($C$22:$C$210,L14,$D$22:$D$210,"*Erros*",$O$22:$O$210,"<>Cancelada")>0,"Erros ","")&IF(COUNTIFS($C$22:$C$210,L14,$D$22:$D$210,"*Suporte*",$O$22:$O$210,"<>Cancelada")>0,"Suporte ","")&IF(COUNTIFS($C$22:$C$210,L14,$D$22:$D$210,"*Vistoria*",$O$22:$O$210,"<>Cancelada")>0,"Vistoria ","")&IF(COUNTIFS($C$22:$C$210,L14,$D$22:$D$210,"*Metas*",$O$22:$O$210,"<>Cancelada")>0,"Metas ","")&IF(COUNTIFS($C$22:$C$210,L14,$D$22:$D$210,"*Faltas*",$O$22:$O$210,"<>Cancelada")>0,"Faltas ","")&IF(COUNTIFS($C$22:$C$210,L14,$D$22:$D$210,"*Semanal c/*",$O$22:$O$210,"<>Cancelada")>0,"Acomp. ","")&IF(COUNTIFS($C$22:$C$210,L14,$D$22:$D$210,"*Reunião*",$O$22:$O$210,"<>Cancelada")>0,"Reunião ","")&IF(COUNTIFS($C$22:$C$210,L14,$D$22:$D$210,"*Férias*",$O$22:$O$210,"<>Cancelada")>0,"Férias ","")&IF(COUNTIFS($C$22:$C$210,L14,$D$22:$D$210,"*Mudança*",$O$22:$O$210,"<>Cancelada")>0,"M.Função ","")&IF(COUNTIFS($C$22:$C$210,L14,$D$22:$D$210,"*Treinamento*",$O$22:$O$210,"<>Cancelada")>0,"Trein. ","")))
B18: Amarelo = hoje - Azul = dia com prazo - SEX = reunião com a gerência - Acomp. = Acompanhamento c/ Supervisores - M.Função = Mudança de Função - Trein. = Treinamento programado
A20: GESTÃO DE ATIVIDADES — coordenador: selecione a linha e use o menu GSL Bartofil > Anexar entrega (ou cole o link na coluna LINK DO ANEXO)
A21: ID | B21: SEMANA | C21: PRAZO | D21: ATIVIDADE | G21: TURNO | H21: COORDENADOR | J21: SETOR (vistoria) | L21: LINK DO ANEXO (ENTREGA) | N21: ENTREGUE EM | O21: VALIDAÇÃO | P21: MOTIVO REPROV. / CANCEL. | R21: STATUS | S21: fL | T21: fA | U21: fE
A22: JUL-S27-ERR-A | B22: S27 | C22: 46204 | D22: Levantamento de Erros Operacionais | G22: A | H22: =IF($G22="A",CONFIG!$B$5,IF($G22="B",CONFIG!$B$6,IF($G22="C",CONFIG!$B$7,IF($G22="Todos","Todos os turnos","")))) | J22: — | R22: =IF($C22="","",IF($O22="Cancelada","Cancelada",IF($O22="Reprovado","Reprovada",IF($O22="Aprovado","Aprovada",IF($L22<>"","Entregue",IF(TODAY()>$C22,"Atrasada","Pendente"))))))
A23: JUL-S27-ERR-B | B23: S27 | C23: 46204 | D23: Levantamento de Erros Operacionais | G23: B | H23: =IF($G23="A",CONFIG!$B$5,IF($G23="B",CONFIG!$B$6,IF($G23="C",CONFIG!$B$7,IF($G23="Todos","Todos os turnos","")))) | J23: — | R23: =IF($C23="","",IF($O23="Cancelada","Cancelada",IF($O23="Reprovado","Reprovada",IF($O23="Aprovado","Aprovada",IF($L23<>"","Entregue",IF(TODAY()>$C23,"Atrasada","Pendente"))))))
A24: JUL-S27-ERR-C | B24: S27 | C24: 46204 | D24: Levantamento de Erros Operacionais | G24: C | H24: =IF($G24="A",CONFIG!$B$5,IF($G24="B",CONFIG!$B$6,IF($G24="C",CONFIG!$B$7,IF($G24="Todos","Todos os turnos","")))) | J24: — | R24: =IF($C24="","",IF($O24="Cancelada","Cancelada",IF($O24="Reprovado","Reprovada",IF($O24="Aprovado","Aprovada",IF($L24<>"","Entregue",IF(TODAY()>$C24,"Atrasada","Pendente"))))))
A25: JUL-S27-SUP-A | B25: S27 | C25: 46204 | D25: Suporte de Supervisores | G25: A | H25: =IF($G25="A",CONFIG!$B$5,IF($G25="B",CONFIG!$B$6,IF($G25="C",CONFIG!$B$7,IF($G25="Todos","Todos os turnos","")))) | J25: — | R25: =IF($C25="","",IF($O25="Cancelada","Cancelada",IF($O25="Reprovado","Reprovada",IF($O25="Aprovado","Aprovada",IF($L25<>"","Entregue",IF(TODAY()>$C25,"Atrasada","Pendente"))))))
A26: JUL-S27-SUP-B | B26: S27 | C26: 46204 | D26: Suporte de Supervisores | G26: B | H26: =IF($G26="A",CONFIG!$B$5,IF($G26="B",CONFIG!$B$6,IF($G26="C",CONFIG!$B$7,IF($G26="Todos","Todos os turnos","")))) | J26: — | R26: =IF($C26="","",IF($O26="Cancelada","Cancelada",IF($O26="Reprovado","Reprovada",IF($O26="Aprovado","Aprovada",IF($L26<>"","Entregue",IF(TODAY()>$C26,"Atrasada","Pendente"))))))
A27: JUL-S27-SUP-C | B27: S27 | C27: 46204 | D27: Suporte de Supervisores | G27: C | H27: =IF($G27="A",CONFIG!$B$5,IF($G27="B",CONFIG!$B$6,IF($G27="C",CONFIG!$B$7,IF($G27="Todos","Todos os turnos","")))) | J27: — | R27: =IF($C27="","",IF($O27="Cancelada","Cancelada",IF($O27="Reprovado","Reprovada",IF($O27="Aprovado","Aprovada",IF($L27<>"","Entregue",IF(TODAY()>$C27,"Atrasada","Pendente"))))))
A28: JUL-S27-VIS-A | B28: S27 | C28: 46204 | D28: Acomp. Organizacional Setorial (Vistoria) | G28: A | H28: =IF($G28="A",CONFIG!$B$5,IF($G28="B",CONFIG!$B$6,IF($G28="C",CONFIG!$B$7,IF($G28="Todos","Todos os turnos","")))) | R28: =IF($C28="","",IF($O28="Cancelada","Cancelada",IF($O28="Reprovado","Reprovada",IF($O28="Aprovado","Aprovada",IF($L28<>"","Entregue",IF(TODAY()>$C28,"Atrasada","Pendente"))))))
A29: JUL-S27-VIS-B | B29: S27 | C29: 46204 | D29: Acomp. Organizacional Setorial (Vistoria) | G29: B | H29: =IF($G29="A",CONFIG!$B$5,IF($G29="B",CONFIG!$B$6,IF($G29="C",CONFIG!$B$7,IF($G29="Todos","Todos os turnos","")))) | R29: =IF($C29="","",IF($O29="Cancelada","Cancelada",IF($O29="Reprovado","Reprovada",IF($O29="Aprovado","Aprovada",IF($L29<>"","Entregue",IF(TODAY()>$C29,"Atrasada","Pendente"))))))
A30: JUL-S27-VIS-C | B30: S27 | C30: 46204 | D30: Acomp. Organizacional Setorial (Vistoria) | G30: C | H30: =IF($G30="A",CONFIG!$B$5,IF($G30="B",CONFIG!$B$6,IF($G30="C",CONFIG!$B$7,IF($G30="Todos","Todos os turnos","")))) | R30: =IF($C30="","",IF($O30="Cancelada","Cancelada",IF($O30="Reprovado","Reprovada",IF($O30="Aprovado","Aprovada",IF($L30<>"","Entregue",IF(TODAY()>$C30,"Atrasada","Pendente"))))))
A31: JUL-S27-MET-A | B31: S27 | C31: 46205 | D31: Metas | G31: A | H31: =IF($G31="A",CONFIG!$B$5,IF($G31="B",CONFIG!$B$6,IF($G31="C",CONFIG!$B$7,IF($G31="Todos","Todos os turnos","")))) | J31: — | R31: =IF($C31="","",IF($O31="Cancelada","Cancelada",IF($O31="Reprovado","Reprovada",IF($O31="Aprovado","Aprovada",IF($L31<>"","Entregue",IF(TODAY()>$C31,"Atrasada","Pendente"))))))
A32: JUL-S27-MET-B | B32: S27 | C32: 46205 | D32: Metas | G32: B | H32: =IF($G32="A",CONFIG!$B$5,IF($G32="B",CONFIG!$B$6,IF($G32="C",CONFIG!$B$7,IF($G32="Todos","Todos os turnos","")))) | J32: — | R32: =IF($C32="","",IF($O32="Cancelada","Cancelada",IF($O32="Reprovado","Reprovada",IF($O32="Aprovado","Aprovada",IF($L32<>"","Entregue",IF(TODAY()>$C32,"Atrasada","Pendente"))))))
A33: JUL-S27-MET-C | B33: S27 | C33: 46205 | D33: Metas | G33: C | H33: =IF($G33="A",CONFIG!$B$5,IF($G33="B",CONFIG!$B$6,IF($G33="C",CONFIG!$B$7,IF($G33="Todos","Todos os turnos","")))) | J33: — | R33: =IF($C33="","",IF($O33="Cancelada","Cancelada",IF($O33="Reprovado","Reprovada",IF($O33="Aprovado","Aprovada",IF($L33<>"","Entregue",IF(TODAY()>$C33,"Atrasada","Pendente"))))))
A34: JUL-S27-ACO-A | B34: S27 | C34: 46206 | D34: Acompanhamento Semanal c/ Supervisores | G34: A | H34: =IF($G34="A",CONFIG!$B$5,IF($G34="B",CONFIG!$B$6,IF($G34="C",CONFIG!$B$7,IF($G34="Todos","Todos os turnos","")))) | J34: — | R34: =IF($C34="","",IF($O34="Cancelada","Cancelada",IF($O34="Reprovado","Reprovada",IF($O34="Aprovado","Aprovada",IF($L34<>"","Entregue",IF(TODAY()>$C34,"Atrasada","Pendente"))))))
A35: JUL-S27-ACO-B | B35: S27 | C35: 46206 | D35: Acompanhamento Semanal c/ Supervisores | G35: B | H35: =IF($G35="A",CONFIG!$B$5,IF($G35="B",CONFIG!$B$6,IF($G35="C",CONFIG!$B$7,IF($G35="Todos","Todos os turnos","")))) | J35: — | R35: =IF($C35="","",IF($O35="Cancelada","Cancelada",IF($O35="Reprovado","Reprovada",IF($O35="Aprovado","Aprovada",IF($L35<>"","Entregue",IF(TODAY()>$C35,"Atrasada","Pendente"))))))
A36: JUL-S27-ACO-C | B36: S27 | C36: 46206 | D36: Acompanhamento Semanal c/ Supervisores | G36: C | H36: =IF($G36="A",CONFIG!$B$5,IF($G36="B",CONFIG!$B$6,IF($G36="C",CONFIG!$B$7,IF($G36="Todos","Todos os turnos","")))) | J36: — | R36: =IF($C36="","",IF($O36="Cancelada","Cancelada",IF($O36="Reprovado","Reprovada",IF($O36="Aprovado","Aprovada",IF($L36<>"","Entregue",IF(TODAY()>$C36,"Atrasada","Pendente"))))))
A37: JUL-S27-FAL-A | B37: S27 | C37: 46206 | D37: Faltas e Atestados | G37: A | H37: =IF($G37="A",CONFIG!$B$5,IF($G37="B",CONFIG!$B$6,IF($G37="C",CONFIG!$B$7,IF($G37="Todos","Todos os turnos","")))) | J37: — | R37: =IF($C37="","",IF($O37="Cancelada","Cancelada",IF($O37="Reprovado","Reprovada",IF($O37="Aprovado","Aprovada",IF($L37<>"","Entregue",IF(TODAY()>$C37,"Atrasada","Pendente"))))))
A38: JUL-S27-FAL-B | B38: S27 | C38: 46206 | D38: Faltas e Atestados | G38: B | H38: =IF($G38="A",CONFIG!$B$5,IF($G38="B",CONFIG!$B$6,IF($G38="C",CONFIG!$B$7,IF($G38="Todos","Todos os turnos","")))) | J38: — | R38: =IF($C38="","",IF($O38="Cancelada","Cancelada",IF($O38="Reprovado","Reprovada",IF($O38="Aprovado","Aprovada",IF($L38<>"","Entregue",IF(TODAY()>$C38,"Atrasada","Pendente"))))))
A39: JUL-S27-FAL-C | B39: S27 | C39: 46206 | D39: Faltas e Atestados | G39: C | H39: =IF($G39="A",CONFIG!$B$5,IF($G39="B",CONFIG!$B$6,IF($G39="C",CONFIG!$B$7,IF($G39="Todos","Todos os turnos","")))) | J39: — | R39: =IF($C39="","",IF($O39="Cancelada","Cancelada",IF($O39="Reprovado","Reprovada",IF($O39="Aprovado","Aprovada",IF($L39<>"","Entregue",IF(TODAY()>$C39,"Atrasada","Pendente"))))))
A40: JUL-S27-REU-T | B40: S27 | C40: 46206 | D40: Reunião Semanal com a Gerência | G40: Todos | H40: =IF($G40="A",CONFIG!$B$5,IF($G40="B",CONFIG!$B$6,IF($G40="C",CONFIG!$B$7,IF($G40="Todos","Todos os turnos","")))) | J40: — | R40: =IF($C40="","",IF($O40="Cancelada","Cancelada",IF($O40="Reprovado","Reprovada",IF($O40="Aprovado","Aprovada",IF($L40<>"","Entregue",IF(TODAY()>$C40,"Atrasada","Pendente"))))))
A41: JUL-S28-FER-A | B41: S28 | C41: 46209 | D41: Programação de Férias (mensal) | G41: A | H41: =IF($G41="A",CONFIG!$B$5,IF($G41="B",CONFIG!$B$6,IF($G41="C",CONFIG!$B$7,IF($G41="Todos","Todos os turnos","")))) | J41: — | R41: =IF($C41="","",IF($O41="Cancelada","Cancelada",IF($O41="Reprovado","Reprovada",IF($O41="Aprovado","Aprovada",IF($L41<>"","Entregue",IF(TODAY()>$C41,"Atrasada","Pendente"))))))
A42: JUL-S28-FER-B | B42: S28 | C42: 46209 | D42: Programação de Férias (mensal) | G42: B | H42: =IF($G42="A",CONFIG!$B$5,IF($G42="B",CONFIG!$B$6,IF($G42="C",CONFIG!$B$7,IF($G42="Todos","Todos os turnos","")))) | J42: — | R42: =IF($C42="","",IF($O42="Cancelada","Cancelada",IF($O42="Reprovado","Reprovada",IF($O42="Aprovado","Aprovada",IF($L42<>"","Entregue",IF(TODAY()>$C42,"Atrasada","Pendente"))))))
... A49: JUL-S28-SUP-C | B49: S28 | C49: 46210 | D49: Suporte de Supervisores | G49: C | H49: =IF($G49="A",CONFIG!$B$5,IF($G49="B",CONFIG!$B$6,IF($G49="C",CONFIG!$B$7,IF($G49="Todos","Todos os turnos","")))) | J49: — | R49: =IF($C49="","",IF($O49="Cancelada","Cancelada",IF($O49="Reprovado","Reprovada",IF($O49="Aprovado","Aprovada",IF($L49<>"","Entregue",IF(TODAY()>$C49,"Atrasada","Pendente"))))))
A50: JUL-S28-VIS-A | B50: S28 | C50: 46211 | D50: Acomp. Organizacional Setorial (Vistoria) | G50: A | H50: =IF($G50="A",CONFIG!$B$5,IF($G50="B",CONFIG!$B$6,IF($G50="C",CONFIG!$B$7,IF($G50="Todos","Todos os turnos","")))) | R50: =IF($C50="","",IF($O50="Cancelada","Cancelada",IF($O50="Reprovado","Reprovada",IF($O50="Aprovado","Aprovada",IF($L50<>"","Entregue",IF(TODAY()>$C50,"Atrasada","Pendente"))))))
A51: JUL-S28-VIS-B | B51: S28 | C51: 46211 | D51: Acomp. Organizacional Setorial (Vistoria) | G51: B | H51: =IF($G51="A",CONFIG!$B$5,IF($G51="B",CONFIG!$B$6,IF($G51="C",CONFIG!$B$7,IF($G51="Todos","Todos os turnos","")))) | R51: =IF($C51="","",IF($O51="Cancelada","Cancelada",IF($O51="Reprovado","Reprovada",IF($O51="Aprovado","Aprovada",IF($L51<>"","Entregue",IF(TODAY()>$C51,"Atrasada","Pendente"))))))
A52: JUL-S28-VIS-C | B52: S28 | C52: 46211 | D52: Acomp. Organizacional Setorial (Vistoria) | G52: C | H52: =IF($G52="A",CONFIG!$B$5,IF($G52="B",CONFIG!$B$6,IF($G52="C",CONFIG!$B$7,IF($G52="Todos","Todos os turnos","")))) | R52: =IF($C52="","",IF($O52="Cancelada","Cancelada",IF($O52="Reprovado","Reprovada",IF($O52="Aprovado","Aprovada",IF($L52<>"","Entregue",IF(TODAY()>$C52,"Atrasada","Pendente"))))))
A53: JUL-S28-MET-A | B53: S28 | C53: 46212 | D53: Metas | G53: A | H53: =IF($G53="A",CONFIG!$B$5,IF($G53="B",CONFIG!$B$6,IF($G53="C",CONFIG!$B$7,IF($G53="Todos","Todos os turnos","")))) | J53: — | R53: =IF($C53="","",IF($O53="Cancelada","Cancelada",IF($O53="Reprovado","Reprovada",IF($O53="Aprovado","Aprovada",IF($L53<>"","Entregue",IF(TODAY()>$C53,"Atrasada","Pendente"))))))
A54: JUL-S28-MET-B | B54: S28 | C54: 46212 | D54: Metas | G54: B | H54: =IF($G54="A",CONFIG!$B$5,IF($G54="B",CONFIG!$B$6,IF($G54="C",CONFIG!$B$7,IF($G54="Todos","Todos os turnos","")))) | J54: — | R54: =IF($C54="","",IF($O54="Cancelada","Cancelada",IF($O54="Reprovado","Reprovada",IF($O54="Aprovado","Aprovada",IF($L54<>"","Entregue",IF(TODAY()>$C54,"Atrasada","Pendente"))))))
A55: JUL-S28-MET-C | B55: S28 | C55: 46212 | D55: Metas | G55: C | H55: =IF($G55="A",CONFIG!$B$5,IF($G55="B",CONFIG!$B$6,IF($G55="C",CONFIG!$B$7,IF($G55="Todos","Todos os turnos","")))) | J55: — | R55: =IF($C55="","",IF($O55="Cancelada","Cancelada",IF($O55="Reprovado","Reprovada",IF($O55="Aprovado","Aprovada",IF($L55<>"","Entregue",IF(TODAY()>$C55,"Atrasada","Pendente"))))))
A56: JUL-S28-ACO-A | B56: S28 | C56: 46213 | D56: Acompanhamento Semanal c/ Supervisores | G56: A | H56: =IF($G56="A",CONFIG!$B$5,IF($G56="B",CONFIG!$B$6,IF($G56="C",CONFIG!$B$7,IF($G56="Todos","Todos os turnos","")))) | J56: — | R56: =IF($C56="","",IF($O56="Cancelada","Cancelada",IF($O56="Reprovado","Reprovada",IF($O56="Aprovado","Aprovada",IF($L56<>"","Entregue",IF(TODAY()>$C56,"Atrasada","Pendente"))))))
A57: JUL-S28-ACO-B | B57: S28 | C57: 46213 | D57: Acompanhamento Semanal c/ Supervisores | G57: B | H57: =IF($G57="A",CONFIG!$B$5,IF($G57="B",CONFIG!$B$6,IF($G57="C",CONFIG!$B$7,IF($G57="Todos","Todos os turnos","")))) | J57: — | R57: =IF($C57="","",IF($O57="Cancelada","Cancelada",IF($O57="Reprovado","Reprovada",IF($O57="Aprovado","Aprovada",IF($L57<>"","Entregue",IF(TODAY()>$C57,"Atrasada","Pendente"))))))
A58: JUL-S28-ACO-C | B58: S28 | C58: 46213 | D58: Acompanhamento Semanal c/ Supervisores | G58: C | H58: =IF($G58="A",CONFIG!$B$5,IF($G58="B",CONFIG!$B$6,IF($G58="C",CONFIG!$B$7,IF($G58="Todos","Todos os turnos","")))) | J58: — | R58: =IF($C58="","",IF($O58="Cancelada","Cancelada",IF($O58="Reprovado","Reprovada",IF($O58="Aprovado","Aprovada",IF($L58<>"","Entregue",IF(TODAY()>$C58,"Atrasada","Pendente"))))))
A59: JUL-S28-FAL-A | B59: S28 | C59: 46213 | D59: Faltas e Atestados | G59: A | H59: =IF($G59="A",CONFIG!$B$5,IF($G59="B",CONFIG!$B$6,IF($G59="C",CONFIG!$B$7,IF($G59="Todos","Todos os turnos","")))) | J59: — | R59: =IF($C59="","",IF($O59="Cancelada","Cancelada",IF($O59="Reprovado","Reprovada",IF($O59="Aprovado","Aprovada",IF($L59<>"","Entregue",IF(TODAY()>$C59,"Atrasada","Pendente"))))))
A60: JUL-S28-FAL-B | B60: S28 | C60: 46213 | D60: Faltas e Atestados | G60: B | H60: =IF($G60="A",CONFIG!$B$5,IF($G60="B",CONFIG!$B$6,IF($G60="C",CONFIG!$B$7,IF($G60="Todos","Todos os turnos","")))) | J60: — | R60: =IF($C60="","",IF($O60="Cancelada","Cancelada",IF($O60="Reprovado","Reprovada",IF($O60="Aprovado","Aprovada",IF($L60<>"","Entregue",IF(TODAY()>$C60,"Atrasada","Pendente"))))))
A61: JUL-S28-FAL-C | B61: S28 | C61: 46213 | D61: Faltas e Atestados | G61: C | H61: =IF($G61="A",CONFIG!$B$5,IF($G61="B",CONFIG!$B$6,IF($G61="C",CONFIG!$B$7,IF($G61="Todos","Todos os turnos","")))) | J61: — | R61: =IF($C61="","",IF($O61="Cancelada","Cancelada",IF($O61="Reprovado","Reprovada",IF($O61="Aprovado","Aprovada",IF($L61<>"","Entregue",IF(TODAY()>$C61,"Atrasada","Pendente"))))))
A62: JUL-S28-REU-T | B62: S28 | C62: 46213 | D62: Reunião Semanal com a Gerência | G62: Todos | H62: =IF($G62="A",CONFIG!$B$5,IF($G62="B",CONFIG!$B$6,IF($G62="C",CONFIG!$B$7,IF($G62="Todos","Todos os turnos","")))) | J62: — | R62: =IF($C62="","",IF($O62="Cancelada","Cancelada",IF($O62="Reprovado","Reprovada",IF($O62="Aprovado","Aprovada",IF($L62<>"","Entregue",IF(TODAY()>$C62,"Atrasada","Pendente"))))))
A63: JUL-S29-ERR-A | B63: S29 | C63: 46216 | D63: Levantamento de Erros Operacionais | G63: A | H63: =IF($G63="A",CONFIG!$B$5,IF($G63="B",CONFIG!$B$6,IF($G63="C",CONFIG!$B$7,IF($G63="Todos","Todos os turnos","")))) | J63: — | R63: =IF($C63="","",IF($O63="Cancelada","Cancelada",IF($O63="Reprovado","Reprovada",IF($O63="Aprovado","Aprovada",IF($L63<>"","Entregue",IF(TODAY()>$C63,"Atrasada","Pendente"))))))
A64: JUL-S29-ERR-B | B64: S29 | C64: 46216 | D64: Levantamento de Erros Operacionais | G64: B | H64: =IF($G64="A",CONFIG!$B$5,IF($G64="B",CONFIG!$B$6,IF($G64="C",CONFIG!$B$7,IF($G64="Todos","Todos os turnos","")))) | J64: — | R64: =IF($C64="","",IF($O64="Cancelada","Cancelada",IF($O64="Reprovado","Reprovada",IF($O64="Aprovado","Aprovada",IF($L64<>"","Entregue",IF(TODAY()>$C64,"Atrasada","Pendente"))))))
... A68: JUL-S29-SUP-C | B68: S29 | C68: 46217 | D68: Suporte de Supervisores | G68: C | H68: =IF($G68="A",CONFIG!$B$5,IF($G68="B",CONFIG!$B$6,IF($G68="C",CONFIG!$B$7,IF($G68="Todos","Todos os turnos","")))) | J68: — | R68: =IF($C68="","",IF($O68="Cancelada","Cancelada",IF($O68="Reprovado","Reprovada",IF($O68="Aprovado","Aprovada",IF($L68<>"","Entregue",IF(TODAY()>$C68,"Atrasada","Pendente"))))))
A69: JUL-S29-VIS-A | B69: S29 | C69: 46218 | D69: Acomp. Organizacional Setorial (Vistoria) | G69: A | H69: =IF($G69="A",CONFIG!$B$5,IF($G69="B",CONFIG!$B$6,IF($G69="C",CONFIG!$B$7,IF($G69="Todos","Todos os turnos","")))) | R69: =IF($C69="","",IF($O69="Cancelada","Cancelada",IF($O69="Reprovado","Reprovada",IF($O69="Aprovado","Aprovada",IF($L69<>"","Entregue",IF(TODAY()>$C69,"Atrasada","Pendente"))))))
A70: JUL-S29-VIS-B | B70: S29 | C70: 46218 | D70: Acomp. Organizacional Setorial (Vistoria) | G70: B | H70: =IF($G70="A",CONFIG!$B$5,IF($G70="B",CONFIG!$B$6,IF($G70="C",CONFIG!$B$7,IF($G70="Todos","Todos os turnos","")))) | R70: =IF($C70="","",IF($O70="Cancelada","Cancelada",IF($O70="Reprovado","Reprovada",IF($O70="Aprovado","Aprovada",IF($L70<>"","Entregue",IF(TODAY()>$C70,"Atrasada","Pendente"))))))
A71: JUL-S29-VIS-C | B71: S29 | C71: 46218 | D71: Acomp. Organizacional Setorial (Vistoria) | G71: C | H71: =IF($G71="A",CONFIG!$B$5,IF($G71="B",CONFIG!$B$6,IF($G71="C",CONFIG!$B$7,IF($G71="Todos","Todos os turnos","")))) | R71: =IF($C71="","",IF($O71="Cancelada","Cancelada",IF($O71="Reprovado","Reprovada",IF($O71="Aprovado","Aprovada",IF($L71<>"","Entregue",IF(TODAY()>$C71,"Atrasada","Pendente"))))))
A72: JUL-S29-MET-A | B72: S29 | C72: 46219 | D72: Metas | G72: A | H72: =IF($G72="A",CONFIG!$B$5,IF($G72="B",CONFIG!$B$6,IF($G72="C",CONFIG!$B$7,IF($G72="Todos","Todos os turnos","")))) | J72: — | R72: =IF($C72="","",IF($O72="Cancelada","Cancelada",IF($O72="Reprovado","Reprovada",IF($O72="Aprovado","Aprovada",IF($L72<>"","Entregue",IF(TODAY()>$C72,"Atrasada","Pendente"))))))
A73: JUL-S29-MET-B | B73: S29 | C73: 46219 | D73: Metas | G73: B | H73: =IF($G73="A",CONFIG!$B$5,IF($G73="B",CONFIG!$B$6,IF($G73="C",CONFIG!$B$7,IF($G73="Todos","Todos os turnos","")))) | J73: — | R73: =IF($C73="","",IF($O73="Cancelada","Cancelada",IF($O73="Reprovado","Reprovada",IF($O73="Aprovado","Aprovada",IF($L73<>"","Entregue",IF(TODAY()>$C73,"Atrasada","Pendente"))))))
A74: JUL-S29-MET-C | B74: S29 | C74: 46219 | D74: Metas | G74: C | H74: =IF($G74="A",CONFIG!$B$5,IF($G74="B",CONFIG!$B$6,IF($G74="C",CONFIG!$B$7,IF($G74="Todos","Todos os turnos","")))) | J74: — | R74: =IF($C74="","",IF($O74="Cancelada","Cancelada",IF($O74="Reprovado","Reprovada",IF($O74="Aprovado","Aprovada",IF($L74<>"","Entregue",IF(TODAY()>$C74,"Atrasada","Pendente"))))))
A75: JUL-S29-ACO-A | B75: S29 | C75: 46220 | D75: Acompanhamento Semanal c/ Supervisores | G75: A | H75: =IF($G75="A",CONFIG!$B$5,IF($G75="B",CONFIG!$B$6,IF($G75="C",CONFIG!$B$7,IF($G75="Todos","Todos os turnos","")))) | J75: — | R75: =IF($C75="","",IF($O75="Cancelada","Cancelada",IF($O75="Reprovado","Reprovada",IF($O75="Aprovado","Aprovada",IF($L75<>"","Entregue",IF(TODAY()>$C75,"Atrasada","Pendente"))))))
A76: JUL-S29-ACO-B | B76: S29 | C76: 46220 | D76: Acompanhamento Semanal c/ Supervisores | G76: B | H76: =IF($G76="A",CONFIG!$B$5,IF($G76="B",CONFIG!$B$6,IF($G76="C",CONFIG!$B$7,IF($G76="Todos","Todos os turnos","")))) | J76: — | R76: =IF($C76="","",IF($O76="Cancelada","Cancelada",IF($O76="Reprovado","Reprovada",IF($O76="Aprovado","Aprovada",IF($L76<>"","Entregue",IF(TODAY()>$C76,"Atrasada","Pendente"))))))
A77: JUL-S29-ACO-C | B77: S29 | C77: 46220 | D77: Acompanhamento Semanal c/ Supervisores | G77: C | H77: =IF($G77="A",CONFIG!$B$5,IF($G77="B",CONFIG!$B$6,IF($G77="C",CONFIG!$B$7,IF($G77="Todos","Todos os turnos","")))) | J77: — | R77: =IF($C77="","",IF($O77="Cancelada","Cancelada",IF($O77="Reprovado","Reprovada",IF($O77="Aprovado","Aprovada",IF($L77<>"","Entregue",IF(TODAY()>$C77,"Atrasada","Pendente"))))))
A78: JUL-S29-FAL-A | B78: S29 | C78: 46220 | D78: Faltas e Atestados | G78: A | H78: =IF($G78="A",CONFIG!$B$5,IF($G78="B",CONFIG!$B$6,IF($G78="C",CONFIG!$B$7,IF($G78="Todos","Todos os turnos","")))) | J78: — | R78: =IF($C78="","",IF($O78="Cancelada","Cancelada",IF($O78="Reprovado","Reprovada",IF($O78="Aprovado","Aprovada",IF($L78<>"","Entregue",IF(TODAY()>$C78,"Atrasada","Pendente"))))))
A79: JUL-S29-FAL-B | B79: S29 | C79: 46220 | D79: Faltas e Atestados | G79: B | H79: =IF($G79="A",CONFIG!$B$5,IF($G79="B",CONFIG!$B$6,IF($G79="C",CONFIG!$B$7,IF($G79="Todos","Todos os turnos","")))) | J79: — | R79: =IF($C79="","",IF($O79="Cancelada","Cancelada",IF($O79="Reprovado","Reprovada",IF($O79="Aprovado","Aprovada",IF($L79<>"","Entregue",IF(TODAY()>$C79,"Atrasada","Pendente"))))))
A80: JUL-S29-FAL-C | B80: S29 | C80: 46220 | D80: Faltas e Atestados | G80: C | H80: =IF($G80="A",CONFIG!$B$5,IF($G80="B",CONFIG!$B$6,IF($G80="C",CONFIG!$B$7,IF($G80="Todos","Todos os turnos","")))) | J80: — | R80: =IF($C80="","",IF($O80="Cancelada","Cancelada",IF($O80="Reprovado","Reprovada",IF($O80="Aprovado","Aprovada",IF($L80<>"","Entregue",IF(TODAY()>$C80,"Atrasada","Pendente"))))))
A81: JUL-S29-REU-T | B81: S29 | C81: 46220 | D81: Reunião Semanal com a Gerência | G81: Todos | H81: =IF($G81="A",CONFIG!$B$5,IF($G81="B",CONFIG!$B$6,IF($G81="C",CONFIG!$B$7,IF($G81="Todos","Todos os turnos","")))) | J81: — | R81: =IF($C81="","",IF($O81="Cancelada","Cancelada",IF($O81="Reprovado","Reprovada",IF($O81="Aprovado","Aprovada",IF($L81<>"","Entregue",IF(TODAY()>$C81,"Atrasada","Pendente"))))))
A82: JUL-S30-ERR-A | B82: S30 | C82: 46223 | D82: Levantamento de Erros Operacionais | G82: A | H82: =IF($G82="A",CONFIG!$B$5,IF($G82="B",CONFIG!$B$6,IF($G82="C",CONFIG!$B$7,IF($G82="Todos","Todos os turnos","")))) | J82: — | R82: =IF($C82="","",IF($O82="Cancelada","Cancelada",IF($O82="Reprovado","Reprovada",IF($O82="Aprovado","Aprovada",IF($L82<>"","Entregue",IF(TODAY()>$C82,"Atrasada","Pendente"))))))
A83: JUL-S30-ERR-B | B83: S30 | C83: 46223 | D83: Levantamento de Erros Operacionais | G83: B | H83: =IF($G83="A",CONFIG!$B$5,IF($G83="B",CONFIG!$B$6,IF($G83="C",CONFIG!$B$7,IF($G83="Todos","Todos os turnos","")))) | J83: — | R83: =IF($C83="","",IF($O83="Cancelada","Cancelada",IF($O83="Reprovado","Reprovada",IF($O83="Aprovado","Aprovada",IF($L83<>"","Entregue",IF(TODAY()>$C83,"Atrasada","Pendente"))))))
... A87: JUL-S30-SUP-C | B87: S30 | C87: 46224 | D87: Suporte de Supervisores | G87: C | H87: =IF($G87="A",CONFIG!$B$5,IF($G87="B",CONFIG!$B$6,IF($G87="C",CONFIG!$B$7,IF($G87="Todos","Todos os turnos","")))) | J87: — | R87: =IF($C87="","",IF($O87="Cancelada","Cancelada",IF($O87="Reprovado","Reprovada",IF($O87="Aprovado","Aprovada",IF($L87<>"","Entregue",IF(TODAY()>$C87,"Atrasada","Pendente"))))))
A88: JUL-S30-VIS-A | B88: S30 | C88: 46225 | D88: Acomp. Organizacional Setorial (Vistoria) | G88: A | H88: =IF($G88="A",CONFIG!$B$5,IF($G88="B",CONFIG!$B$6,IF($G88="C",CONFIG!$B$7,IF($G88="Todos","Todos os turnos","")))) | R88: =IF($C88="","",IF($O88="Cancelada","Cancelada",IF($O88="Reprovado","Reprovada",IF($O88="Aprovado","Aprovada",IF($L88<>"","Entregue",IF(TODAY()>$C88,"Atrasada","Pendente"))))))
A89: JUL-S30-VIS-B | B89: S30 | C89: 46225 | D89: Acomp. Organizacional Setorial (Vistoria) | G89: B | H89: =IF($G89="A",CONFIG!$B$5,IF($G89="B",CONFIG!$B$6,IF($G89="C",CONFIG!$B$7,IF($G89="Todos","Todos os turnos","")))) | R89: =IF($C89="","",IF($O89="Cancelada","Cancelada",IF($O89="Reprovado","Reprovada",IF($O89="Aprovado","Aprovada",IF($L89<>"","Entregue",IF(TODAY()>$C89,"Atrasada","Pendente"))))))
A90: JUL-S30-VIS-C | B90: S30 | C90: 46225 | D90: Acomp. Organizacional Setorial (Vistoria) | G90: C | H90: =IF($G90="A",CONFIG!$B$5,IF($G90="B",CONFIG!$B$6,IF($G90="C",CONFIG!$B$7,IF($G90="Todos","Todos os turnos","")))) | R90: =IF($C90="","",IF($O90="Cancelada","Cancelada",IF($O90="Reprovado","Reprovada",IF($O90="Aprovado","Aprovada",IF($L90<>"","Entregue",IF(TODAY()>$C90,"Atrasada","Pendente"))))))
A91: JUL-S30-MET-A | B91: S30 | C91: 46226 | D91: Metas | G91: A | H91: =IF($G91="A",CONFIG!$B$5,IF($G91="B",CONFIG!$B$6,IF($G91="C",CONFIG!$B$7,IF($G91="Todos","Todos os turnos","")))) | J91: — | R91: =IF($C91="","",IF($O91="Cancelada","Cancelada",IF($O91="Reprovado","Reprovada",IF($O91="Aprovado","Aprovada",IF($L91<>"","Entregue",IF(TODAY()>$C91,"Atrasada","Pendente"))))))
A92: JUL-S30-MET-B | B92: S30 | C92: 46226 | D92: Metas | G92: B | H92: =IF($G92="A",CONFIG!$B$5,IF($G92="B",CONFIG!$B$6,IF($G92="C",CONFIG!$B$7,IF($G92="Todos","Todos os turnos","")))) | J92: — | R92: =IF($C92="","",IF($O92="Cancelada","Cancelada",IF($O92="Reprovado","Reprovada",IF($O92="Aprovado","Aprovada",IF($L92<>"","Entregue",IF(TODAY()>$C92,"Atrasada","Pendente"))))))
A93: JUL-S30-MET-C | B93: S30 | C93: 46226 | D93: Metas | G93: C | H93: =IF($G93="A",CONFIG!$B$5,IF($G93="B",CONFIG!$B$6,IF($G93="C",CONFIG!$B$7,IF($G93="Todos","Todos os turnos","")))) | J93: — | R93: =IF($C93="","",IF($O93="Cancelada","Cancelada",IF($O93="Reprovado","Reprovada",IF($O93="Aprovado","Aprovada",IF($L93<>"","Entregue",IF(TODAY()>$C93,"Atrasada","Pendente"))))))
A94: JUL-S30-ACO-A | B94: S30 | C94: 46227 | D94: Acompanhamento Semanal c/ Supervisores | G94: A | H94: =IF($G94="A",CONFIG!$B$5,IF($G94="B",CONFIG!$B$6,IF($G94="C",CONFIG!$B$7,IF($G94="Todos","Todos os turnos","")))) | J94: — | R94: =IF($C94="","",IF($O94="Cancelada","Cancelada",IF($O94="Reprovado","Reprovada",IF($O94="Aprovado","Aprovada",IF($L94<>"","Entregue",IF(TODAY()>$C94,"Atrasada","Pendente"))))))
A95: JUL-S30-ACO-B | B95: S30 | C95: 46227 | D95: Acompanhamento Semanal c/ Supervisores | G95: B | H95: =IF($G95="A",CONFIG!$B$5,IF($G95="B",CONFIG!$B$6,IF($G95="C",CONFIG!$B$7,IF($G95="Todos","Todos os turnos","")))) | J95: — | R95: =IF($C95="","",IF($O95="Cancelada","Cancelada",IF($O95="Reprovado","Reprovada",IF($O95="Aprovado","Aprovada",IF($L95<>"","Entregue",IF(TODAY()>$C95,"Atrasada","Pendente"))))))
A96: JUL-S30-ACO-C | B96: S30 | C96: 46227 | D96: Acompanhamento Semanal c/ Supervisores | G96: C | H96: =IF($G96="A",CONFIG!$B$5,IF($G96="B",CONFIG!$B$6,IF($G96="C",CONFIG!$B$7,IF($G96="Todos","Todos os turnos","")))) | J96: — | R96: =IF($C96="","",IF($O96="Cancelada","Cancelada",IF($O96="Reprovado","Reprovada",IF($O96="Aprovado","Aprovada",IF($L96<>"","Entregue",IF(TODAY()>$C96,"Atrasada","Pendente"))))))
A97: JUL-S30-FAL-A | B97: S30 | C97: 46227 | D97: Faltas e Atestados | G97: A | H97: =IF($G97="A",CONFIG!$B$5,IF($G97="B",CONFIG!$B$6,IF($G97="C",CONFIG!$B$7,IF($G97="Todos","Todos os turnos","")))) | J97: — | R97: =IF($C97="","",IF($O97="Cancelada","Cancelada",IF($O97="Reprovado","Reprovada",IF($O97="Aprovado","Aprovada",IF($L97<>"","Entregue",IF(TODAY()>$C97,"Atrasada","Pendente"))))))
A98: JUL-S30-FAL-B | B98: S30 | C98: 46227 | D98: Faltas e Atestados | G98: B | H98: =IF($G98="A",CONFIG!$B$5,IF($G98="B",CONFIG!$B$6,IF($G98="C",CONFIG!$B$7,IF($G98="Todos","Todos os turnos","")))) | J98: — | R98: =IF($C98="","",IF($O98="Cancelada","Cancelada",IF($O98="Reprovado","Reprovada",IF($O98="Aprovado","Aprovada",IF($L98<>"","Entregue",IF(TODAY()>$C98,"Atrasada","Pendente"))))))
A99: JUL-S30-FAL-C | B99: S30 | C99: 46227 | D99: Faltas e Atestados | G99: C | H99: =IF($G99="A",CONFIG!$B$5,IF($G99="B",CONFIG!$B$6,IF($G99="C",CONFIG!$B$7,IF($G99="Todos","Todos os turnos","")))) | J99: — | R99: =IF($C99="","",IF($O99="Cancelada","Cancelada",IF($O99="Reprovado","Reprovada",IF($O99="Aprovado","Aprovada",IF($L99<>"","Entregue",IF(TODAY()>$C99,"Atrasada","Pendente"))))))
A100: JUL-S30-REU-T | B100: S30 | C100: 46227 | D100: Reunião Semanal com a Gerência | G100: Todos | H100: =IF($G100="A",CONFIG!$B$5,IF($G100="B",CONFIG!$B$6,IF($G100="C",CONFIG!$B$7,IF($G100="Todos","Todos os turnos","")))) | J100: — | R100: =IF($C100="","",IF($O100="Cancelada","Cancelada",IF($O100="Reprovado","Reprovada",IF($O100="Aprovado","Aprovada",IF($L100<>"","Entregue",IF(TODAY()>$C100,"Atrasada","Pendente"))))))
A101: JUL-S31-ERR-A | B101: S31 | C101: 46230 | D101: Levantamento de Erros Operacionais | G101: A | H101: =IF($G101="A",CONFIG!$B$5,IF($G101="B",CONFIG!$B$6,IF($G101="C",CONFIG!$B$7,IF($G101="Todos","Todos os turnos","")))) | J101: — | R101: =IF($C101="","",IF($O101="Cancelada","Cancelada",IF($O101="Reprovado","Reprovada",IF($O101="Aprovado","Aprovada",IF($L101<>"","Entregue",IF(TODAY()>$C101,"Atrasada","Pendente"))))))
A102: JUL-S31-ERR-B | B102: S31 | C102: 46230 | D102: Levantamento de Erros Operacionais | G102: B | H102: =IF($G102="A",CONFIG!$B$5,IF($G102="B",CONFIG!$B$6,IF($G102="C",CONFIG!$B$7,IF($G102="Todos","Todos os turnos","")))) | J102: — | R102: =IF($C102="","",IF($O102="Cancelada","Cancelada",IF($O102="Reprovado","Reprovada",IF($O102="Aprovado","Aprovada",IF($L102<>"","Entregue",IF(TODAY()>$C102,"Atrasada","Pendente"))))))
... A106: JUL-S31-SUP-C | B106: S31 | C106: 46231 | D106: Suporte de Supervisores | G106: C | H106: =IF($G106="A",CONFIG!$B$5,IF($G106="B",CONFIG!$B$6,IF($G106="C",CONFIG!$B$7,IF($G106="Todos","Todos os turnos","")))) | J106: — | R106: =IF($C106="","",IF($O106="Cancelada","Cancelada",IF($O106="Reprovado","Reprovada",IF($O106="Aprovado","Aprovada",IF($L106<>"","Entregue",IF(TODAY()>$C106,"Atrasada","Pendente"))))))
A107: JUL-S31-VIS-A | B107: S31 | C107: 46232 | D107: Acomp. Organizacional Setorial (Vistoria) | G107: A | H107: =IF($G107="A",CONFIG!$B$5,IF($G107="B",CONFIG!$B$6,IF($G107="C",CONFIG!$B$7,IF($G107="Todos","Todos os turnos","")))) | R107: =IF($C107="","",IF($O107="Cancelada","Cancelada",IF($O107="Reprovado","Reprovada",IF($O107="Aprovado","Aprovada",IF($L107<>"","Entregue",IF(TODAY()>$C107,"Atrasada","Pendente"))))))
A108: JUL-S31-VIS-B | B108: S31 | C108: 46232 | D108: Acomp. Organizacional Setorial (Vistoria) | G108: B | H108: =IF($G108="A",CONFIG!$B$5,IF($G108="B",CONFIG!$B$6,IF($G108="C",CONFIG!$B$7,IF($G108="Todos","Todos os turnos","")))) | R108: =IF($C108="","",IF($O108="Cancelada","Cancelada",IF($O108="Reprovado","Reprovada",IF($O108="Aprovado","Aprovada",IF($L108<>"","Entregue",IF(TODAY()>$C108,"Atrasada","Pendente"))))))
A109: JUL-S31-VIS-C | B109: S31 | C109: 46232 | D109: Acomp. Organizacional Setorial (Vistoria) | G109: C | H109: =IF($G109="A",CONFIG!$B$5,IF($G109="B",CONFIG!$B$6,IF($G109="C",CONFIG!$B$7,IF($G109="Todos","Todos os turnos","")))) | R109: =IF($C109="","",IF($O109="Cancelada","Cancelada",IF($O109="Reprovado","Reprovada",IF($O109="Aprovado","Aprovada",IF($L109<>"","Entregue",IF(TODAY()>$C109,"Atrasada","Pendente"))))))
A110: JUL-S31-MET-A | B110: S31 | C110: 46233 | D110: Metas | G110: A | H110: =IF($G110="A",CONFIG!$B$5,IF($G110="B",CONFIG!$B$6,IF($G110="C",CONFIG!$B$7,IF($G110="Todos","Todos os turnos","")))) | J110: — | R110: =IF($C110="","",IF($O110="Cancelada","Cancelada",IF($O110="Reprovado","Reprovada",IF($O110="Aprovado","Aprovada",IF($L110<>"","Entregue",IF(TODAY()>$C110,"Atrasada","Pendente"))))))
A111: JUL-S31-MET-B | B111: S31 | C111: 46233 | D111: Metas | G111: B | H111: =IF($G111="A",CONFIG!$B$5,IF($G111="B",CONFIG!$B$6,IF($G111="C",CONFIG!$B$7,IF($G111="Todos","Todos os turnos","")))) | J111: — | R111: =IF($C111="","",IF($O111="Cancelada","Cancelada",IF($O111="Reprovado","Reprovada",IF($O111="Aprovado","Aprovada",IF($L111<>"","Entregue",IF(TODAY()>$C111,"Atrasada","Pendente"))))))
A112: JUL-S31-MET-C | B112: S31 | C112: 46233 | D112: Metas | G112: C | H112: =IF($G112="A",CONFIG!$B$5,IF($G112="B",CONFIG!$B$6,IF($G112="C",CONFIG!$B$7,IF($G112="Todos","Todos os turnos","")))) | J112: — | R112: =IF($C112="","",IF($O112="Cancelada","Cancelada",IF($O112="Reprovado","Reprovada",IF($O112="Aprovado","Aprovada",IF($L112<>"","Entregue",IF(TODAY()>$C112,"Atrasada","Pendente"))))))
A113: JUL-S31-ACO-A | B113: S31 | C113: 46234 | D113: Acompanhamento Semanal c/ Supervisores | G113: A | H113: =IF($G113="A",CONFIG!$B$5,IF($G113="B",CONFIG!$B$6,IF($G113="C",CONFIG!$B$7,IF($G113="Todos","Todos os turnos","")))) | J113: — | R113: =IF($C113="","",IF($O113="Cancelada","Cancelada",IF($O113="Reprovado","Reprovada",IF($O113="Aprovado","Aprovada",IF($L113<>"","Entregue",IF(TODAY()>$C113,"Atrasada","Pendente"))))))
A114: JUL-S31-ACO-B | B114: S31 | C114: 46234 | D114: Acompanhamento Semanal c/ Supervisores | G114: B | H114: =IF($G114="A",CONFIG!$B$5,IF($G114="B",CONFIG!$B$6,IF($G114="C",CONFIG!$B$7,IF($G114="Todos","Todos os turnos","")))) | J114: — | R114: =IF($C114="","",IF($O114="Cancelada","Cancelada",IF($O114="Reprovado","Reprovada",IF($O114="Aprovado","Aprovada",IF($L114<>"","Entregue",IF(TODAY()>$C114,"Atrasada","Pendente"))))))
A115: JUL-S31-ACO-C | B115: S31 | C115: 46234 | D115: Acompanhamento Semanal c/ Supervisores | G115: C | H115: =IF($G115="A",CONFIG!$B$5,IF($G115="B",CONFIG!$B$6,IF($G115="C",CONFIG!$B$7,IF($G115="Todos","Todos os turnos","")))) | J115: — | R115: =IF($C115="","",IF($O115="Cancelada","Cancelada",IF($O115="Reprovado","Reprovada",IF($O115="Aprovado","Aprovada",IF($L115<>"","Entregue",IF(TODAY()>$C115,"Atrasada","Pendente"))))))
A116: JUL-S31-FAL-A | B116: S31 | C116: 46234 | D116: Faltas e Atestados | G116: A | H116: =IF($G116="A",CONFIG!$B$5,IF($G116="B",CONFIG!$B$6,IF($G116="C",CONFIG!$B$7,IF($G116="Todos","Todos os turnos","")))) | J116: — | R116: =IF($C116="","",IF($O116="Cancelada","Cancelada",IF($O116="Reprovado","Reprovada",IF($O116="Aprovado","Aprovada",IF($L116<>"","Entregue",IF(TODAY()>$C116,"Atrasada","Pendente"))))))
A117: JUL-S31-FAL-B | B117: S31 | C117: 46234 | D117: Faltas e Atestados | G117: B | H117: =IF($G117="A",CONFIG!$B$5,IF($G117="B",CONFIG!$B$6,IF($G117="C",CONFIG!$B$7,IF($G117="Todos","Todos os turnos","")))) | J117: — | R117: =IF($C117="","",IF($O117="Cancelada","Cancelada",IF($O117="Reprovado","Reprovada",IF($O117="Aprovado","Aprovada",IF($L117<>"","Entregue",IF(TODAY()>$C117,"Atrasada","Pendente"))))))
A118: JUL-S31-FAL-C | B118: S31 | C118: 46234 | D118: Faltas e Atestados | G118: C | H118: =IF($G118="A",CONFIG!$B$5,IF($G118="B",CONFIG!$B$6,IF($G118="C",CONFIG!$B$7,IF($G118="Todos","Todos os turnos","")))) | J118: — | R118: =IF($C118="","",IF($O118="Cancelada","Cancelada",IF($O118="Reprovado","Reprovada",IF($O118="Aprovado","Aprovada",IF($L118<>"","Entregue",IF(TODAY()>$C118,"Atrasada","Pendente"))))))
A119: JUL-S31-REU-T | B119: S31 | C119: 46234 | D119: Reunião Semanal com a Gerência | G119: Todos | H119: =IF($G119="A",CONFIG!$B$5,IF($G119="B",CONFIG!$B$6,IF($G119="C",CONFIG!$B$7,IF($G119="Todos","Todos os turnos","")))) | J119: — | R119: =IF($C119="","",IF($O119="Cancelada","Cancelada",IF($O119="Reprovado","Reprovada",IF($O119="Aprovado","Aprovada",IF($L119<>"","Entregue",IF(TODAY()>$C119,"Atrasada","Pendente"))))))
A120: JUL-S31-MDF-T | B120: S31 | C120: 46234 | D120: Mudança de Função — reunião mensal | G120: Todos | H120: =IF($G120="A",CONFIG!$B$5,IF($G120="B",CONFIG!$B$6,IF($G120="C",CONFIG!$B$7,IF($G120="Todos","Todos os turnos","")))) | J120: — | R120: =IF($C120="","",IF($O120="Cancelada","Cancelada",IF($O120="Reprovado","Reprovada",IF($O120="Aprovado","Aprovada",IF($L120<>"","Entregue",IF(TODAY()>$C120,"Atrasada","Pendente"))))))
...

Sheet AGO 2026
A1: 08 · AGOSTO 2026 | O1: GSL BARTOFIL
A3: =IF((COUNTIF($R$22:$R$210,"Aprovada")+COUNTIF($R$22:$R$210,"Entregue")+COUNTIF($R$22:$R$210,"Pendente")+COUNTIF($R$22:$R$210,"Atrasada")+COUNTIF($R$22:$R$210,"Reprovada"))=0,"",IF(COUNTIF($R$22:$R$210,"Aprovada")=(COUNTIF($R$22:$R$210,"Aprovada")+COUNTIF($R$22:$R$210,"Entregue")+COUNTIF($R$22:$R$210,"Pendente")+COUNTIF($R$22:$R$210,"Atrasada")+COUNTIF($R$22:$R$210,"Reprovada")),"MÊS CONCLUÍDO — todas as atividades aprovadas","EM ANDAMENTO — "&COUNTIF($R$22:$R$210,"Aprovada")&" de "&(COUNTIF($R$22:$R$210,"Aprovada")+COUNTIF($R$22:$R$210,"Entregue")+COUNTIF($R$22:$R$210,"Pendente")+COUNTIF($R$22:$R$210,"Atrasada")+COUNTIF($R$22:$R$210,"Reprovada"))&" atividades aprovadas"))
B5: DOM | D5: SEG | F5: TER | H5: QUA | J5: QUI | L5: SEX | N5: SÁB
N6: 46235
N7: =IF(N6="","",TRIM(IF(COUNTIFS($C$22:$C$210,N6,$D$22:$D$210,"*Erros*",$O$22:$O$210,"<>Cancelada")>0,"Erros ","")&IF(COUNTIFS($C$22:$C$210,N6,$D$22:$D$210,"*Suporte*",$O$22:$O$210,"<>Cancelada")>0,"Suporte ","")&IF(COUNTIFS($C$22:$C$210,N6,$D$22:$D$210,"*Vistoria*",$O$22:$O$210,"<>Cancelada")>0,"Vistoria ","")&IF(COUNTIFS($C$22:$C$210,N6,$D$22:$D$210,"*Metas*",$O$22:$O$210,"<>Cancelada")>0,"Metas ","")&IF(COUNTIFS($C$22:$C$210,N6,$D$22:$D$210,"*Faltas*",$O$22:$O$210,"<>Cancelada")>0,"Faltas ","")&IF(COUNTIFS($C$22:$C$210,N6,$D$22:$D$210,"*Semanal c/*",$O$22:$O$210,"<>Cancelada")>0,"Acomp. ","")&IF(COUNTIFS($C$22:$C$210,N6,$D$22:$D$210,"*Reunião*",$O$22:$O$210,"<>Cancelada")>0,"Reunião ","")&IF(COUNTIFS($C$22:$C$210,N6,$D$22:$D$210,"*Férias*",$O$22:$O$210,"<>Cancelada")>0,"Férias ","")&IF(COUNTIFS($C$22:$C$210,N6,$D$22:$D$210,"*Mudança*",$O$22:$O$210,"<>Cancelada")>0,"M.Função ","")&IF(COUNTIFS($C$22:$C$210,N6,$D$22:$D$210,"*Treinamento*",$O$22:$O$210,"<>Cancelada")>0,"Trein. ","")))
B8: 46236 | D8: 46237 | F8: 46238 | H8: 46239 | J8: 46240 | L8: 46241 | N8: 46242
B9: =IF(B8="","",TRIM(IF(COUNTIFS($C$22:$C$210,B8,$D$22:$D$210,"*Erros*",$O$22:$O$210,"<>Cancelada")>0,"Erros ","")&IF(COUNTIFS($C$22:$C$210,B8,$D$22:$D$210,"*Suporte*",$O$22:$O$210,"<>Cancelada")>0,"Suporte ","")&IF(COUNTIFS($C$22:$C$210,B8,$D$22:$D$210,"*Vistoria*",$O$22:$O$210,"<>Cancelada")>0,"Vistoria ","")&IF(COUNTIFS($C$22:$C$210,B8,$D$22:$D$210,"*Metas*",$O$22:$O$210,"<>Cancelada")>0,"Metas ","")&IF(COUNTIFS($C$22:$C$210,B8,$D$22:$D$210,"*Faltas*",$O$22:$O$210,"<>Cancelada")>0,"Faltas ","")&IF(COUNTIFS($C$22:$C$210,B8,$D$22:$D$210,"*Semanal c/*",$O$22:$O$210,"<>Cancelada")>0,"Acomp. ","")&IF(COUNTIFS($C$22:$C$210,B8,$D$22:$D$210,"*Reunião*",$O$22:$O$210,"<>Cancelada")>0,"Reunião ","")&IF(COUNTIFS($C$22:$C$210,B8,$D$22:$D$210,"*Férias*",$O$22:$O$210,"<>Cancelada")>0,"Férias ","")&IF(COUNTIFS($C$22:$C$210,B8,$D$22:$D$210,"*Mudança*",$O$22:$O$210,"<>Cancelada")>0,"M.Função ","")&IF(COUNTIFS($C$22:$C$210,B8,$D$22:$D$210,"*Treinamento*",$O$22:$O$210,"<>Cancelada")>0,"Trein. ",""))) | D9: =IF(D8="","",TRIM(IF(COUNTIFS($C$22:$C$210,D8,$D$22:$D$210,"*Erros*",$O$22:$O$210,"<>Cancelada")>0,"Erros ","")&IF(COUNTIFS($C$22:$C$210,D8,$D$22:$D$210,"*Suporte*",$O$22:$O$210,"<>Cancelada")>0,"Suporte ","")&IF(COUNTIFS($C$22:$C$210,D8,$D$22:$D$210,"*Vistoria*",$O$22:$O$210,"<>Cancelada")>0,"Vistoria ","")&IF(COUNTIFS($C$22:$C$210,D8,$D$22:$D$210,"*Metas*",$O$22:$O$210,"<>Cancelada")>0,"Metas ","")&IF(COUNTIFS($C$22:$C$210,D8,$D$22:$D$210,"*Faltas*",$O$22:$O$210,"<>Cancelada")>0,"Faltas ","")&IF(COUNTIFS($C$22:$C$210,D8,$D$22:$D$210,"*Semanal c/*",$O$22:$O$210,"<>Cancelada")>0,"Acomp. ","")&IF(COUNTIFS($C$22:$C$210,D8,$D$22:$D$210,"*Reunião*",$O$22:$O$210,"<>Cancelada")>0,"Reunião ","")&IF(COUNTIFS($C$22:$C$210,D8,$D$22:$D$210,"*Férias*",$O$22:$O$210,"<>Cancelada")>0,"Férias ","")&IF(COUNTIFS($C$22:$C$210,D8,$D$22:$D$210,"*Mudança*",$O$22:$O$210,"<>Cancelada")>0,"M.Função ","")&IF(COUNTIFS($C$22:$C$210,D8,$D$22:$D$210,"*Treinamento*",$O$22:$O$210,"<>Cancelada")>0,"Trein. ",""))) | F9: =IF(F8="","",TRIM(IF(COUNTIFS($C$22:$C$210,F8,$D$22:$D$210,"*Erros*",$O$22:$O$210,"<>Cancelada")>0,"Erros ","")&IF(COUNTIFS($C$22:$C$210,F8,$D$22:$D$210,"*Suporte*",$O$22:$O$210,"<>Cancelada")>0,"Suporte ","")&IF(COUNTIFS($C$22:$C$210,F8,$D$22:$D$210,"*Vistoria*",$O$22:$O$210,"<>Cancelada")>0,"Vistoria ","")&IF(COUNTIFS($C$22:$C$210,F8,$D$22:$D$210,"*Metas*",$O$22:$O$210,"<>Cancelada")>0,"Metas ","")&IF(COUNTIFS($C$22:$C$210,F8,$D$22:$D$210,"*Faltas*",$O$22:$O$210,"<>Cancelada")>0,"Faltas ","")&IF(COUNTIFS($C$22:$C$210,F8,$D$22:$D$210,"*Semanal c/*",$O$22:$O$210,"<>Cancelada")>0,"Acomp. ","")&IF(COUNTIFS($C$22:$C$210,F8,$D$22:$D$210,"*Reunião*",$O$22:$O$210,"<>Cancelada")>0,"Reunião ","")&IF(COUNTIFS($C$22:$C$210,F8,$D$22:$D$210,"*Férias*",$O$22:$O$210,"<>Cancelada")>0,"Férias ","")&IF(COUNTIFS($C$22:$C$210,F8,$D$22:$D$210,"*Mudança*",$O$22:$O$210,"<>Cancelada")>0,"M.Função ","")&IF(COUNTIFS($C$22:$C$210,F8,$D$22:$D$210,"*Treinamento*",$O$22:$O$210,"<>Cancelada")>0,"Trein. ",""))) | H9: =IF(H8="","",TRIM(IF(COUNTIFS($C$22:$C$210,H8,$D$22:$D$210,"*Erros*",$O$22:$O$210,"<>Cancelada")>0,"Erros ","")&IF(COUNTIFS($C$22:$C$210,H8,$D$22:$D$210,"*Suporte*",$O$22:$O$210,"<>Cancelada")>0,"Suporte ","")&IF(COUNTIFS($C$22:$C$210,H8,$D$22:$D$210,"*Vistoria*",$O$22:$O$210,"<>Cancelada")>0,"Vistoria ","")&IF(COUNTIFS($C$22:$C$210,H8,$D$22:$D$210,"*Metas*",$O$22:$O$210,"<>Cancelada")>0,"Metas ","")&IF(COUNTIFS($C$22:$C$210,H8,$D$22:$D$210,"*Faltas*",$O$22:$O$210,"<>Cancelada")>0,"Faltas ","")&IF(COUNTIFS($C$22:$C$210,H8,$D$22:$D$210,"*Semanal c/*",$O$22:$O$210,"<>Cancelada")>0,"Acomp. ","")&IF(COUNTIFS($C$22:$C$210,H8,$D$22:$D$210,"*Reunião*",$O$22:$O$210,"<>Cancelada")>0,"Reunião ","")&IF(COUNTIFS($C$22:$C$210,H8,$D$22:$D$210,"*Férias*",$O$22:$O$210,"<>Cancelada")>0,"Férias ","")&IF(COUNTIFS($C$22:$C$210,H8,$D$22:$D$210,"*Mudança*",$O$22:$O$210,"<>Cancelada")>0,"M.Função ","")&IF(COUNTIFS($C$22:$C$210,H8,$D$22:$D$210,"*Treinamento*",$O$22:$O$210,"<>Cancelada")>0,"Trein. ",""))) | J9: =IF(J8="","",TRIM(IF(COUNTIFS($C$22:$C$210,J8,$D$22:$D$210,"*Erros*",$O$22:$O$210,"<>Cancelada")>0,"Erros ","")&IF(COUNTIFS($C$22:$C$210,J8,$D$22:$D$210,"*Suporte*",$O$22:$O$210,"<>Cancelada")>0,"Suporte ","")&IF(COUNTIFS($C$22:$C$210,J8,$D$22:$D$210,"*Vistoria*",$O$22:$O$210,"<>Cancelada")>0,"Vistoria ","")&IF(COUNTIFS($C$22:$C$210,J8,$D$22:$D$210,"*Metas*",$O$22:$O$210,"<>Cancelada")>0,"Metas ","")&IF(COUNTIFS($C$22:$C$210,J8,$D$22:$D$210,"*Faltas*",$O$22:$O$210,"<>Cancelada")>0,"Faltas ","")&IF(COUNTIFS($C$22:$C$210,J8,$D$22:$D$210,"*Semanal c/*",$O$22:$O$210,"<>Cancelada")>0,"Acomp. ","")&IF(COUNTIFS($C$22:$C$210,J8,$D$22:$D$210,"*Reunião*",$O$22:$O$210,"<>Cancelada")>0,"Reunião ","")&IF(COUNTIFS($C$22:$C$210,J8,$D$22:$D$210,"*Férias*",$O$22:$O$210,"<>Cancelada")>0,"Férias ","")&IF(COUNTIFS($C$22:$C$210,J8,$D$22:$D$210,"*Mudança*",$O$22:$O$210,"<>Cancelada")>0,"M.Função ","")&IF(COUNTIFS($C$22:$C$210,J8,$D$22:$D$210,"*Treinamento*",$O$22:$O$210,"<>Cancelada")>0,"Trein. ",""))) | L9: =IF(L8="","",TRIM(IF(COUNTIFS($C$22:$C$210,L8,$D$22:$D$210,"*Erros*",$O$22:$O$210,"<>Cancelada")>0,"Erros ","")&IF(COUNTIFS($C$22:$C$210,L8,$D$22:$D$210,"*Suporte*",$O$22:$O$210,"<>Cancelada")>0,"Suporte ","")&IF(COUNTIFS($C$22:$C$210,L8,$D$22:$D$210,"*Vistoria*",$O$22:$O$210,"<>Cancelada")>0,"Vistoria ","")&IF(COUNTIFS($C$22:$C$210,L8,$D$22:$D$210,"*Metas*",$O$22:$O$210,"<>Cancelada")>0,"Metas ","")&IF(COUNTIFS($C$22:$C$210,L8,$D$22:$D$210,"*Faltas*",$O$22:$O$210,"<>Cancelada")>0,"Faltas ","")&IF(COUNTIFS($C$22:$C$210,L8,$D$22:$D$210,"*Semanal c/*",$O$22:$O$210,"<>Cancelada")>0,"Acomp. ","")&IF(COUNTIFS($C$22:$C$210,L8,$D$22:$D$210,"*Reunião*",$O$22:$O$210,"<>Cancelada")>0,"Reunião ","")&IF(COUNTIFS($C$22:$C$210,L8,$D$22:$D$210,"*Férias*",$O$22:$O$210,"<>Cancelada")>0,"Férias ","")&IF(COUNTIFS($C$22:$C$210,L8,$D$22:$D$210,"*Mudança*",$O$22:$O$210,"<>Cancelada")>0,"M.Função ","")&IF(COUNTIFS($C$22:$C$210,L8,$D$22:$D$210,"*Treinamento*",$O$22:$O$210,"<>Cancelada")>0,"Trein. ",""))) | N9: =IF(N8="","",TRIM(IF(COUNTIFS($C$22:$C$210,N8,$D$22:$D$210,"*Erros*",$O$22:$O$210,"<>Cancelada")>0,"Erros ","")&IF(COUNTIFS($C$22:$C$210,N8,$D$22:$D$210,"*Suporte*",$O$22:$O$210,"<>Cancelada")>0,"Suporte ","")&IF(COUNTIFS($C$22:$C$210,N8,$D$22:$D$210,"*Vistoria*",$O$22:$O$210,"<>Cancelada")>0,"Vistoria ","")&IF(COUNTIFS($C$22:$C$210,N8,$D$22:$D$210,"*Metas*",$O$22:$O$210,"<>Cancelada")>0,"Metas ","")&IF(COUNTIFS($C$22:$C$210,N8,$D$22:$D$210,"*Faltas*",$O$22:$O$210,"<>Cancelada")>0,"Faltas ","")&IF(COUNTIFS($C$22:$C$210,N8,$D$22:$D$210,"*Semanal c/*",$O$22:$O$210,"<>Cancelada")>0,"Acomp. ","")&IF(COUNTIFS($C$22:$C$210,N8,$D$22:$D$210,"*Reunião*",$O$22:$O$210,"<>Cancelada")>0,"Reunião ","")&IF(COUNTIFS($C$22:$C$210,N8,$D$22:$D$210,"*Férias*",$O$22:$O$210,"<>Cancelada")>0,"Férias ","")&IF(COUNTIFS($C$22:$C$210,N8,$D$22:$D$210,"*Mudança*",$O$22:$O$210,"<>Cancelada")>0,"M.Função ","")&IF(COUNTIFS($C$22:$C$210,N8,$D$22:$D$210,"*Treinamento*",$O$22:$O$210,"<>Cancelada")>0,"Trein. ","")))
B10: 46243 | D10: 46244 | F10: 46245 | H10: 46246 | J10: 46247 | L10: 46248 | N10: 46249
B11: =IF(B10="","",TRIM(IF(COUNTIFS($C$22:$C$210,B10,$D$22:$D$210,"*Erros*",$O$22:$O$210,"<>Cancelada")>0,"Erros ","")&IF(COUNTIFS($C$22:$C$210,B10,$D$22:$D$210,"*Suporte*",$O$22:$O$210,"<>Cancelada")>0,"Suporte ","")&IF(COUNTIFS($C$22:$C$210,B10,$D$22:$D$210,"*Vistoria*",$O$22:$O$210,"<>Cancelada")>0,"Vistoria ","")&IF(COUNTIFS($C$22:$C$210,B10,$D$22:$D$210,"*Metas*",$O$22:$O$210,"<>Cancelada")>0,"Metas ","")&IF(COUNTIFS($C$22:$C$210,B10,$D$22:$D$210,"*Faltas*",$O$22:$O$210,"<>Cancelada")>0,"Faltas ","")&IF(COUNTIFS($C$22:$C$210,B10,$D$22:$D$210,"*Semanal c/*",$O$22:$O$210,"<>Cancelada")>0,"Acomp. ","")&IF(COUNTIFS($C$22:$C$210,B10,$D$22:$D$210,"*Reunião*",$O$22:$O$210,"<>Cancelada")>0,"Reunião ","")&IF(COUNTIFS($C$22:$C$210,B10,$D$22:$D$210,"*Férias*",$O$22:$O$210,"<>Cancelada")>0,"Férias ","")&IF(COUNTIFS($C$22:$C$210,B10,$D$22:$D$210,"*Mudança*",$O$22:$O$210,"<>Cancelada")>0,"M.Função ","")&IF(COUNTIFS($C$22:$C$210,B10,$D$22:$D$210,"*Treinamento*",$O$22:$O$210,"<>Cancelada")>0,"Trein. ",""))) | D11: =IF(D10="","",TRIM(IF(COUNTIFS($C$22:$C$210,D10,$D$22:$D$210,"*Erros*",$O$22:$O$210,"<>Cancelada")>0,"Erros ","")&IF(COUNTIFS($C$22:$C$210,D10,$D$22:$D$210,"*Suporte*",$O$22:$O$210,"<>Cancelada")>0,"Suporte ","")&IF(COUNTIFS($C$22:$C$210,D10,$D$22:$D$210,"*Vistoria*",$O$22:$O$210,"<>Cancelada")>0,"Vistoria ","")&IF(COUNTIFS($C$22:$C$210,D10,$D$22:$D$210,"*Metas*",$O$22:$O$210,"<>Cancelada")>0,"Metas ","")&IF(COUNTIFS($C$22:$C$210,D10,$D$22:$D$210,"*Faltas*",$O$22:$O$210,"<>Cancelada")>0,"Faltas ","")&IF(COUNTIFS($C$22:$C$210,D10,$D$22:$D$210,"*Semanal c/*",$O$22:$O$210,"<>Cancelada")>0,"Acomp. ","")&IF(COUNTIFS($C$22:$C$210,D10,$D$22:$D$210,"*Reunião*",$O$22:$O$210,"<>Cancelada")>0,"Reunião ","")&IF(COUNTIFS($C$22:$C$210,D10,$D$22:$D$210,"*Férias*",$O$22:$O$210,"<>Cancelada")>0,"Férias ","")&IF(COUNTIFS($C$22:$C$210,D10,$D$22:$D$210,"*Mudança*",$O$22:$O$210,"<>Cancelada")>0,"M.Função ","")&IF(COUNTIFS($C$22:$C$210,D10,$D$22:$D$210,"*Treinamento*",$O$22:$O$210,"<>Cancelada")>0,"Trein. ",""))) | F11: =IF(F10="","",TRIM(IF(COUNTIFS($C$22:$C$210,F10,$D$22:$D$210,"*Erros*",$O$22:$O$210,"<>Cancelada")>0,"Erros ","")&IF(COUNTIFS($C$22:$C$210,F10,$D$22:$D$210,"*Suporte*",$O$22:$O$210,"<>Cancelada")>0,"Suporte ","")&IF(COUNTIFS($C$22:$C$210,F10,$D$22:$D$210,"*Vistoria*",$O$22:$O$210,"<>Cancelada")>0,"Vistoria ","")&IF(COUNTIFS($C$22:$C$210,F10,$D$22:$D$210,"*Metas*",$O$22:$O$210,"<>Cancelada")>0,"Metas ","")&IF(COUNTIFS($C$22:$C$210,F10,$D$22:$D$210,"*Faltas*",$O$22:$O$210,"<>Cancelada")>0,"Faltas ","")&IF(COUNTIFS($C$22:$C$210,F10,$D$22:$D$210,"*Semanal c/*",$O$22:$O$210,"<>Cancelada")>0,"Acomp. ","")&IF(COUNTIFS($C$22:$C$210,F10,$D$22:$D$210,"*Reunião*",$O$22:$O$210,"<>Cancelada")>0,"Reunião ","")&IF(COUNTIFS($C$22:$C$210,F10,$D$22:$D$210,"*Férias*",$O$22:$O$210,"<>Cancelada")>0,"Férias ","")&IF(COUNTIFS($C$22:$C$210,F10,$D$22:$D$210,"*Mudança*",$O$22:$O$210,"<>Cancelada")>0,"M.Função ","")&IF(COUNTIFS($C$22:$C$210,F10,$D$22:$D$210,"*Treinamento*",$O$22:$O$210,"<>Cancelada")>0,"Trein. ",""))) | H11: =IF(H10="","",TRIM(IF(COUNTIFS($C$22:$C$210,H10,$D$22:$D$210,"*Erros*",$O$22:$O$210,"<>Cancelada")>0,"Erros ","")&IF(COUNTIFS($C$22:$C$210,H10,$D$22:$D$210,"*Suporte*",$O$22:$O$210,"<>Cancelada")>0,"Suporte ","")&IF(COUNTIFS($C$22:$C$210,H10,$D$22:$D$210,"*Vistoria*",$O$22:$O$210,"<>Cancelada")>0,"Vistoria ","")&IF(COUNTIFS($C$22:$C$210,H10,$D$22:$D$210,"*Metas*",$O$22:$O$210,"<>Cancelada")>0,"Metas ","")&IF(COUNTIFS($C$22:$C$210,H10,$D$22:$D$210,"*Faltas*",$O$22:$O$210,"<>Cancelada")>0,"Faltas ","")&IF(COUNTIFS($C$22:$C$210,H10,$D$22:$D$210,"*Semanal c/*",$O$22:$O$210,"<>Cancelada")>0,"Acomp. ","")&IF(COUNTIFS($C$22:$C$210,H10,$D$22:$D$210,"*Reunião*",$O$22:$O$210,"<>Cancelada")>0,"Reunião ","")&IF(COUNTIFS($C$22:$C$210,H10,$D$22:$D$210,"*Férias*",$O$22:$O$210,"<>Cancelada")>0,"Férias ","")&IF(COUNTIFS($C$22:$C$210,H10,$D$22:$D$210,"*Mudança*",$O$22:$O$210,"<>Cancelada")>0,"M.Função ","")&IF(COUNTIFS($C$22:$C$210,H10,$D$22:$D$210,"*Treinamento*",$O$22:$O$210,"<>Cancelada")>0,"Trein. ",""))) | J11: =IF(J10="","",TRIM(IF(COUNTIFS($C$22:$C$210,J10,$D$22:$D$210,"*Erros*",$O$22:$O$210,"<>Cancelada")>0,"Erros ","")&IF(COUNTIFS($C$22:$C$210,J10,$D$22:$D$210,"*Suporte*",$O$22:$O$210,"<>Cancelada")>0,"Suporte ","")&IF(COUNTIFS($C$22:$C$210,J10,$D$22:$D$210,"*Vistoria*",$O$22:$O$210,"<>Cancelada")>0,"Vistoria ","")&IF(COUNTIFS($C$22:$C$210,J10,$D$22:$D$210,"*Metas*",$O$22:$O$210,"<>Cancelada")>0,"Metas ","")&IF(COUNTIFS($C$22:$C$210,J10,$D$22:$D$210,"*Faltas*",$O$22:$O$210,"<>Cancelada")>0,"Faltas ","")&IF(COUNTIFS($C$22:$C$210,J10,$D$22:$D$210,"*Semanal c/*",$O$22:$O$210,"<>Cancelada")>0,"Acomp. ","")&IF(COUNTIFS($C$22:$C$210,J10,$D$22:$D$210,"*Reunião*",$O$22:$O$210,"<>Cancelada")>0,"Reunião ","")&IF(COUNTIFS($C$22:$C$210,J10,$D$22:$D$210,"*Férias*",$O$22:$O$210,"<>Cancelada")>0,"Férias ","")&IF(COUNTIFS($C$22:$C$210,J10,$D$22:$D$210,"*Mudança*",$O$22:$O$210,"<>Cancelada")>0,"M.Função ","")&IF(COUNTIFS($C$22:$C$210,J10,$D$22:$D$210,"*Treinamento*",$O$22:$O$210,"<>Cancelada")>0,"Trein. ",""))) | L11: =IF(L10="","",TRIM(IF(COUNTIFS($C$22:$C$210,L10,$D$22:$D$210,"*Erros*",$O$22:$O$210,"<>Cancelada")>0,"Erros ","")&IF(COUNTIFS($C$22:$C$210,L10,$D$22:$D$210,"*Suporte*",$O$22:$O$210,"<>Cancelada")>0,"Suporte ","")&IF(COUNTIFS($C$22:$C$210,L10,$D$22:$D$210,"*Vistoria*",$O$22:$O$210,"<>Cancelada")>0,"Vistoria ","")&IF(COUNTIFS($C$22:$C$210,L10,$D$22:$D$210,"*Metas*",$O$22:$O$210,"<>Cancelada")>0,"Metas ","")&IF(COUNTIFS($C$22:$C$210,L10,$D$22:$D$210,"*Faltas*",$O$22:$O$210,"<>Cancelada")>0,"Faltas ","")&IF(COUNTIFS($C$22:$C$210,L10,$D$22:$D$210,"*Semanal c/*",$O$22:$O$210,"<>Cancelada")>0,"Acomp. ","")&IF(COUNTIFS($C$22:$C$210,L10,$D$22:$D$210,"*Reunião*",$O$22:$O$210,"<>Cancelada")>0,"Reunião ","")&IF(COUNTIFS($C$22:$C$210,L10,$D$22:$D$210,"*Férias*",$O$22:$O$210,"<>Cancelada")>0,"Férias ","")&IF(COUNTIFS($C$22:$C$210,L10,$D$22:$D$210,"*Mudança*",$O$22:$O$210,"<>Cancelada")>0,"M.Função ","")&IF(COUNTIFS($C$22:$C$210,L10,$D$22:$D$210,"*Treinamento*",$O$22:$O$210,"<>Cancelada")>0,"Trein. ",""))) | N11: =IF(N10="","",TRIM(IF(COUNTIFS($C$22:$C$210,N10,$D$22:$D$210,"*Erros*",$O$22:$O$210,"<>Cancelada")>0,"Erros ","")&IF(COUNTIFS($C$22:$C$210,N10,$D$22:$D$210,"*Suporte*",$O$22:$O$210,"<>Cancelada")>0,"Suporte ","")&IF(COUNTIFS($C$22:$C$210,N10,$D$22:$D$210,"*Vistoria*",$O$22:$O$210,"<>Cancelada")>0,"Vistoria ","")&IF(COUNTIFS($C$22:$C$210,N10,$D$22:$D$210,"*Metas*",$O$22:$O$210,"<>Cancelada")>0,"Metas ","")&IF(COUNTIFS($C$22:$C$210,N10,$D$22:$D$210,"*Faltas*",$O$22:$O$210,"<>Cancelada")>0,"Faltas ","")&IF(COUNTIFS($C$22:$C$210,N10,$D$22:$D$210,"*Semanal c/*",$O$22:$O$210,"<>Cancelada")>0,"Acomp. ","")&IF(COUNTIFS($C$22:$C$210,N10,$D$22:$D$210,"*Reunião*",$O$22:$O$210,"<>Cancelada")>0,"Reunião ","")&IF(COUNTIFS($C$22:$C$210,N10,$D$22:$D$210,"*Férias*",$O$22:$O$210,"<>Cancelada")>0,"Férias ","")&IF(COUNTIFS($C$22:$C$210,N10,$D$22:$D$210,"*Mudança*",$O$22:$O$210,"<>Cancelada")>0,"M.Função ","")&IF(COUNTIFS($C$22:$C$210,N10,$D$22:$D$210,"*Treinamento*",$O$22:$O$210,"<>Cancelada")>0,"Trein. ","")))
B12: 46250 | D12: 46251 | F12: 46252 | H12: 46253 | J12: 46254 | L12: 46255 | N12: 46256
B13: =IF(B12="","",TRIM(IF(COUNTIFS($C$22:$C$210,B12,$D$22:$D$210,"*Erros*",$O$22:$O$210,"<>Cancelada")>0,"Erros ","")&IF(COUNTIFS($C$22:$C$210,B12,$D$22:$D$210,"*Suporte*",$O$22:$O$210,"<>Cancelada")>0,"Suporte ","")&IF(COUNTIFS($C$22:$C$210,B12,$D$22:$D$210,"*Vistoria*",$O$22:$O$210,"<>Cancelada")>0,"Vistoria ","")&IF(COUNTIFS($C$22:$C$210,B12,$D$22:$D$210,"*Metas*",$O$22:$O$210,"<>Cancelada")>0,"Metas ","")&IF(COUNTIFS($C$22:$C$210,B12,$D$22:$D$210,"*Faltas*",$O$22:$O$210,"<>Cancelada")>0,"Faltas ","")&IF(COUNTIFS($C$22:$C$210,B12,$D$22:$D$210,"*Semanal c/*",$O$22:$O$210,"<>Cancelada")>0,"Acomp. ","")&IF(COUNTIFS($C$22:$C$210,B12,$D$22:$D$210,"*Reunião*",$O$22:$O$210,"<>Cancelada")>0,"Reunião ","")&IF(COUNTIFS($C$22:$C$210,B12,$D$22:$D$210,"*Férias*",$O$22:$O$210,"<>Cancelada")>0,"Férias ","")&IF(COUNTIFS($C$22:$C$210,B12,$D$22:$D$210,"*Mudança*",$O$22:$O$210,"<>Cancelada")>0,"M.Função ","")&IF(COUNTIFS($C$22:$C$210,B12,$D$22:$D$210,"*Treinamento*",$O$22:$O$210,"<>Cancelada")>0,"Trein. ",""))) | D13: =IF(D12="","",TRIM(IF(COUNTIFS($C$22:$C$210,D12,$D$22:$D$210,"*Erros*",$O$22:$O$210,"<>Cancelada")>0,"Erros ","")&IF(COUNTIFS($C$22:$C$210,D12,$D$22:$D$210,"*Suporte*",$O$22:$O$210,"<>Cancelada")>0,"Suporte ","")&IF(COUNTIFS($C$22:$C$210,D12,$D$22:$D$210,"*Vistoria*",$O$22:$O$210,"<>Cancelada")>0,"Vistoria ","")&IF(COUNTIFS($C$22:$C$210,D12,$D$22:$D$210,"*Metas*",$O$22:$O$210,"<>Cancelada")>0,"Metas ","")&IF(COUNTIFS($C$22:$C$210,D12,$D$22:$D$210,"*Faltas*",$O$22:$O$210,"<>Cancelada")>0,"Faltas ","")&IF(COUNTIFS($C$22:$C$210,D12,$D$22:$D$210,"*Semanal c/*",$O$22:$O$210,"<>Cancelada")>0,"Acomp. ","")&IF(COUNTIFS($C$22:$C$210,D12,$D$22:$D$210,"*Reunião*",$O$22:$O$210,"<>Cancelada")>0,"Reunião ","")&IF(COUNTIFS($C$22:$C$210,D12,$D$22:$D$210,"*Férias*",$O$22:$O$210,"<>Cancelada")>0,"Férias ","")&IF(COUNTIFS($C$22:$C$210,D12,$D$22:$D$210,"*Mudança*",$O$22:$O$210,"<>Cancelada")>0,"M.Função ","")&IF(COUNTIFS($C$22:$C$210,D12,$D$22:$D$210,"*Treinamento*",$O$22:$O$210,"<>Cancelada")>0,"Trein. ",""))) | F13: =IF(F12="","",TRIM(IF(COUNTIFS($C$22:$C$210,F12,$D$22:$D$210,"*Erros*",$O$22:$O$210,"<>Cancelada")>0,"Erros ","")&IF(COUNTIFS($C$22:$C$210,F12,$D$22:$D$210,"*Suporte*",$O$22:$O$210,"<>Cancelada")>0,"Suporte ","")&IF(COUNTIFS($C$22:$C$210,F12,$D$22:$D$210,"*Vistoria*",$O$22:$O$210,"<>Cancelada")>0,"Vistoria ","")&IF(COUNTIFS($C$22:$C$210,F12,$D$22:$D$210,"*Metas*",$O$22:$O$210,"<>Cancelada")>0,"Metas ","")&IF(COUNTIFS($C$22:$C$210,F12,$D$22:$D$210,"*Faltas*",$O$22:$O$210,"<>Cancelada")>0,"Faltas ","")&IF(COUNTIFS($C$22:$C$210,F12,$D$22:$D$210,"*Semanal c/*",$O$22:$O$210,"<>Cancelada")>0,"Acomp. ","")&IF(COUNTIFS($C$22:$C$210,F12,$D$22:$D$210,"*Reunião*",$O$22:$O$210,"<>Cancelada")>0,"Reunião ","")&IF(COUNTIFS($C$22:$C$210,F12,$D$22:$D$210,"*Férias*",$O$22:$O$210,"<>Cancelada")>0,"Férias ","")&IF(COUNTIFS($C$22:$C$210,F12,$D$22:$D$210,"*Mudança*",$O$22:$O$210,"<>Cancelada")>0,"M.Função ","")&IF(COUNTIFS($C$22:$C$210,F12,$D$22:$D$210,"*Treinamento*",$O$22:$O$210,"<>Cancelada")>0,"Trein. ",""))) | H13: =IF(H12="","",TRIM(IF(COUNTIFS($C$22:$C$210,H12,$D$22:$D$210,"*Erros*",$O$22:$O$210,"<>Cancelada")>0,"Erros ","")&IF(COUNTIFS($C$22:$C$210,H12,$D$22:$D$210,"*Suporte*",$O$22:$O$210,"<>Cancelada")>0,"Suporte ","")&IF(COUNTIFS($C$22:$C$210,H12,$D$22:$D$210,"*Vistoria*",$O$22:$O$210,"<>Cancelada")>0,"Vistoria ","")&IF(COUNTIFS($C$22:$C$210,H12,$D$22:$D$210,"*Metas*",$O$22:$O$210,"<>Cancelada")>0,"Metas ","")&IF(COUNTIFS($C$22:$C$210,H12,$D$22:$D$210,"*Faltas*",$O$22:$O$210,"<>Cancelada")>0,"Faltas ","")&IF(COUNTIFS($C$22:$C$210,H12,$D$22:$D$210,"*Semanal c/*",$O$22:$O$210,"<>Cancelada")>0,"Acomp. ","")&IF(COUNTIFS($C$22:$C$210,H12,$D$22:$D$210,"*Reunião*",$O$22:$O$210,"<>Cancelada")>0,"Reunião ","")&IF(COUNTIFS($C$22:$C$210,H12,$D$22:$D$210,"*Férias*",$O$22:$O$210,"<>Cancelada")>0,"Férias ","")&IF(COUNTIFS($C$22:$C$210,H12,$D$22:$D$210,"*Mudança*",$O$22:$O$210,"<>Cancelada")>0,"M.Função ","")&IF(COUNTIFS($C$22:$C$210,H12,$D$22:$D$210,"*Treinamento*",$O$22:$O$210,"<>Cancelada")>0,"Trein. ",""))) | J13: =IF(J12="","",TRIM(IF(COUNTIFS($C$22:$C$210,J12,$D$22:$D$210,"*Erros*",$O$22:$O$210,"<>Cancelada")>0,"Erros ","")&IF(COUNTIFS($C$22:$C$210,J12,$D$22:$D$210,"*Suporte*",$O$22:$O$210,"<>Cancelada")>0,"Suporte ","")&IF(COUNTIFS($C$22:$C$210,J12,$D$22:$D$210,"*Vistoria*",$O$22:$O$210,"<>Cancelada")>0,"Vistoria ","")&IF(COUNTIFS($C$22:$C$210,J12,$D$22:$D$210,"*Metas*",$O$22:$O$210,"<>Cancelada")>0,"Metas ","")&IF(COUNTIFS($C$22:$C$210,J12,$D$22:$D$210,"*Faltas*",$O$22:$O$210,"<>Cancelada")>0,"Faltas ","")&IF(COUNTIFS($C$22:$C$210,J12,$D$22:$D$210,"*Semanal c/*",$O$22:$O$210,"<>Cancelada")>0,"Acomp. ","")&IF(COUNTIFS($C$22:$C$210,J12,$D$22:$D$210,"*Reunião*",$O$22:$O$210,"<>Cancelada")>0,"Reunião ","")&IF(COUNTIFS($C$22:$C$210,J12,$D$22:$D$210,"*Férias*",$O$22:$O$210,"<>Cancelada")>0,"Férias ","")&IF(COUNTIFS($C$22:$C$210,J12,$D$22:$D$210,"*Mudança*",$O$22:$O$210,"<>Cancelada")>0,"M.Função ","")&IF(COUNTIFS($C$22:$C$210,J12,$D$22:$D$210,"*Treinamento*",$O$22:$O$210,"<>Cancelada")>0,"Trein. ",""))) | L13: =IF(L12="","",TRIM(IF(COUNTIFS($C$22:$C$210,L12,$D$22:$D$210,"*Erros*",$O$22:$O$210,"<>Cancelada")>0,"Erros ","")&IF(COUNTIFS($C$22:$C$210,L12,$D$22:$D$210,"*Suporte*",$O$22:$O$210,"<>Cancelada")>0,"Suporte ","")&IF(COUNTIFS($C$22:$C$210,L12,$D$22:$D$210,"*Vistoria*",$O$22:$O$210,"<>Cancelada")>0,"Vistoria ","")&IF(COUNTIFS($C$22:$C$210,L12,$D$22:$D$210,"*Metas*",$O$22:$O$210,"<>Cancelada")>0,"Metas ","")&IF(COUNTIFS($C$22:$C$210,L12,$D$22:$D$210,"*Faltas*",$O$22:$O$210,"<>Cancelada")>0,"Faltas ","")&IF(COUNTIFS($C$22:$C$210,L12,$D$22:$D$210,"*Semanal c/*",$O$22:$O$210,"<>Cancelada")>0,"Acomp. ","")&IF(COUNTIFS($C$22:$C$210,L12,$D$22:$D$210,"*Reunião*",$O$22:$O$210,"<>Cancelada")>0,"Reunião ","")&IF(COUNTIFS($C$22:$C$210,L12,$D$22:$D$210,"*Férias*",$O$22:$O$210,"<>Cancelada")>0,"Férias ","")&IF(COUNTIFS($C$22:$C$210,L12,$D$22:$D$210,"*Mudança*",$O$22:$O$210,"<>Cancelada")>0,"M.Função ","")&IF(COUNTIFS($C$22:$C$210,L12,$D$22:$D$210,"*Treinamento*",$O$22:$O$210,"<>Cancelada")>0,"Trein. ",""))) | N13: =IF(N12="","",TRIM(IF(COUNTIFS($C$22:$C$210,N12,$D$22:$D$210,"*Erros*",$O$22:$O$210,"<>Cancelada")>0,"Erros ","")&IF(COUNTIFS($C$22:$C$210,N12,$D$22:$D$210,"*Suporte*",$O$22:$O$210,"<>Cancelada")>0,"Suporte ","")&IF(COUNTIFS($C$22:$C$210,N12,$D$22:$D$210,"*Vistoria*",$O$22:$O$210,"<>Cancelada")>0,"Vistoria ","")&IF(COUNTIFS($C$22:$C$210,N12,$D$22:$D$210,"*Metas*",$O$22:$O$210,"<>Cancelada")>0,"Metas ","")&IF(COUNTIFS($C$22:$C$210,N12,$D$22:$D$210,"*Faltas*",$O$22:$O$210,"<>Cancelada")>0,"Faltas ","")&IF(COUNTIFS($C$22:$C$210,N12,$D$22:$D$210,"*Semanal c/*",$O$22:$O$210,"<>Cancelada")>0,"Acomp. ","")&IF(COUNTIFS($C$22:$C$210,N12,$D$22:$D$210,"*Reunião*",$O$22:$O$210,"<>Cancelada")>0,"Reunião ","")&IF(COUNTIFS($C$22:$C$210,N12,$D$22:$D$210,"*Férias*",$O$22:$O$210,"<>Cancelada")>0,"Férias ","")&IF(COUNTIFS($C$22:$C$210,N12,$D$22:$D$210,"*Mudança*",$O$22:$O$210,"<>Cancelada")>0,"M.Função ","")&IF(COUNTIFS($C$22:$C$210,N12,$D$22:$D$210,"*Treinamento*",$O$22:$O$210,"<>Cancelada")>0,"Trein. ","")))
B14: 46257 | D14: 46258 | F14: 46259 | H14: 46260 | J14: 46261 | L14: 46262 | N14: 46263
B15: =IF(B14="","",TRIM(IF(COUNTIFS($C$22:$C$210,B14,$D$22:$D$210,"*Erros*",$O$22:$O$210,"<>Cancelada")>0,"Erros ","")&IF(COUNTIFS($C$22:$C$210,B14,$D$22:$D$210,"*Suporte*",$O$22:$O$210,"<>Cancelada")>0,"Suporte ","")&IF(COUNTIFS($C$22:$C$210,B14,$D$22:$D$210,"*Vistoria*",$O$22:$O$210,"<>Cancelada")>0,"Vistoria ","")&IF(COUNTIFS($C$22:$C$210,B14,$D$22:$D$210,"*Metas*",$O$22:$O$210,"<>Cancelada")>0,"Metas ","")&IF(COUNTIFS($C$22:$C$210,B14,$D$22:$D$210,"*Faltas*",$O$22:$O$210,"<>Cancelada")>0,"Faltas ","")&IF(COUNTIFS($C$22:$C$210,B14,$D$22:$D$210,"*Semanal c/*",$O$22:$O$210,"<>Cancelada")>0,"Acomp. ","")&IF(COUNTIFS($C$22:$C$210,B14,$D$22:$D$210,"*Reunião*",$O$22:$O$210,"<>Cancelada")>0,"Reunião ","")&IF(COUNTIFS($C$22:$C$210,B14,$D$22:$D$210,"*Férias*",$O$22:$O$210,"<>Cancelada")>0,"Férias ","")&IF(COUNTIFS($C$22:$C$210,B14,$D$22:$D$210,"*Mudança*",$O$22:$O$210,"<>Cancelada")>0,"M.Função ","")&IF(COUNTIFS($C$22:$C$210,B14,$D$22:$D$210,"*Treinamento*",$O$22:$O$210,"<>Cancelada")>0,"Trein. ",""))) | D15: =IF(D14="","",TRIM(IF(COUNTIFS($C$22:$C$210,D14,$D$22:$D$210,"*Erros*",$O$22:$O$210,"<>Cancelada")>0,"Erros ","")&IF(COUNTIFS($C$22:$C$210,D14,$D$22:$D$210,"*Suporte*",$O$22:$O$210,"<>Cancelada")>0,"Suporte ","")&IF(COUNTIFS($C$22:$C$210,D14,$D$22:$D$210,"*Vistoria*",$O$22:$O$210,"<>Cancelada")>0,"Vistoria ","")&IF(COUNTIFS($C$22:$C$210,D14,$D$22:$D$210,"*Metas*",$O$22:$O$210,"<>Cancelada")>0,"Metas ","")&IF(COUNTIFS($C$22:$C$210,D14,$D$22:$D$210,"*Faltas*",$O$22:$O$210,"<>Cancelada")>0,"Faltas ","")&IF(COUNTIFS($C$22:$C$210,D14,$D$22:$D$210,"*Semanal c/*",$O$22:$O$210,"<>Cancelada")>0,"Acomp. ","")&IF(COUNTIFS($C$22:$C$210,D14,$D$22:$D$210,"*Reunião*",$O$22:$O$210,"<>Cancelada")>0,"Reunião ","")&IF(COUNTIFS($C$22:$C$210,D14,$D$22:$D$210,"*Férias*",$O$22:$O$210,"<>Cancelada")>0,"Férias ","")&IF(COUNTIFS($C$22:$C$210,D14,$D$22:$D$210,"*Mudança*",$O$22:$O$210,"<>Cancelada")>0,"M.Função ","")&IF(COUNTIFS($C$22:$C$210,D14,$D$22:$D$210,"*Treinamento*",$O$22:$O$210,"<>Cancelada")>0,"Trein. ",""))) | F15: =IF(F14="","",TRIM(IF(COUNTIFS($C$22:$C$210,F14,$D$22:$D$210,"*Erros*",$O$22:$O$210,"<>Cancelada")>0,"Erros ","")&IF(COUNTIFS($C$22:$C$210,F14,$D$22:$D$210,"*Suporte*",$O$22:$O$210,"<>Cancelada")>0,"Suporte ","")&IF(COUNTIFS($C$22:$C$210,F14,$D$22:$D$210,"*Vistoria*",$O$22:$O$210,"<>Cancelada")>0,"Vistoria ","")&IF(COUNTIFS($C$22:$C$210,F14,$D$22:$D$210,"*Metas*",$O$22:$O$210,"<>Cancelada")>0,"Metas ","")&IF(COUNTIFS($C$22:$C$210,F14,$D$22:$D$210,"*Faltas*",$O$22:$O$210,"<>Cancelada")>0,"Faltas ","")&IF(COUNTIFS($C$22:$C$210,F14,$D$22:$D$210,"*Semanal c/*",$O$22:$O$210,"<>Cancelada")>0,"Acomp. ","")&IF(COUNTIFS($C$22:$C$210,F14,$D$22:$D$210,"*Reunião*",$O$22:$O$210,"<>Cancelada")>0,"Reunião ","")&IF(COUNTIFS($C$22:$C$210,F14,$D$22:$D$210,"*Férias*",$O$22:$O$210,"<>Cancelada")>0,"Férias ","")&IF(COUNTIFS($C$22:$C$210,F14,$D$22:$D$210,"*Mudança*",$O$22:$O$210,"<>Cancelada")>0,"M.Função ","")&IF(COUNTIFS($C$22:$C$210,F14,$D$22:$D$210,"*Treinamento*",$O$22:$O$210,"<>Cancelada")>0,"Trein. ",""))) | H15: =IF(H14="","",TRIM(IF(COUNTIFS($C$22:$C$210,H14,$D$22:$D$210,"*Erros*",$O$22:$O$210,"<>Cancelada")>0,"Erros ","")&IF(COUNTIFS($C$22:$C$210,H14,$D$22:$D$210,"*Suporte*",$O$22:$O$210,"<>Cancelada")>0,"Suporte ","")&IF(COUNTIFS($C$22:$C$210,H14,$D$22:$D$210,"*Vistoria*",$O$22:$O$210,"<>Cancelada")>0,"Vistoria ","")&IF(COUNTIFS($C$22:$C$210,H14,$D$22:$D$210,"*Metas*",$O$22:$O$210,"<>Cancelada")>0,"Metas ","")&IF(COUNTIFS($C$22:$C$210,H14,$D$22:$D$210,"*Faltas*",$O$22:$O$210,"<>Cancelada")>0,"Faltas ","")&IF(COUNTIFS($C$22:$C$210,H14,$D$22:$D$210,"*Semanal c/*",$O$22:$O$210,"<>Cancelada")>0,"Acomp. ","")&IF(COUNTIFS($C$22:$C$210,H14,$D$22:$D$210,"*Reunião*",$O$22:$O$210,"<>Cancelada")>0,"Reunião ","")&IF(COUNTIFS($C$22:$C$210,H14,$D$22:$D$210,"*Férias*",$O$22:$O$210,"<>Cancelada")>0,"Férias ","")&IF(COUNTIFS($C$22:$C$210,H14,$D$22:$D$210,"*Mudança*",$O$22:$O$210,"<>Cancelada")>0,"M.Função ","")&IF(COUNTIFS($C$22:$C$210,H14,$D$22:$D$210,"*Treinamento*",$O$22:$O$210,"<>Cancelada")>0,"Trein. ",""))) | J15: =IF(J14="","",TRIM(IF(COUNTIFS($C$22:$C$210,J14,$D$22:$D$210,"*Erros*",$O$22:$O$210,"<>Cancelada")>0,"Erros ","")&IF(COUNTIFS($C$22:$C$210,J14,$D$22:$D$210,"*Suporte*",$O$22:$O$210,"<>Cancelada")>0,"Suporte ","")&IF(COUNTIFS($C$22:$C$210,J14,$D$22:$D$210,"*Vistoria*",$O$22:$O$210,"<>Cancelada")>0,"Vistoria ","")&IF(COUNTIFS($C$22:$C$210,J14,$D$22:$D$210,"*Metas*",$O$22:$O$210,"<>Cancelada")>0,"Metas ","")&IF(COUNTIFS($C$22:$C$210,J14,$D$22:$D$210,"*Faltas*",$O$22:$O$210,"<>Cancelada")>0,"Faltas ","")&IF(COUNTIFS($C$22:$C$210,J14,$D$22:$D$210,"*Semanal c/*",$O$22:$O$210,"<>Cancelada")>0,"Acomp. ","")&IF(COUNTIFS($C$22:$C$210,J14,$D$22:$D$210,"*Reunião*",$O$22:$O$210,"<>Cancelada")>0,"Reunião ","")&IF(COUNTIFS($C$22:$C$210,J14,$D$22:$D$210,"*Férias*",$O$22:$O$210,"<>Cancelada")>0,"Férias ","")&IF(COUNTIFS($C$22:$C$210,J14,$D$22:$D$210,"*Mudança*",$O$22:$O$210,"<>Cancelada")>0,"M.Função ","")&IF(COUNTIFS($C$22:$C$210,J14,$D$22:$D$210,"*Treinamento*",$O$22:$O$210,"<>Cancelada")>0,"Trein. ",""))) | L15: =IF(L14="","",TRIM(IF(COUNTIFS($C$22:$C$210,L14,$D$22:$D$210,"*Erros*",$O$22:$O$210,"<>Cancelada")>0,"Erros ","")&IF(COUNTIFS($C$22:$C$210,L14,$D$22:$D$210,"*Suporte*",$O$22:$O$210,"<>Cancelada")>0,"Suporte ","")&IF(COUNTIFS($C$22:$C$210,L14,$D$22:$D$210,"*Vistoria*",$O$22:$O$210,"<>Cancelada")>0,"Vistoria ","")&IF(COUNTIFS($C$22:$C$210,L14,$D$22:$D$210,"*Metas*",$O$22:$O$210,"<>Cancelada")>0,"Metas ","")&IF(COUNTIFS($C$22:$C$210,L14,$D$22:$D$210,"*Faltas*",$O$22:$O$210,"<>Cancelada")>0,"Faltas ","")&IF(COUNTIFS($C$22:$C$210,L14,$D$22:$D$210,"*Semanal c/*",$O$22:$O$210,"<>Cancelada")>0,"Acomp. ","")&IF(COUNTIFS($C$22:$C$210,L14,$D$22:$D$210,"*Reunião*",$O$22:$O$210,"<>Cancelada")>0,"Reunião ","")&IF(COUNTIFS($C$22:$C$210,L14,$D$22:$D$210,"*Férias*",$O$22:$O$210,"<>Cancelada")>0,"Férias ","")&IF(COUNTIFS($C$22:$C$210,L14,$D$22:$D$210,"*Mudança*",$O$22:$O$210,"<>Cancelada")>0,"M.Função ","")&IF(COUNTIFS($C$22:$C$210,L14,$D$22:$D$210,"*Treinamento*",$O$22:$O$210,"<>Cancelada")>0,"Trein. ",""))) | N15: =IF(N14="","",TRIM(IF(COUNTIFS($C$22:$C$210,N14,$D$22:$D$210,"*Erros*",$O$22:$O$210,"<>Cancelada")>0,"Erros ","")&IF(COUNTIFS($C$22:$C$210,N14,$D$22:$D$210,"*Suporte*",$O$22:$O$210,"<>Cancelada")>0,"Suporte ","")&IF(COUNTIFS($C$22:$C$210,N14,$D$22:$D$210,"*Vistoria*",$O$22:$O$210,"<>Cancelada")>0,"Vistoria ","")&IF(COUNTIFS($C$22:$C$210,N14,$D$22:$D$210,"*Metas*",$O$22:$O$210,"<>Cancelada")>0,"Metas ","")&IF(COUNTIFS($C$22:$C$210,N14,$D$22:$D$210,"*Faltas*",$O$22:$O$210,"<>Cancelada")>0,"Faltas ","")&IF(COUNTIFS($C$22:$C$210,N14,$D$22:$D$210,"*Semanal c/*",$O$22:$O$210,"<>Cancelada")>0,"Acomp. ","")&IF(COUNTIFS($C$22:$C$210,N14,$D$22:$D$210,"*Reunião*",$O$22:$O$210,"<>Cancelada")>0,"Reunião ","")&IF(COUNTIFS($C$22:$C$210,N14,$D$22:$D$210,"*Férias*",$O$22:$O$210,"<>Cancelada")>0,"Férias ","")&IF(COUNTIFS($C$22:$C$210,N14,$D$22:$D$210,"*Mudança*",$O$22:$O$210,"<>Cancelada")>0,"M.Função ","")&IF(COUNTIFS($C$22:$C$210,N14,$D$22:$D$210,"*Treinamento*",$O$22:$O$210,"<>Cancelada")>0,"Trein. ","")))
B16: 46264 | D16: 46265
B17: =IF(B16="","",TRIM(IF(COUNTIFS($C$22:$C$210,B16,$D$22:$D$210,"*Erros*",$O$22:$O$210,"<>Cancelada")>0,"Erros ","")&IF(COUNTIFS($C$22:$C$210,B16,$D$22:$D$210,"*Suporte*",$O$22:$O$210,"<>Cancelada")>0,"Suporte ","")&IF(COUNTIFS($C$22:$C$210,B16,$D$22:$D$210,"*Vistoria*",$O$22:$O$210,"<>Cancelada")>0,"Vistoria ","")&IF(COUNTIFS($C$22:$C$210,B16,$D$22:$D$210,"*Metas*",$O$22:$O$210,"<>Cancelada")>0,"Metas ","")&IF(COUNTIFS($C$22:$C$210,B16,$D$22:$D$210,"*Faltas*",$O$22:$O$210,"<>Cancelada")>0,"Faltas ","")&IF(COUNTIFS($C$22:$C$210,B16,$D$22:$D$210,"*Semanal c/*",$O$22:$O$210,"<>Cancelada")>0,"Acomp. ","")&IF(COUNTIFS($C$22:$C$210,B16,$D$22:$D$210,"*Reunião*",$O$22:$O$210,"<>Cancelada")>0,"Reunião ","")&IF(COUNTIFS($C$22:$C$210,B16,$D$22:$D$210,"*Férias*",$O$22:$O$210,"<>Cancelada")>0,"Férias ","")&IF(COUNTIFS($C$22:$C$210,B16,$D$22:$D$210,"*Mudança*",$O$22:$O$210,"<>Cancelada")>0,"M.Função ","")&IF(COUNTIFS($C$22:$C$210,B16,$D$22:$D$210,"*Treinamento*",$O$22:$O$210,"<>Cancelada")>0,"Trein. ",""))) | D17: =IF(D16="","",TRIM(IF(COUNTIFS($C$22:$C$210,D16,$D$22:$D$210,"*Erros*",$O$22:$O$210,"<>Cancelada")>0,"Erros ","")&IF(COUNTIFS($C$22:$C$210,D16,$D$22:$D$210,"*Suporte*",$O$22:$O$210,"<>Cancelada")>0,"Suporte ","")&IF(COUNTIFS($C$22:$C$210,D16,$D$22:$D$210,"*Vistoria*",$O$22:$O$210,"<>Cancelada")>0,"Vistoria ","")&IF(COUNTIFS($C$22:$C$210,D16,$D$22:$D$210,"*Metas*",$O$22:$O$210,"<>Cancelada")>0,"Metas ","")&IF(COUNTIFS($C$22:$C$210,D16,$D$22:$D$210,"*Faltas*",$O$22:$O$210,"<>Cancelada")>0,"Faltas ","")&IF(COUNTIFS($C$22:$C$210,D16,$D$22:$D$210,"*Semanal c/*",$O$22:$O$210,"<>Cancelada")>0,"Acomp. ","")&IF(COUNTIFS($C$22:$C$210,D16,$D$22:$D$210,"*Reunião*",$O$22:$O$210,"<>Cancelada")>0,"Reunião ","")&IF(COUNTIFS($C$22:$C$210,D16,$D$22:$D$210,"*Férias*",$O$22:$O$210,"<>Cancelada")>0,"Férias ","")&IF(COUNTIFS($C$22:$C$210,D16,$D$22:$D$210,"*Mudança*",$O$22:$O$210,"<>Cancelada")>0,"M.Função ","")&IF(COUNTIFS($C$22:$C$210,D16,$D$22:$D$210,"*Treinamento*",$O$22:$O$210,"<>Cancelada")>0,"Trein. ","")))
B18: Amarelo = hoje - Azul = dia com prazo - SEX = reunião com a gerência - Acomp. = Acompanhamento c/ Supervisores - M.Função = Mudança de Função - Trein. = Treinamento programado
A20: GESTÃO DE ATIVIDADES — coordenador: selecione a linha e use o menu GSL Bartofil > Anexar entrega (ou cole o link na coluna LINK DO ANEXO)
A21: ID | B21: SEMANA | C21: PRAZO | D21: ATIVIDADE | G21: TURNO | H21: COORDENADOR | J21: SETOR (vistoria) | L21: LINK DO ANEXO (ENTREGA) | N21: ENTREGUE EM | O21: VALIDAÇÃO | P21: MOTIVO REPROV. / CANCEL. | R21: STATUS | S21: fL | T21: fA | U21: fE
A22: AGO-S32-ERR-A | B22: S32 | C22: 46237 | D22: Levantamento de Erros Operacionais | G22: A | H22: =IF($G22="A",CONFIG!$B$5,IF($G22="B",CONFIG!$B$6,IF($G22="C",CONFIG!$B$7,IF($G22="Todos","Todos os turnos","")))) | J22: — | R22: =IF($C22="","",IF($O22="Cancelada","Cancelada",IF($O22="Reprovado","Reprovada",IF($O22="Aprovado","Aprovada",IF($L22<>"","Entregue",IF(TODAY()>$C22,"Atrasada","Pendente"))))))
A23: AGO-S32-ERR-B | B23: S32 | C23: 46237 | D23: Levantamento de Erros Operacionais | G23: B | H23: =IF($G23="A",CONFIG!$B$5,IF($G23="B",CONFIG!$B$6,IF($G23="C",CONFIG!$B$7,IF($G23="Todos","Todos os turnos","")))) | J23: — | R23: =IF($C23="","",IF($O23="Cancelada","Cancelada",IF($O23="Reprovado","Reprovada",IF($O23="Aprovado","Aprovada",IF($L23<>"","Entregue",IF(TODAY()>$C23,"Atrasada","Pendente"))))))
A24: AGO-S32-ERR-C | B24: S32 | C24: 46237 | D24: Levantamento de Erros Operacionais | G24: C | H24: =IF($G24="A",CONFIG!$B$5,IF($G24="B",CONFIG!$B$6,IF($G24="C",CONFIG!$B$7,IF($G24="Todos","Todos os turnos","")))) | J24: — | R24: =IF($C24="","",IF($O24="Cancelada","Cancelada",IF($O24="Reprovado","Reprovada",IF($O24="Aprovado","Aprovada",IF($L24<>"","Entregue",IF(TODAY()>$C24,"Atrasada","Pendente"))))))
A25: AGO-S32-SUP-A | B25: S32 | C25: 46238 | D25: Suporte de Supervisores | G25: A | H25: =IF($G25="A",CONFIG!$B$5,IF($G25="B",CONFIG!$B$6,IF($G25="C",CONFIG!$B$7,IF($G25="Todos","Todos os turnos","")))) | J25: — | R25: =IF($C25="","",IF($O25="Cancelada","Cancelada",IF($O25="Reprovado","Reprovada",IF($O25="Aprovado","Aprovada",IF($L25<>"","Entregue",IF(TODAY()>$C25,"Atrasada","Pendente"))))))
A26: AGO-S32-SUP-B | B26: S32 | C26: 46238 | D26: Suporte de Supervisores | G26: B | H26: =IF($G26="A",CONFIG!$B$5,IF($G26="B",CONFIG!$B$6,IF($G26="C",CONFIG!$B$7,IF($G26="Todos","Todos os turnos","")))) | J26: — | R26: =IF($C26="","",IF($O26="Cancelada","Cancelada",IF($O26="Reprovado","Reprovada",IF($O26="Aprovado","Aprovada",IF($L26<>"","Entregue",IF(TODAY()>$C26,"Atrasada","Pendente"))))))
A27: AGO-S32-SUP-C | B27: S32 | C27: 46238 | D27: Suporte de Supervisores | G27: C | H27: =IF($G27="A",CONFIG!$B$5,IF($G27="B",CONFIG!$B$6,IF($G27="C",CONFIG!$B$7,IF($G27="Todos","Todos os turnos","")))) | J27: — | R27: =IF($C27="","",IF($O27="Cancelada","Cancelada",IF($O27="Reprovado","Reprovada",IF($O27="Aprovado","Aprovada",IF($L27<>"","Entregue",IF(TODAY()>$C27,"Atrasada","Pendente"))))))
A28: AGO-S32-VIS-A | B28: S32 | C28: 46239 | D28: Acomp. Organizacional Setorial (Vistoria) | G28: A | H28: =IF($G28="A",CONFIG!$B$5,IF($G28="B",CONFIG!$B$6,IF($G28="C",CONFIG!$B$7,IF($G28="Todos","Todos os turnos","")))) | R28: =IF($C28="","",IF($O28="Cancelada","Cancelada",IF($O28="Reprovado","Reprovada",IF($O28="Aprovado","Aprovada",IF($L28<>"","Entregue",IF(TODAY()>$C28,"Atrasada","Pendente"))))))
A29: AGO-S32-VIS-B | B29: S32 | C29: 46239 | D29: Acomp. Organizacional Setorial (Vistoria) | G29: B | H29: =IF($G29="A",CONFIG!$B$5,IF($G29="B",CONFIG!$B$6,IF($G29="C",CONFIG!$B$7,IF($G29="Todos","Todos os turnos","")))) | R29: =IF($C29="","",IF($O29="Cancelada","Cancelada",IF($O29="Reprovado","Reprovada",IF($O29="Aprovado","Aprovada",IF($L29<>"","Entregue",IF(TODAY()>$C29,"Atrasada","Pendente"))))))
A30: AGO-S32-VIS-C | B30: S32 | C30: 46239 | D30: Acomp. Organizacional Setorial (Vistoria) | G30: C | H30: =IF($G30="A",CONFIG!$B$5,IF($G30="B",CONFIG!$B$6,IF($G30="C",CONFIG!$B$7,IF($G30="Todos","Todos os turnos","")))) | R30: =IF($C30="","",IF($O30="Cancelada","Cancelada",IF($O30="Reprovado","Reprovada",IF($O30="Aprovado","Aprovada",IF($L30<>"","Entregue",IF(TODAY()>$C30,"Atrasada","Pendente"))))))
A31: AGO-S32-MET-A | B31: S32 | C31: 46240 | D31: Metas | G31: A | H31: =IF($G31="A",CONFIG!$B$5,IF($G31="B",CONFIG!$B$6,IF($G31="C",CONFIG!$B$7,IF($G31="Todos","Todos os turnos","")))) | J31: — | R31: =IF($C31="","",IF($O31="Cancelada","Cancelada",IF($O31="Reprovado","Reprovada",IF($O31="Aprovado","Aprovada",IF($L31<>"","Entregue",IF(TODAY()>$C31,"Atrasada","Pendente"))))))
A32: AGO-S32-MET-B | B32: S32 | C32: 46240 | D32: Metas | G32: B | H32: =IF($G32="A",CONFIG!$B$5,IF($G32="B",CONFIG!$B$6,IF($G32="C",CONFIG!$B$7,IF($G32="Todos","Todos os turnos","")))) | J32: — | R32: =IF($C32="","",IF($O32="Cancelada","Cancelada",IF($O32="Reprovado","Reprovada",IF($O32="Aprovado","Aprovada",IF($L32<>"","Entregue",IF(TODAY()>$C32,"Atrasada","Pendente"))))))
A33: AGO-S32-MET-C | B33: S32 | C33: 46240 | D33: Metas | G33: C | H33: =IF($G33="A",CONFIG!$B$5,IF($G33="B",CONFIG!$B$6,IF($G33="C",CONFIG!$B$7,IF($G33="Todos","Todos os turnos","")))) | J33: — | R33: =IF($C33="","",IF($O33="Cancelada","Cancelada",IF($O33="Reprovado","Reprovada",IF($O33="Aprovado","Aprovada",IF($L33<>"","Entregue",IF(TODAY()>$C33,"Atrasada","Pendente"))))))
A34: AGO-S32-ACO-A | B34: S32 | C34: 46241 | D34: Acompanhamento Semanal c/ Supervisores | G34: A | H34: =IF($G34="A",CONFIG!$B$5,IF($G34="B",CONFIG!$B$6,IF($G34="C",CONFIG!$B$7,IF($G34="Todos","Todos os turnos","")))) | J34: — | R34: =IF($C34="","",IF($O34="Cancelada","Cancelada",IF($O34="Reprovado","Reprovada",IF($O34="Aprovado","Aprovada",IF($L34<>"","Entregue",IF(TODAY()>$C34,"Atrasada","Pendente"))))))
A35: AGO-S32-ACO-B | B35: S32 | C35: 46241 | D35: Acompanhamento Semanal c/ Supervisores | G35: B | H35: =IF($G35="A",CONFIG!$B$5,IF($G35="B",CONFIG!$B$6,IF($G35="C",CONFIG!$B$7,IF($G35="Todos","Todos os turnos","")))) | J35: — | R35: =IF($C35="","",IF($O35="Cancelada","Cancelada",IF($O35="Reprovado","Reprovada",IF($O35="Aprovado","Aprovada",IF($L35<>"","Entregue",IF(TODAY()>$C35,"Atrasada","Pendente"))))))
A36: AGO-S32-ACO-C | B36: S32 | C36: 46241 | D36: Acompanhamento Semanal c/ Supervisores | G36: C | H36: =IF($G36="A",CONFIG!$B$5,IF($G36="B",CONFIG!$B$6,IF($G36="C",CONFIG!$B$7,IF($G36="Todos","Todos os turnos","")))) | J36: — | R36: =IF($C36="","",IF($O36="Cancelada","Cancelada",IF($O36="Reprovado","Reprovada",IF($O36="Aprovado","Aprovada",IF($L36<>"","Entregue",IF(TODAY()>$C36,"Atrasada","Pendente"))))))
A37: AGO-S32-FAL-A | B37: S32 | C37: 46241 | D37: Faltas e Atestados | G37: A | H37: =IF($G37="A",CONFIG!$B$5,IF($G37="B",CONFIG!$B$6,IF($G37="C",CONFIG!$B$7,IF($G37="Todos","Todos os turnos","")))) | J37: — | R37: =IF($C37="","",IF($O37="Cancelada","Cancelada",IF($O37="Reprovado","Reprovada",IF($O37="Aprovado","Aprovada",IF($L37<>"","Entregue",IF(TODAY()>$C37,"Atrasada","Pendente"))))))
A38: AGO-S32-FAL-B | B38: S32 | C38: 46241 | D38: Faltas e Atestados | G38: B | H38: =IF($G38="A",CONFIG!$B$5,IF($G38="B",CONFIG!$B$6,IF($G38="C",CONFIG!$B$7,IF($G38="Todos","Todos os turnos","")))) | J38: — | R38: =IF($C38="","",IF($O38="Cancelada","Cancelada",IF($O38="Reprovado","Reprovada",IF($O38="Aprovado","Aprovada",IF($L38<>"","Entregue",IF(TODAY()>$C38,"Atrasada","Pendente"))))))
A39: AGO-S32-FAL-C | B39: S32 | C39: 46241 | D39: Faltas e Atestados | G39: C | H39: =IF($G39="A",CONFIG!$B$5,IF($G39="B",CONFIG!$B$6,IF($G39="C",CONFIG!$B$7,IF($G39="Todos","Todos os turnos","")))) | J39: — | R39: =IF($C39="","",IF($O39="Cancelada","Cancelada",IF($O39="Reprovado","Reprovada",IF($O39="Aprovado","Aprovada",IF($L39<>"","Entregue",IF(TODAY()>$C39,"Atrasada","Pendente"))))))
A40: AGO-S32-REU-T | B40: S32 | C40: 46241 | D40: Reunião Semanal com a Gerência | G40: Todos | H40: =IF($G40="A",CONFIG!$B$5,IF($G40="B",CONFIG!$B$6,IF($G40="C",CONFIG!$B$7,IF($G40="Todos","Todos os turnos","")))) | J40: — | R40: =IF($C40="","",IF($O40="Cancelada","Cancelada",IF($O40="Reprovado","Reprovada",IF($O40="Aprovado","Aprovada",IF($L40<>"","Entregue",IF(TODAY()>$C40,"Atrasada","Pendente"))))))
A41: AGO-S32-FER-A | B41: S32 | C41: 46237 | D41: Programação de Férias (mensal) | G41: A | H41: =IF($G41="A",CONFIG!$B$5,IF($G41="B",CONFIG!$B$6,IF($G41="C",CONFIG!$B$7,IF($G41="Todos","Todos os turnos","")))) | J41: — | R41: =IF($C41="","",IF($O41="Cancelada","Cancelada",IF($O41="Reprovado","Reprovada",IF($O41="Aprovado","Aprovada",IF($L41<>"","Entregue",IF(TODAY()>$C41,"Atrasada","Pendente"))))))
A42: AGO-S32-FER-B | B42: S32 | C42: 46237 | D42: Programação de Férias (mensal) | G42: B | H42: =IF($G42="A",CONFIG!$B$5,IF($G42="B",CONFIG!$B$6,IF($G42="C",CONFIG!$B$7,IF($G42="Todos","Todos os turnos","")))) | J42: — | R42: =IF($C42="","",IF($O42="Cancelada","Cancelada",IF($O42="Reprovado","Reprovada",IF($O42="Aprovado","Aprovada",IF($L42<>"","Entregue",IF(TODAY()>$C42,"Atrasada","Pendente"))))))
... A49: AGO-S33-SUP-C | B49: S33 | C49: 46245 | D49: Suporte de Supervisores | G49: C | H49: =IF($G49="A",CONFIG!$B$5,IF($G49="B",CONFIG!$B$6,IF($G49="C",CONFIG!$B$7,IF($G49="Todos","Todos os turnos","")))) | J49: — | R49: =IF($C49="","",IF($O49="Cancelada","Cancelada",IF($O49="Reprovado","Reprovada",IF($O49="Aprovado","Aprovada",IF($L49<>"","Entregue",IF(TODAY()>$C49,"Atrasada","Pendente"))))))
A50: AGO-S33-VIS-A | B50: S33 | C50: 46246 | D50: Acomp. Organizacional Setorial (Vistoria) | G50: A | H50: =IF($G50="A",CONFIG!$B$5,IF($G50="B",CONFIG!$B$6,IF($G50="C",CONFIG!$B$7,IF($G50="Todos","Todos os turnos","")))) | R50: =IF($C50="","",IF($O50="Cancelada","Cancelada",IF($O50="Reprovado","Reprovada",IF($O50="Aprovado","Aprovada",IF($L50<>"","Entregue",IF(TODAY()>$C50,"Atrasada","Pendente"))))))
A51: AGO-S33-VIS-B | B51: S33 | C51: 46246 | D51: Acomp. Organizacional Setorial (Vistoria) | G51: B | H51: =IF($G51="A",CONFIG!$B$5,IF($G51="B",CONFIG!$B$6,IF($G51="C",CONFIG!$B$7,IF($G51="Todos","Todos os turnos","")))) | R51: =IF($C51="","",IF($O51="Cancelada","Cancelada",IF($O51="Reprovado","Reprovada",IF($O51="Aprovado","Aprovada",IF($L51<>"","Entregue",IF(TODAY()>$C51,"Atrasada","Pendente"))))))
A52: AGO-S33-VIS-C | B52: S33 | C52: 46246 | D52: Acomp. Organizacional Setorial (Vistoria) | G52: C | H52: =IF($G52="A",CONFIG!$B$5,IF($G52="B",CONFIG!$B$6,IF($G52="C",CONFIG!$B$7,IF($G52="Todos","Todos os turnos","")))) | R52: =IF($C52="","",IF($O52="Cancelada","Cancelada",IF($O52="Reprovado","Reprovada",IF($O52="Aprovado","Aprovada",IF($L52<>"","Entregue",IF(TODAY()>$C52,"Atrasada","Pendente"))))))
A53: AGO-S33-MET-A | B53: S33 | C53: 46247 | D53: Metas | G53: A | H53: =IF($G53="A",CONFIG!$B$5,IF($G53="B",CONFIG!$B$6,IF($G53="C",CONFIG!$B$7,IF($G53="Todos","Todos os turnos","")))) | J53: — | R53: =IF($C53="","",IF($O53="Cancelada","Cancelada",IF($O53="Reprovado","Reprovada",IF($O53="Aprovado","Aprovada",IF($L53<>"","Entregue",IF(TODAY()>$C53,"Atrasada","Pendente"))))))
A54: AGO-S33-MET-B | B54: S33 | C54: 46247 | D54: Metas | G54: B | H54: =IF($G54="A",CONFIG!$B$5,IF($G54="B",CONFIG!$B$6,IF($G54="C",CONFIG!$B$7,IF($G54="Todos","Todos os turnos","")))) | J54: — | R54: =IF($C54="","",IF($O54="Cancelada","Cancelada",IF($O54="Reprovado","Reprovada",IF($O54="Aprovado","Aprovada",IF($L54<>"","Entregue",IF(TODAY()>$C54,"Atrasada","Pendente"))))))
A55: AGO-S33-MET-C | B55: S33 | C55: 46247 | D55: Metas | G55: C | H55: =IF($G55="A",CONFIG!$B$5,IF($G55="B",CONFIG!$B$6,IF($G55="C",CONFIG!$B$7,IF($G55="Todos","Todos os turnos","")))) | J55: — | R55: =IF($C55="","",IF($O55="Cancelada","Cancelada",IF($O55="Reprovado","Reprovada",IF($O55="Aprovado","Aprovada",IF($L55<>"","Entregue",IF(TODAY()>$C55,"Atrasada","Pendente"))))))
A56: AGO-S33-ACO-A | B56: S33 | C56: 46248 | D56: Acompanhamento Semanal c/ Supervisores | G56: A | H56: =IF($G56="A",CONFIG!$B$5,IF($G56="B",CONFIG!$B$6,IF($G56="C",CONFIG!$B$7,IF($G56="Todos","Todos os turnos","")))) | J56: — | R56: =IF($C56="","",IF($O56="Cancelada","Cancelada",IF($O56="Reprovado","Reprovada",IF($O56="Aprovado","Aprovada",IF($L56<>"","Entregue",IF(TODAY()>$C56,"Atrasada","Pendente"))))))
A57: AGO-S33-ACO-B | B57: S33 | C57: 46248 | D57: Acompanhamento Semanal c/ Supervisores | G57: B | H57: =IF($G57="A",CONFIG!$B$5,IF($G57="B",CONFIG!$B$6,IF($G57="C",CONFIG!$B$7,IF($G57="Todos","Todos os turnos","")))) | J57: — | R57: =IF($C57="","",IF($O57="Cancelada","Cancelada",IF($O57="Reprovado","Reprovada",IF($O57="Aprovado","Aprovada",IF($L57<>"","Entregue",IF(TODAY()>$C57,"Atrasada","Pendente"))))))
A58: AGO-S33-ACO-C | B58: S33 | C58: 46248 | D58: Acompanhamento Semanal c/ Supervisores | G58: C | H58: =IF($G58="A",CONFIG!$B$5,IF($G58="B",CONFIG!$B$6,IF($G58="C",CONFIG!$B$7,IF($G58="Todos","Todos os turnos","")))) | J58: — | R58: =IF($C58="","",IF($O58="Cancelada","Cancelada",IF($O58="Reprovado","Reprovada",IF($O58="Aprovado","Aprovada",IF($L58<>"","Entregue",IF(TODAY()>$C58,"Atrasada","Pendente"))))))
A59: AGO-S33-FAL-A | B59: S33 | C59: 46248 | D59: Faltas e Atestados | G59: A | H59: =IF($G59="A",CONFIG!$B$5,IF($G59="B",CONFIG!$B$6,IF($G59="C",CONFIG!$B$7,IF($G59="Todos","Todos os turnos","")))) | J59: — | R59: =IF($C59="","",IF($O59="Cancelada","Cancelada",IF($O59="Reprovado","Reprovada",IF($O59="Aprovado","Aprovada",IF($L59<>"","Entregue",IF(TODAY()>$C59,"Atrasada","Pendente"))))))
A60: AGO-S33-FAL-B | B60: S33 | C60: 46248 | D60: Faltas e Atestados | G60: B | H60: =IF($G60="A",CONFIG!$B$5,IF($G60="B",CONFIG!$B$6,IF($G60="C",CONFIG!$B$7,IF($G60="Todos","Todos os turnos","")))) | J60: — | R60: =IF($C60="","",IF($O60="Cancelada","Cancelada",IF($O60="Reprovado","Reprovada",IF($O60="Aprovado","Aprovada",IF($L60<>"","Entregue",IF(TODAY()>$C60,"Atrasada","Pendente"))))))
A61: AGO-S33-FAL-C | B61: S33 | C61: 46248 | D61: Faltas e Atestados | G61: C | H61: =IF($G61="A",CONFIG!$B$5,IF($G61="B",CONFIG!$B$6,IF($G61="C",CONFIG!$B$7,IF($G61="Todos","Todos os turnos","")))) | J61: — | R61: =IF($C61="","",IF($O61="Cancelada","Cancelada",IF($O61="Reprovado","Reprovada",IF($O61="Aprovado","Aprovada",IF($L61<>"","Entregue",IF(TODAY()>$C61,"Atrasada","Pendente"))))))
A62: AGO-S33-REU-T | B62: S33 | C62: 46248 | D62: Reunião Semanal com a Gerência | G62: Todos | H62: =IF($G62="A",CONFIG!$B$5,IF($G62="B",CONFIG!$B$6,IF($G62="C",CONFIG!$B$7,IF($G62="Todos","Todos os turnos","")))) | J62: — | R62: =IF($C62="","",IF($O62="Cancelada","Cancelada",IF($O62="Reprovado","Reprovada",IF($O62="Aprovado","Aprovada",IF($L62<>"","Entregue",IF(TODAY()>$C62,"Atrasada","Pendente"))))))
A63: AGO-S34-ERR-A | B63: S34 | C63: 46251 | D63: Levantamento de Erros Operacionais | G63: A | H63: =IF($G63="A",CONFIG!$B$5,IF($G63="B",CONFIG!$B$6,IF($G63="C",CONFIG!$B$7,IF($G63="Todos","Todos os turnos","")))) | J63: — | R63: =IF($C63="","",IF($O63="Cancelada","Cancelada",IF($O63="Reprovado","Reprovada",IF($O63="Aprovado","Aprovada",IF($L63<>"","Entregue",IF(TODAY()>$C63,"Atrasada","Pendente"))))))
A64: AGO-S34-ERR-B | B64: S34 | C64: 46251 | D64: Levantamento de Erros Operacionais | G64: B | H64: =IF($G64="A",CONFIG!$B$5,IF($G64="B",CONFIG!$B$6,IF($G64="C",CONFIG!$B$7,IF($G64="Todos","Todos os turnos","")))) | J64: — | R64: =IF($C64="","",IF($O64="Cancelada","Cancelada",IF($O64="Reprovado","Reprovada",IF($O64="Aprovado","Aprovada",IF($L64<>"","Entregue",IF(TODAY()>$C64,"Atrasada","Pendente"))))))
... A68: AGO-S34-SUP-C | B68: S34 | C68: 46252 | D68: Suporte de Supervisores | G68: C | H68: =IF($G68="A",CONFIG!$B$5,IF($G68="B",CONFIG!$B$6,IF($G68="C",CONFIG!$B$7,IF($G68="Todos","Todos os turnos","")))) | J68: — | R68: =IF($C68="","",IF($O68="Cancelada","Cancelada",IF($O68="Reprovado","Reprovada",IF($O68="Aprovado","Aprovada",IF($L68<>"","Entregue",IF(TODAY()>$C68,"Atrasada","Pendente"))))))
A69: AGO-S34-VIS-A | B69: S34 | C69: 46253 | D69: Acomp. Organizacional Setorial (Vistoria) | G69: A | H69: =IF($G69="A",CONFIG!$B$5,IF($G69="B",CONFIG!$B$6,IF($G69="C",CONFIG!$B$7,IF($G69="Todos","Todos os turnos","")))) | R69: =IF($C69="","",IF($O69="Cancelada","Cancelada",IF($O69="Reprovado","Reprovada",IF($O69="Aprovado","Aprovada",IF($L69<>"","Entregue",IF(TODAY()>$C69,"Atrasada","Pendente"))))))
A70: AGO-S34-VIS-B | B70: S34 | C70: 46253 | D70: Acomp. Organizacional Setorial (Vistoria) | G70: B | H70: =IF($G70="A",CONFIG!$B$5,IF($G70="B",CONFIG!$B$6,IF($G70="C",CONFIG!$B$7,IF($G70="Todos","Todos os turnos","")))) | R70: =IF($C70="","",IF($O70="Cancelada","Cancelada",IF($O70="Reprovado","Reprovada",IF($O70="Aprovado","Aprovada",IF($L70<>"","Entregue",IF(TODAY()>$C70,"Atrasada","Pendente"))))))
A71: AGO-S34-VIS-C | B71: S34 | C71: 46253 | D71: Acomp. Organizacional Setorial (Vistoria) | G71: C | H71: =IF($G71="A",CONFIG!$B$5,IF($G71="B",CONFIG!$B$6,IF($G71="C",CONFIG!$B$7,IF($G71="Todos","Todos os turnos","")))) | R71: =IF($C71="","",IF($O71="Cancelada","Cancelada",IF($O71="Reprovado","Reprovada",IF($O71="Aprovado","Aprovada",IF($L71<>"","Entregue",IF(TODAY()>$C71,"Atrasada","Pendente"))))))
A72: AGO-S34-MET-A | B72: S34 | C72: 46254 | D72: Metas | G72: A | H72: =IF($G72="A",CONFIG!$B$5,IF($G72="B",CONFIG!$B$6,IF($G72="C",CONFIG!$B$7,IF($G72="Todos","Todos os turnos","")))) | J72: — | R72: =IF($C72="","",IF($O72="Cancelada","Cancelada",IF($O72="Reprovado","Reprovada",IF($O72="Aprovado","Aprovada",IF($L72<>"","Entregue",IF(TODAY()>$C72,"Atrasada","Pendente"))))))
A73: AGO-S34-MET-B | B73: S34 | C73: 46254 | D73: Metas | G73: B | H73: =IF($G73="A",CONFIG!$B$5,IF($G73="B",CONFIG!$B$6,IF($G73="C",CONFIG!$B$7,IF($G73="Todos","Todos os turnos","")))) | J73: — | R73: =IF($C73="","",IF($O73="Cancelada","Cancelada",IF($O73="Reprovado","Reprovada",IF($O73="Aprovado","Aprovada",IF($L73<>"","Entregue",IF(TODAY()>$C73,"Atrasada","Pendente"))))))
A74: AGO-S34-MET-C | B74: S34 | C74: 46254 | D74: Metas | G74: C | H74: =IF($G74="A",CONFIG!$B$5,IF($G74="B",CONFIG!$B$6,IF($G74="C",CONFIG!$B$7,IF($G74="Todos","Todos os turnos","")))) | J74: — | R74: =IF($C74="","",IF($O74="Cancelada","Cancelada",IF($O74="Reprovado","Reprovada",IF($O74="Aprovado","Aprovada",IF($L74<>"","Entregue",IF(TODAY()>$C74,"Atrasada","Pendente"))))))
A75: AGO-S34-ACO-A | B75: S34 | C75: 46255 | D75: Acompanhamento Semanal c/ Supervisores | G75: A | H75: =IF($G75="A",CONFIG!$B$5,IF($G75="B",CONFIG!$B$6,IF($G75="C",CONFIG!$B$7,IF($G75="Todos","Todos os turnos","")))) | J75: — | R75: =IF($C75="","",IF($O75="Cancelada","Cancelada",IF($O75="Reprovado","Reprovada",IF($O75="Aprovado","Aprovada",IF($L75<>"","Entregue",IF(TODAY()>$C75,"Atrasada","Pendente"))))))
A76: AGO-S34-ACO-B | B76: S34 | C76: 46255 | D76: Acompanhamento Semanal c/ Supervisores | G76: B | H76: =IF($G76="A",CONFIG!$B$5,IF($G76="B",CONFIG!$B$6,IF($G76="C",CONFIG!$B$7,IF($G76="Todos","Todos os turnos","")))) | J76: — | R76: =IF($C76="","",IF($O76="Cancelada","Cancelada",IF($O76="Reprovado","Reprovada",IF($O76="Aprovado","Aprovada",IF($L76<>"","Entregue",IF(TODAY()>$C76,"Atrasada","Pendente"))))))
A77: AGO-S34-ACO-C | B77: S34 | C77: 46255 | D77: Acompanhamento Semanal c/ Supervisores | G77: C | H77: =IF($G77="A",CONFIG!$B$5,IF($G77="B",CONFIG!$B$6,IF($G77="C",CONFIG!$B$7,IF($G77="Todos","Todos os turnos","")))) | J77: — | R77: =IF($C77="","",IF($O77="Cancelada","Cancelada",IF($O77="Reprovado","Reprovada",IF($O77="Aprovado","Aprovada",IF($L77<>"","Entregue",IF(TODAY()>$C77,"Atrasada","Pendente"))))))
A78: AGO-S34-FAL-A | B78: S34 | C78: 46255 | D78: Faltas e Atestados | G78: A | H78: =IF($G78="A",CONFIG!$B$5,IF($G78="B",CONFIG!$B$6,IF($G78="C",CONFIG!$B$7,IF($G78="Todos","Todos os turnos","")))) | J78: — | R78: =IF($C78="","",IF($O78="Cancelada","Cancelada",IF($O78="Reprovado","Reprovada",IF($O78="Aprovado","Aprovada",IF($L78<>"","Entregue",IF(TODAY()>$C78,"Atrasada","Pendente"))))))
A79: AGO-S34-FAL-B | B79: S34 | C79: 46255 | D79: Faltas e Atestados | G79: B | H79: =IF($G79="A",CONFIG!$B$5,IF($G79="B",CONFIG!$B$6,IF($G79="C",CONFIG!$B$7,IF($G79="Todos","Todos os turnos","")))) | J79: — | R79: =IF($C79="","",IF($O79="Cancelada","Cancelada",IF($O79="Reprovado","Reprovada",IF($O79="Aprovado","Aprovada",IF($L79<>"","Entregue",IF(TODAY()>$C79,"Atrasada","Pendente"))))))
A80: AGO-S34-FAL-C | B80: S34 | C80: 46255 | D80: Faltas e Atestados | G80: C | H80: =IF($G80="A",CONFIG!$B$5,IF($G80="B",CONFIG!$B$6,IF($G80="C",CONFIG!$B$7,IF($G80="Todos","Todos os turnos","")))) | J80: — | R80: =IF($C80="","",IF($O80="Cancelada","Cancelada",IF($O80="Reprovado","Reprovada",IF($O80="Aprovado","Aprovada",IF($L80<>"","Entregue",IF(TODAY()>$C80,"Atrasada","Pendente"))))))
A81: AGO-S34-REU-T | B81: S34 | C81: 46255 | D81: Reunião Semanal com a Gerência | G81: Todos | H81: =IF($G81="A",CONFIG!$B$5,IF($G81="B",CONFIG!$B$6,IF($G81="C",CONFIG!$B$7,IF($G81="Todos","Todos os turnos","")))) | J81: — | R81: =IF($C81="","",IF($O81="Cancelada","Cancelada",IF($O81="Reprovado","Reprovada",IF($O81="Aprovado","Aprovada",IF($L81<>"","Entregue",IF(TODAY()>$C81,"Atrasada","Pendente"))))))
A82: AGO-S35-ERR-A | B82: S35 | C82: 46258 | D82: Levantamento de Erros Operacionais | G82: A | H82: =IF($G82="A",CONFIG!$B$5,IF($G82="B",CONFIG!$B$6,IF($G82="C",CONFIG!$B$7,IF($G82="Todos","Todos os turnos","")))) | J82: — | R82: =IF($C82="","",IF($O82="Cancelada","Cancelada",IF($O82="Reprovado","Reprovada",IF($O82="Aprovado","Aprovada",IF($L82<>"","Entregue",IF(TODAY()>$C82,"Atrasada","Pendente"))))))
A83: AGO-S35-ERR-B | B83: S35 | C83: 46258 | D83: Levantamento de Erros Operacionais | G83: B | H83: =IF($G83="A",CONFIG!$B$5,IF($G83="B",CONFIG!$B$6,IF($G83="C",CONFIG!$B$7,IF($G83="Todos","Todos os turnos","")))) | J83: — | R83: =IF($C83="","",IF($O83="Cancelada","Cancelada",IF($O83="Reprovado","Reprovada",IF($O83="Aprovado","Aprovada",IF($L83<>"","Entregue",IF(TODAY()>$C83,"Atrasada","Pendente"))))))
... A87: AGO-S35-SUP-C | B87: S35 | C87: 46259 | D87: Suporte de Supervisores | G87: C | H87: =IF($G87="A",CONFIG!$B$5,IF($G87="B",CONFIG!$B$6,IF($G87="C",CONFIG!$B$7,IF($G87="Todos","Todos os turnos","")))) | J87: — | R87: =IF($C87="","",IF($O87="Cancelada","Cancelada",IF($O87="Reprovado","Reprovada",IF($O87="Aprovado","Aprovada",IF($L87<>"","Entregue",IF(TODAY()>$C87,"Atrasada","Pendente"))))))
A88: AGO-S35-VIS-A | B88: S35 | C88: 46260 | D88: Acomp. Organizacional Setorial (Vistoria) | G88: A | H88: =IF($G88="A",CONFIG!$B$5,IF($G88="B",CONFIG!$B$6,IF($G88="C",CONFIG!$B$7,IF($G88="Todos","Todos os turnos","")))) | R88: =IF($C88="","",IF($O88="Cancelada","Cancelada",IF($O88="Reprovado","Reprovada",IF($O88="Aprovado","Aprovada",IF($L88<>"","Entregue",IF(TODAY()>$C88,"Atrasada","Pendente"))))))
A89: AGO-S35-VIS-B | B89: S35 | C89: 46260 | D89: Acomp. Organizacional Setorial (Vistoria) | G89: B | H89: =IF($G89="A",CONFIG!$B$5,IF($G89="B",CONFIG!$B$6,IF($G89="C",CONFIG!$B$7,IF($G89="Todos","Todos os turnos","")))) | R89: =IF($C89="","",IF($O89="Cancelada","Cancelada",IF($O89="Reprovado","Reprovada",IF($O89="Aprovado","Aprovada",IF($L89<>"","Entregue",IF(TODAY()>$C89,"Atrasada","Pendente"))))))
A90: AGO-S35-VIS-C | B90: S35 | C90: 46260 | D90: Acomp. Organizacional Setorial (Vistoria) | G90: C | H90: =IF($G90="A",CONFIG!$B$5,IF($G90="B",CONFIG!$B$6,IF($G90="C",CONFIG!$B$7,IF($G90="Todos","Todos os turnos","")))) | R90: =IF($C90="","",IF($O90="Cancelada","Cancelada",IF($O90="Reprovado","Reprovada",IF($O90="Aprovado","Aprovada",IF($L90<>"","Entregue",IF(TODAY()>$C90,"Atrasada","Pendente"))))))
A91: AGO-S35-MET-A | B91: S35 | C91: 46261 | D91: Metas | G91: A | H91: =IF($G91="A",CONFIG!$B$5,IF($G91="B",CONFIG!$B$6,IF($G91="C",CONFIG!$B$7,IF($G91="Todos","Todos os turnos","")))) | J91: — | R91: =IF($C91="","",IF($O91="Cancelada","Cancelada",IF($O91="Reprovado","Reprovada",IF($O91="Aprovado","Aprovada",IF($L91<>"","Entregue",IF(TODAY()>$C91,"Atrasada","Pendente"))))))
A92: AGO-S35-MET-B | B92: S35 | C92: 46261 | D92: Metas | G92: B | H92: =IF($G92="A",CONFIG!$B$5,IF($G92="B",CONFIG!$B$6,IF($G92="C",CONFIG!$B$7,IF($G92="Todos","Todos os turnos","")))) | J92: — | R92: =IF($C92="","",IF($O92="Cancelada","Cancelada",IF($O92="Reprovado","Reprovada",IF($O92="Aprovado","Aprovada",IF($L92<>"","Entregue",IF(TODAY()>$C92,"Atrasada","Pendente"))))))
A93: AGO-S35-MET-C | B93: S35 | C93: 46261 | D93: Metas | G93: C | H93: =IF($G93="A",CONFIG!$B$5,IF($G93="B",CONFIG!$B$6,IF($G93="C",CONFIG!$B$7,IF($G93="Todos","Todos os turnos","")))) | J93: — | R93: =IF($C93="","",IF($O93="Cancelada","Cancelada",IF($O93="Reprovado","Reprovada",IF($O93="Aprovado","Aprovada",IF($L93<>"","Entregue",IF(TODAY()>$C93,"Atrasada","Pendente"))))))
A94: AGO-S35-ACO-A | B94: S35 | C94: 46262 | D94: Acompanhamento Semanal c/ Supervisores | G94: A | H94: =IF($G94="A",CONFIG!$B$5,IF($G94="B",CONFIG!$B$6,IF($G94="C",CONFIG!$B$7,IF($G94="Todos","Todos os turnos","")))) | J94: — | R94: =IF($C94="","",IF($O94="Cancelada","Cancelada",IF($O94="Reprovado","Reprovada",IF($O94="Aprovado","Aprovada",IF($L94<>"","Entregue",IF(TODAY()>$C94,"Atrasada","Pendente"))))))
A95: AGO-S35-ACO-B | B95: S35 | C95: 46262 | D95: Acompanhamento Semanal c/ Supervisores | G95: B | H95: =IF($G95="A",CONFIG!$B$5,IF($G95="B",CONFIG!$B$6,IF($G95="C",CONFIG!$B$7,IF($G95="Todos","Todos os turnos","")))) | J95: — | R95: =IF($C95="","",IF($O95="Cancelada","Cancelada",IF($O95="Reprovado","Reprovada",IF($O95="Aprovado","Aprovada",IF($L95<>"","Entregue",IF(TODAY()>$C95,"Atrasada","Pendente"))))))
A96: AGO-S35-ACO-C | B96: S35 | C96: 46262 | D96: Acompanhamento Semanal c/ Supervisores | G96: C | H96: =IF($G96="A",CONFIG!$B$5,IF($G96="B",CONFIG!$B$6,IF($G96="C",CONFIG!$B$7,IF($G96="Todos","Todos os turnos","")))) | J96: — | R96: =IF($C96="","",IF($O96="Cancelada","Cancelada",IF($O96="Reprovado","Reprovada",IF($O96="Aprovado","Aprovada",IF($L96<>"","Entregue",IF(TODAY()>$C96,"Atrasada","Pendente"))))))
A97: AGO-S35-FAL-A | B97: S35 | C97: 46262 | D97: Faltas e Atestados | G97: A | H97: =IF($G97="A",CONFIG!$B$5,IF($G97="B",CONFIG!$B$6,IF($G97="C",CONFIG!$B$7,IF($G97="Todos","Todos os turnos","")))) | J97: — | R97: =IF($C97="","",IF($O97="Cancelada","Cancelada",IF($O97="Reprovado","Reprovada",IF($O97="Aprovado","Aprovada",IF($L97<>"","Entregue",IF(TODAY()>$C97,"Atrasada","Pendente"))))))
A98: AGO-S35-FAL-B | B98: S35 | C98: 46262 | D98: Faltas e Atestados | G98: B | H98: =IF($G98="A",CONFIG!$B$5,IF($G98="B",CONFIG!$B$6,IF($G98="C",CONFIG!$B$7,IF($G98="Todos","Todos os turnos","")))) | J98: — | R98: =IF($C98="","",IF($O98="Cancelada","Cancelada",IF($O98="Reprovado","Reprovada",IF($O98="Aprovado","Aprovada",IF($L98<>"","Entregue",IF(TODAY()>$C98,"Atrasada","Pendente"))))))
A99: AGO-S35-FAL-C | B99: S35 | C99: 46262 | D99: Faltas e Atestados | G99: C | H99: =IF($G99="A",CONFIG!$B$5,IF($G99="B",CONFIG!$B$6,IF($G99="C",CONFIG!$B$7,IF($G99="Todos","Todos os turnos","")))) | J99: — | R99: =IF($C99="","",IF($O99="Cancelada","Cancelada",IF($O99="Reprovado","Reprovada",IF($O99="Aprovado","Aprovada",IF($L99<>"","Entregue",IF(TODAY()>$C99,"Atrasada","Pendente"))))))
A100: AGO-S35-REU-T | B100: S35 | C100: 46262 | D100: Reunião Semanal com a Gerência | G100: Todos | H100: =IF($G100="A",CONFIG!$B$5,IF($G100="B",CONFIG!$B$6,IF($G100="C",CONFIG!$B$7,IF($G100="Todos","Todos os turnos","")))) | J100: — | R100: =IF($C100="","",IF($O100="Cancelada","Cancelada",IF($O100="Reprovado","Reprovada",IF($O100="Aprovado","Aprovada",IF($L100<>"","Entregue",IF(TODAY()>$C100,"Atrasada","Pendente"))))))
A101: AGO-S35-MDF-T | B101: S35 | C101: 46262 | D101: Mudança de Função — reunião mensal | G101: Todos | H101: =IF($G101="A",CONFIG!$B$5,IF($G101="B",CONFIG!$B$6,IF($G101="C",CONFIG!$B$7,IF($G101="Todos","Todos os turnos","")))) | J101: — | R101: =IF($C101="","",IF($O101="Cancelada","Cancelada",IF($O101="Reprovado","Reprovada",IF($O101="Aprovado","Aprovada",IF($L101<>"","Entregue",IF(TODAY()>$C101,"Atrasada","Pendente"))))))
A102: TREINAMENTOS PROGRAMADOS PELO GERENTE — preencha PRAZO + tema; os coordenadores serão avisados por e-mail
A103: Como usar: o gerente preenche apenas o PRAZO (data), completa o tema em ATIVIDADE e escolhe o TURNO. O resto fica em branco até o treinamento ocorrer; depois o coordenador anexa a lista de presença em LINK DO ANEXO e o gerente valida.
A104: AGO-TRE-1 | B104: =IF($C104="","","S"&ISOWEEKNUM($C104)) | D104: Treinamento com Colaboradores — tema: | G104: Todos | H104: =IF($G104="A",CONFIG!$B$5,IF($G104="B",CONFIG!$B$6,IF($G104="C",CONFIG!$B$7,IF($G104="Todos","Todos os turnos","")))) | J104: — | R104: =IF($C104="","Não agendado",IF($O104="Cancelada","Cancelada",IF($O104="Reprovado","Reprovada",IF($O104="Aprovado","Aprovada",IF($L104<>"","Entregue",IF(TODAY()>$C104,"Atrasada","Pendente"))))))
A105: AGO-TRE-2 | B105: =IF($C105="","","S"&ISOWEEKNUM($C105)) | D105: Treinamento com Colaboradores — tema: | G105: Todos | H105: =IF($G105="A",CONFIG!$B$5,IF($G105="B",CONFIG!$B$6,IF($G105="C",CONFIG!$B$7,IF($G105="Todos","Todos os turnos","")))) | J105: — | R105: =IF($C105="","Não agendado",IF($O105="Cancelada","Cancelada",IF($O105="Reprovado","Reprovada",IF($O105="Aprovado","Aprovada",IF($L105<>"","Entregue",IF(TODAY()>$C105,"Atrasada","Pendente"))))))
A106: AGO-TRE-3 | B106: =IF($C106="","","S"&ISOWEEKNUM($C106)) | D106: Treinamento com Colaboradores — tema: | G106: Todos | H106: =IF($G106="A",CONFIG!$B$5,IF($G106="B",CONFIG!$B$6,IF($G106="C",CONFIG!$B$7,IF($G106="Todos","Todos os turnos","")))) | J106: — | R106: =IF($C106="","Não agendado",IF($O106="Cancelada","Cancelada",IF($O106="Reprovado","Reprovada",IF($O106="Aprovado","Aprovada",IF($L106<>"","Entregue",IF(TODAY()>$C106,"Atrasada","Pendente"))))))
A107: AGO-TRE-4 | B107: =IF($C107="","","S"&ISOWEEKNUM($C107)) | D107: Treinamento com Colaboradores — tema: | G107: Todos | H107: =IF($G107="A",CONFIG!$B$5,IF($G107="B",CONFIG!$B$6,IF($G107="C",CONFIG!$B$7,IF($G107="Todos","Todos os turnos","")))) | J107: — | R107: =IF($C107="","Não agendado",IF($O107="Cancelada","Cancelada",IF($O107="Reprovado","Reprovada",IF($O107="Aprovado","Aprovada",IF($L107<>"","Entregue",IF(TODAY()>$C107,"Atrasada","Pendente"))))))
A108: AGO-TRE-5 | B108: =IF($C108="","","S"&ISOWEEKNUM($C108)) | D108: Treinamento com Colaboradores — tema: | G108: Todos | H108: =IF($G108="A",CONFIG!$B$5,IF($G108="B",CONFIG!$B$6,IF($G108="C",CONFIG!$B$7,IF($G108="Todos","Todos os turnos","")))) | J108: — | R108: =IF($C108="","Não agendado",IF($O108="Cancelada","Cancelada",IF($O108="Reprovado","Reprovada",IF($O108="Aprovado","Aprovada",IF($L108<>"","Entregue",IF(TODAY()>$C108,"Atrasada","Pendente"))))))
A109: AGO-TRE-6 | B109: =IF($C109="","","S"&ISOWEEKNUM($C109)) | D109: Treinamento com Colaboradores — tema: | G109: Todos | H109: =IF($G109="A",CONFIG!$B$5,IF($G109="B",CONFIG!$B$6,IF($G109="C",CONFIG!$B$7,IF($G109="Todos","Todos os turnos","")))) | J109: — | R109: =IF($C109="","Não agendado",IF($O109="Cancelada","Cancelada",IF($O109="Reprovado","Reprovada",IF($O109="Aprovado","Aprovada",IF($L109<>"","Entregue",IF(TODAY()>$C109,"Atrasada","Pendente"))))))
A111: Amarelo = o GERENTE/ADM edita (prazo, setor da vistoria, validação, motivo, treinamentos) - Azul-claro = entrega do COORDENADOR (menu Anexar entrega ou link manual) - demais células são automáticas

Sheet SET 2026
A1: 09 · SETEMBRO 2026 | O1: GSL BARTOFIL
A3: =IF((COUNTIF($R$22:$R$210,"Aprovada")+COUNTIF($R$22:$R$210,"Entregue")+COUNTIF($R$22:$R$210,"Pendente")+COUNTIF($R$22:$R$210,"Atrasada")+COUNTIF($R$22:$R$210,"Reprovada"))=0,"",IF(COUNTIF($R$22:$R$210,"Aprovada")=(COUNTIF($R$22:$R$210,"Aprovada")+COUNTIF($R$22:$R$210,"Entregue")+COUNTIF($R$22:$R$210,"Pendente")+COUNTIF($R$22:$R$210,"Atrasada")+COUNTIF($R$22:$R$210,"Reprovada")),"MÊS CONCLUÍDO — todas as atividades aprovadas","EM ANDAMENTO — "&COUNTIF($R$22:$R$210,"Aprovada")&" de "&(COUNTIF($R$22:$R$210,"Aprovada")+COUNTIF($R$22:$R$210,"Entregue")+COUNTIF($R$22:$R$210,"Pendente")+COUNTIF($R$22:$R$210,"Atrasada")+COUNTIF($R$22:$R$210,"Reprovada"))&" atividades aprovadas"))
B5: DOM | D5: SEG | F5: TER | H5: QUA | J5: QUI | L5: SEX | N5: SÁB
F6: 46266 | H6: 46267 | J6: 46268 | L6: 46269 | N6: 46270
F7: =IF(F6="","",TRIM(IF(COUNTIFS($C$22:$C$210,F6,$D$22:$D$210,"*Erros*",$O$22:$O$210,"<>Cancelada")>0,"Erros ","")&IF(COUNTIFS($C$22:$C$210,F6,$D$22:$D$210,"*Suporte*",$O$22:$O$210,"<>Cancelada")>0,"Suporte ","")&IF(COUNTIFS($C$22:$C$210,F6,$D$22:$D$210,"*Vistoria*",$O$22:$O$210,"<>Cancelada")>0,"Vistoria ","")&IF(COUNTIFS($C$22:$C$210,F6,$D$22:$D$210,"*Metas*",$O$22:$O$210,"<>Cancelada")>0,"Metas ","")&IF(COUNTIFS($C$22:$C$210,F6,$D$22:$D$210,"*Faltas*",$O$22:$O$210,"<>Cancelada")>0,"Faltas ","")&IF(COUNTIFS($C$22:$C$210,F6,$D$22:$D$210,"*Semanal c/*",$O$22:$O$210,"<>Cancelada")>0,"Acomp. ","")&IF(COUNTIFS($C$22:$C$210,F6,$D$22:$D$210,"*Reunião*",$O$22:$O$210,"<>Cancelada")>0,"Reunião ","")&IF(COUNTIFS($C$22:$C$210,F6,$D$22:$D$210,"*Férias*",$O$22:$O$210,"<>Cancelada")>0,"Férias ","")&IF(COUNTIFS($C$22:$C$210,F6,$D$22:$D$210,"*Mudança*",$O$22:$O$210,"<>Cancelada")>0,"M.Função ","")&IF(COUNTIFS($C$22:$C$210,F6,$D$22:$D$210,"*Treinamento*",$O$22:$O$210,"<>Cancelada")>0,"Trein. ",""))) | H7: =IF(H6="","",TRIM(IF(COUNTIFS($C$22:$C$210,H6,$D$22:$D$210,"*Erros*",$O$22:$O$210,"<>Cancelada")>0,"Erros ","")&IF(COUNTIFS($C$22:$C$210,H6,$D$22:$D$210,"*Suporte*",$O$22:$O$210,"<>Cancelada")>0,"Suporte ","")&IF(COUNTIFS($C$22:$C$210,H6,$D$22:$D$210,"*Vistoria*",$O$22:$O$210,"<>Cancelada")>0,"Vistoria ","")&IF(COUNTIFS($C$22:$C$210,H6,$D$22:$D$210,"*Metas*",$O$22:$O$210,"<>Cancelada")>0,"Metas ","")&IF(COUNTIFS($C$22:$C$210,H6,$D$22:$D$210,"*Faltas*",$O$22:$O$210,"<>Cancelada")>0,"Faltas ","")&IF(COUNTIFS($C$22:$C$210,H6,$D$22:$D$210,"*Semanal c/*",$O$22:$O$210,"<>Cancelada")>0,"Acomp. ","")&IF(COUNTIFS($C$22:$C$210,H6,$D$22:$D$210,"*Reunião*",$O$22:$O$210,"<>Cancelada")>0,"Reunião ","")&IF(COUNTIFS($C$22:$C$210,H6,$D$22:$D$210,"*Férias*",$O$22:$O$210,"<>Cancelada")>0,"Férias ","")&IF(COUNTIFS($C$22:$C$210,H6,$D$22:$D$210,"*Mudança*",$O$22:$O$210,"<>Cancelada")>0,"M.Função ","")&IF(COUNTIFS($C$22:$C$210,H6,$D$22:$D$210,"*Treinamento*",$O$22:$O$210,"<>Cancelada")>0,"Trein. ",""))) | J7: =IF(J6="","",TRIM(IF(COUNTIFS($C$22:$C$210,J6,$D$22:$D$210,"*Erros*",$O$22:$O$210,"<>Cancelada")>0,"Erros ","")&IF(COUNTIFS($C$22:$C$210,J6,$D$22:$D$210,"*Suporte*",$O$22:$O$210,"<>Cancelada")>0,"Suporte ","")&IF(COUNTIFS($C$22:$C$210,J6,$D$22:$D$210,"*Vistoria*",$O$22:$O$210,"<>Cancelada")>0,"Vistoria ","")&IF(COUNTIFS($C$22:$C$210,J6,$D$22:$D$210,"*Metas*",$O$22:$O$210,"<>Cancelada")>0,"Metas ","")&IF(COUNTIFS($C$22:$C$210,J6,$D$22:$D$210,"*Faltas*",$O$22:$O$210,"<>Cancelada")>0,"Faltas ","")&IF(COUNTIFS($C$22:$C$210,J6,$D$22:$D$210,"*Semanal c/*",$O$22:$O$210,"<>Cancelada")>0,"Acomp. ","")&IF(COUNTIFS($C$22:$C$210,J6,$D$22:$D$210,"*Reunião*",$O$22:$O$210,"<>Cancelada")>0,"Reunião ","")&IF(COUNTIFS($C$22:$C$210,J6,$D$22:$D$210,"*Férias*",$O$22:$O$210,"<>Cancelada")>0,"Férias ","")&IF(COUNTIFS($C$22:$C$210,J6,$D$22:$D$210,"*Mudança*",$O$22:$O$210,"<>Cancelada")>0,"M.Função ","")&IF(COUNTIFS($C$22:$C$210,J6,$D$22:$D$210,"*Treinamento*",$O$22:$O$210,"<>Cancelada")>0,"Trein. ",""))) | L7: =IF(L6="","",TRIM(IF(COUNTIFS($C$22:$C$210,L6,$D$22:$D$210,"*Erros*",$O$22:$O$210,"<>Cancelada")>0,"Erros ","")&IF(COUNTIFS($C$22:$C$210,L6,$D$22:$D$210,"*Suporte*",$O$22:$O$210,"<>Cancelada")>0,"Suporte ","")&IF(COUNTIFS($C$22:$C$210,L6,$D$22:$D$210,"*Vistoria*",$O$22:$O$210,"<>Cancelada")>0,"Vistoria ","")&IF(COUNTIFS($C$22:$C$210,L6,$D$22:$D$210,"*Metas*",$O$22:$O$210,"<>Cancelada")>0,"Metas ","")&IF(COUNTIFS($C$22:$C$210,L6,$D$22:$D$210,"*Faltas*",$O$22:$O$210,"<>Cancelada")>0,"Faltas ","")&IF(COUNTIFS($C$22:$C$210,L6,$D$22:$D$210,"*Semanal c/*",$O$22:$O$210,"<>Cancelada")>0,"Acomp. ","")&IF(COUNTIFS($C$22:$C$210,L6,$D$22:$D$210,"*Reunião*",$O$22:$O$210,"<>Cancelada")>0,"Reunião ","")&IF(COUNTIFS($C$22:$C$210,L6,$D$22:$D$210,"*Férias*",$O$22:$O$210,"<>Cancelada")>0,"Férias ","")&IF(COUNTIFS($C$22:$C$210,L6,$D$22:$D$210,"*Mudança*",$O$22:$O$210,"<>Cancelada")>0,"M.Função ","")&IF(COUNTIFS($C$22:$C$210,L6,$D$22:$D$210,"*Treinamento*",$O$22:$O$210,"<>Cancelada")>0,"Trein. ",""))) | N7: =IF(N6="","",TRIM(IF(COUNTIFS($C$22:$C$210,N6,$D$22:$D$210,"*Erros*",$O$22:$O$210,"<>Cancelada")>0,"Erros ","")&IF(COUNTIFS($C$22:$C$210,N6,$D$22:$D$210,"*Suporte*",$O$22:$O$210,"<>Cancelada")>0,"Suporte ","")&IF(COUNTIFS($C$22:$C$210,N6,$D$22:$D$210,"*Vistoria*",$O$22:$O$210,"<>Cancelada")>0,"Vistoria ","")&IF(COUNTIFS($C$22:$C$210,N6,$D$22:$D$210,"*Metas*",$O$22:$O$210,"<>Cancelada")>0,"Metas ","")&IF(COUNTIFS($C$22:$C$210,N6,$D$22:$D$210,"*Faltas*",$O$22:$O$210,"<>Cancelada")>0,"Faltas ","")&IF(COUNTIFS($C$22:$C$210,N6,$D$22:$D$210,"*Semanal c/*",$O$22:$O$210,"<>Cancelada")>0,"Acomp. ","")&IF(COUNTIFS($C$22:$C$210,N6,$D$22:$D$210,"*Reunião*",$O$22:$O$210,"<>Cancelada")>0,"Reunião ","")&IF(COUNTIFS($C$22:$C$210,N6,$D$22:$D$210,"*Férias*",$O$22:$O$210,"<>Cancelada")>0,"Férias ","")&IF(COUNTIFS($C$22:$C$210,N6,$D$22:$D$210,"*Mudança*",$O$22:$O$210,"<>Cancelada")>0,"M.Função ","")&IF(COUNTIFS($C$22:$C$210,N6,$D$22:$D$210,"*Treinamento*",$O$22:$O$210,"<>Cancelada")>0,"Trein. ","")))
B8: 46271 | D8: 46272 | F8: 46273 | H8: 46274 | J8: 46275 | L8: 46276 | N8: 46277
B9: =IF(B8="","",TRIM(IF(COUNTIFS($C$22:$C$210,B8,$D$22:$D$210,"*Erros*",$O$22:$O$210,"<>Cancelada")>0,"Erros ","")&IF(COUNTIFS($C$22:$C$210,B8,$D$22:$D$210,"*Suporte*",$O$22:$O$210,"<>Cancelada")>0,"Suporte ","")&IF(COUNTIFS($C$22:$C$210,B8,$D$22:$D$210,"*Vistoria*",$O$22:$O$210,"<>Cancelada")>0,"Vistoria ","")&IF(COUNTIFS($C$22:$C$210,B8,$D$22:$D$210,"*Metas*",$O$22:$O$210,"<>Cancelada")>0,"Metas ","")&IF(COUNTIFS($C$22:$C$210,B8,$D$22:$D$210,"*Faltas*",$O$22:$O$210,"<>Cancelada")>0,"Faltas ","")&IF(COUNTIFS($C$22:$C$210,B8,$D$22:$D$210,"*Semanal c/*",$O$22:$O$210,"<>Cancelada")>0,"Acomp. ","")&IF(COUNTIFS($C$22:$C$210,B8,$D$22:$D$210,"*Reunião*",$O$22:$O$210,"<>Cancelada")>0,"Reunião ","")&IF(COUNTIFS($C$22:$C$210,B8,$D$22:$D$210,"*Férias*",$O$22:$O$210,"<>Cancelada")>0,"Férias ","")&IF(COUNTIFS($C$22:$C$210,B8,$D$22:$D$210,"*Mudança*",$O$22:$O$210,"<>Cancelada")>0,"M.Função ","")&IF(COUNTIFS($C$22:$C$210,B8,$D$22:$D$210,"*Treinamento*",$O$22:$O$210,"<>Cancelada")>0,"Trein. ",""))) | D9: =IF(D8="","",TRIM(IF(COUNTIFS($C$22:$C$210,D8,$D$22:$D$210,"*Erros*",$O$22:$O$210,"<>Cancelada")>0,"Erros ","")&IF(COUNTIFS($C$22:$C$210,D8,$D$22:$D$210,"*Suporte*",$O$22:$O$210,"<>Cancelada")>0,"Suporte ","")&IF(COUNTIFS($C$22:$C$210,D8,$D$22:$D$210,"*Vistoria*",$O$22:$O$210,"<>Cancelada")>0,"Vistoria ","")&IF(COUNTIFS($C$22:$C$210,D8,$D$22:$D$210,"*Metas*",$O$22:$O$210,"<>Cancelada")>0,"Metas ","")&IF(COUNTIFS($C$22:$C$210,D8,$D$22:$D$210,"*Faltas*",$O$22:$O$210,"<>Cancelada")>0,"Faltas ","")&IF(COUNTIFS($C$22:$C$210,D8,$D$22:$D$210,"*Semanal c/*",$O$22:$O$210,"<>Cancelada")>0,"Acomp. ","")&IF(COUNTIFS($C$22:$C$210,D8,$D$22:$D$210,"*Reunião*",$O$22:$O$210,"<>Cancelada")>0,"Reunião ","")&IF(COUNTIFS($C$22:$C$210,D8,$D$22:$D$210,"*Férias*",$O$22:$O$210,"<>Cancelada")>0,"Férias ","")&IF(COUNTIFS($C$22:$C$210,D8,$D$22:$D$210,"*Mudança*",$O$22:$O$210,"<>Cancelada")>0,"M.Função ","")&IF(COUNTIFS($C$22:$C$210,D8,$D$22:$D$210,"*Treinamento*",$O$22:$O$210,"<>Cancelada")>0,"Trein. ",""))) | F9: =IF(F8="","",TRIM(IF(COUNTIFS($C$22:$C$210,F8,$D$22:$D$210,"*Erros*",$O$22:$O$210,"<>Cancelada")>0,"Erros ","")&IF(COUNTIFS($C$22:$C$210,F8,$D$22:$D$210,"*Suporte*",$O$22:$O$210,"<>Cancelada")>0,"Suporte ","")&IF(COUNTIFS($C$22:$C$210,F8,$D$22:$D$210,"*Vistoria*",$O$22:$O$210,"<>Cancelada")>0,"Vistoria ","")&IF(COUNTIFS($C$22:$C$210,F8,$D$22:$D$210,"*Metas*",$O$22:$O$210,"<>Cancelada")>0,"Metas ","")&IF(COUNTIFS($C$22:$C$210,F8,$D$22:$D$210,"*Faltas*",$O$22:$O$210,"<>Cancelada")>0,"Faltas ","")&IF(COUNTIFS($C$22:$C$210,F8,$D$22:$D$210,"*Semanal c/*",$O$22:$O$210,"<>Cancelada")>0,"Acomp. ","")&IF(COUNTIFS($C$22:$C$210,F8,$D$22:$D$210,"*Reunião*",$O$22:$O$210,"<>Cancelada")>0,"Reunião ","")&IF(COUNTIFS($C$22:$C$210,F8,$D$22:$D$210,"*Férias*",$O$22:$O$210,"<>Cancelada")>0,"Férias ","")&IF(COUNTIFS($C$22:$C$210,F8,$D$22:$D$210,"*Mudança*",$O$22:$O$210,"<>Cancelada")>0,"M.Função ","")&IF(COUNTIFS($C$22:$C$210,F8,$D$22:$D$210,"*Treinamento*",$O$22:$O$210,"<>Cancelada")>0,"Trein. ",""))) | H9: =IF(H8="","",TRIM(IF(COUNTIFS($C$22:$C$210,H8,$D$22:$D$210,"*Erros*",$O$22:$O$210,"<>Cancelada")>0,"Erros ","")&IF(COUNTIFS($C$22:$C$210,H8,$D$22:$D$210,"*Suporte*",$O$22:$O$210,"<>Cancelada")>0,"Suporte ","")&IF(COUNTIFS($C$22:$C$210,H8,$D$22:$D$210,"*Vistoria*",$O$22:$O$210,"<>Cancelada")>0,"Vistoria ","")&IF(COUNTIFS($C$22:$C$210,H8,$D$22:$D$210,"*Metas*",$O$22:$O$210,"<>Cancelada")>0,"Metas ","")&IF(COUNTIFS($C$22:$C$210,H8,$D$22:$D$210,"*Faltas*",$O$22:$O$210,"<>Cancelada")>0,"Faltas ","")&IF(COUNTIFS($C$22:$C$210,H8,$D$22:$D$210,"*Semanal c/*",$O$22:$O$210,"<>Cancelada")>0,"Acomp. ","")&IF(COUNTIFS($C$22:$C$210,H8,$D$22:$D$210,"*Reunião*",$O$22:$O$210,"<>Cancelada")>0,"Reunião ","")&IF(COUNTIFS($C$22:$C$210,H8,$D$22:$D$210,"*Férias*",$O$22:$O$210,"<>Cancelada")>0,"Férias ","")&IF(COUNTIFS($C$22:$C$210,H8,$D$22:$D$210,"*Mudança*",$O$22:$O$210,"<>Cancelada")>0,"M.Função ","")&IF(COUNTIFS($C$22:$C$210,H8,$D$22:$D$210,"*Treinamento*",$O$22:$O$210,"<>Cancelada")>0,"Trein. ",""))) | J9: =IF(J8="","",TRIM(IF(COUNTIFS($C$22:$C$210,J8,$D$22:$D$210,"*Erros*",$O$22:$O$210,"<>Cancelada")>0,"Erros ","")&IF(COUNTIFS($C$22:$C$210,J8,$D$22:$D$210,"*Suporte*",$O$22:$O$210,"<>Cancelada")>0,"Suporte ","")&IF(COUNTIFS($C$22:$C$210,J8,$D$22:$D$210,"*Vistoria*",$O$22:$O$210,"<>Cancelada")>0,"Vistoria ","")&IF(COUNTIFS($C$22:$C$210,J8,$D$22:$D$210,"*Metas*",$O$22:$O$210,"<>Cancelada")>0,"Metas ","")&IF(COUNTIFS($C$22:$C$210,J8,$D$22:$D$210,"*Faltas*",$O$22:$O$210,"<>Cancelada")>0,"Faltas ","")&IF(COUNTIFS($C$22:$C$210,J8,$D$22:$D$210,"*Semanal c/*",$O$22:$O$210,"<>Cancelada")>0,"Acomp. ","")&IF(COUNTIFS($C$22:$C$210,J8,$D$22:$D$210,"*Reunião*",$O$22:$O$210,"<>Cancelada")>0,"Reunião ","")&IF(COUNTIFS($C$22:$C$210,J8,$D$22:$D$210,"*Férias*",$O$22:$O$210,"<>Cancelada")>0,"Férias ","")&IF(COUNTIFS($C$22:$C$210,J8,$D$22:$D$210,"*Mudança*",$O$22:$O$210,"<>Cancelada")>0,"M.Função ","")&IF(COUNTIFS($C$22:$C$210,J8,$D$22:$D$210,"*Treinamento*",$O$22:$O$210,"<>Cancelada")>0,"Trein. ",""))) | L9: =IF(L8="","",TRIM(IF(COUNTIFS($C$22:$C$210,L8,$D$22:$D$210,"*Erros*",$O$22:$O$210,"<>Cancelada")>0,"Erros ","")&IF(COUNTIFS($C$22:$C$210,L8,$D$22:$D$210,"*Suporte*",$O$22:$O$210,"<>Cancelada")>0,"Suporte ","")&IF(COUNTIFS($C$22:$C$210,L8,$D$22:$D$210,"*Vistoria*",$O$22:$O$210,"<>Cancelada")>0,"Vistoria ","")&IF(COUNTIFS($C$22:$C$210,L8,$D$22:$D$210,"*Metas*",$O$22:$O$210,"<>Cancelada")>0,"Metas ","")&IF(COUNTIFS($C$22:$C$210,L8,$D$22:$D$210,"*Faltas*",$O$22:$O$210,"<>Cancelada")>0,"Faltas ","")&IF(COUNTIFS($C$22:$C$210,L8,$D$22:$D$210,"*Semanal c/*",$O$22:$O$210,"<>Cancelada")>0,"Acomp. ","")&IF(COUNTIFS($C$22:$C$210,L8,$D$22:$D$210,"*Reunião*",$O$22:$O$210,"<>Cancelada")>0,"Reunião ","")&IF(COUNTIFS($C$22:$C$210,L8,$D$22:$D$210,"*Férias*",$O$22:$O$210,"<>Cancelada")>0,"Férias ","")&IF(COUNTIFS($C$22:$C$210,L8,$D$22:$D$210,"*Mudança*",$O$22:$O$210,"<>Cancelada")>0,"M.Função ","")&IF(COUNTIFS($C$22:$C$210,L8,$D$22:$D$210,"*Treinamento*",$O$22:$O$210,"<>Cancelada")>0,"Trein. ",""))) | N9: =IF(N8="","",TRIM(IF(COUNTIFS($C$22:$C$210,N8,$D$22:$D$210,"*Erros*",$O$22:$O$210,"<>Cancelada")>0,"Erros ","")&IF(COUNTIFS($C$22:$C$210,N8,$D$22:$D$210,"*Suporte*",$O$22:$O$210,"<>Cancelada")>0,"Suporte ","")&IF(COUNTIFS($C$22:$C$210,N8,$D$22:$D$210,"*Vistoria*",$O$22:$O$210,"<>Cancelada")>0,"Vistoria ","")&IF(COUNTIFS($C$22:$C$210,N8,$D$22:$D$210,"*Metas*",$O$22:$O$210,"<>Cancelada")>0,"Metas ","")&IF(COUNTIFS($C$22:$C$210,N8,$D$22:$D$210,"*Faltas*",$O$22:$O$210,"<>Cancelada")>0,"Faltas ","")&IF(COUNTIFS($C$22:$C$210,N8,$D$22:$D$210,"*Semanal c/*",$O$22:$O$210,"<>Cancelada")>0,"Acomp. ","")&IF(COUNTIFS($C$22:$C$210,N8,$D$22:$D$210,"*Reunião*",$O$22:$O$210,"<>Cancelada")>0,"Reunião ","")&IF(COUNTIFS($C$22:$C$210,N8,$D$22:$D$210,"*Férias*",$O$22:$O$210,"<>Cancelada")>0,"Férias ","")&IF(COUNTIFS($C$22:$C$210,N8,$D$22:$D$210,"*Mudança*",$O$22:$O$210,"<>Cancelada")>0,"M.Função ","")&IF(COUNTIFS($C$22:$C$210,N8,$D$22:$D$210,"*Treinamento*",$O$22:$O$210,"<>Cancelada")>0,"Trein. ","")))
B10: 46278 | D10: 46279 | F10: 46280 | H10: 46281 | J10: 46282 | L10: 46283 | N10: 46284
B11: =IF(B10="","",TRIM(IF(COUNTIFS($C$22:$C$210,B10,$D$22:$D$210,"*Erros*",$O$22:$O$210,"<>Cancelada")>0,"Erros ","")&IF(COUNTIFS($C$22:$C$210,B10,$D$22:$D$210,"*Suporte*",$O$22:$O$210,"<>Cancelada")>0,"Suporte ","")&IF(COUNTIFS($C$22:$C$210,B10,$D$22:$D$210,"*Vistoria*",$O$22:$O$210,"<>Cancelada")>0,"Vistoria ","")&IF(COUNTIFS($C$22:$C$210,B10,$D$22:$D$210,"*Metas*",$O$22:$O$210,"<>Cancelada")>0,"Metas ","")&IF(COUNTIFS($C$22:$C$210,B10,$D$22:$D$210,"*Faltas*",$O$22:$O$210,"<>Cancelada")>0,"Faltas ","")&IF(COUNTIFS($C$22:$C$210,B10,$D$22:$D$210,"*Semanal c/*",$O$22:$O$210,"<>Cancelada")>0,"Acomp. ","")&IF(COUNTIFS($C$22:$C$210,B10,$D$22:$D$210,"*Reunião*",$O$22:$O$210,"<>Cancelada")>0,"Reunião ","")&IF(COUNTIFS($C$22:$C$210,B10,$D$22:$D$210,"*Férias*",$O$22:$O$210,"<>Cancelada")>0,"Férias ","")&IF(COUNTIFS($C$22:$C$210,B10,$D$22:$D$210,"*Mudança*",$O$22:$O$210,"<>Cancelada")>0,"M.Função ","")&IF(COUNTIFS($C$22:$C$210,B10,$D$22:$D$210,"*Treinamento*",$O$22:$O$210,"<>Cancelada")>0,"Trein. ",""))) | D11: =IF(D10="","",TRIM(IF(COUNTIFS($C$22:$C$210,D10,$D$22:$D$210,"*Erros*",$O$22:$O$210,"<>Cancelada")>0,"Erros ","")&IF(COUNTIFS($C$22:$C$210,D10,$D$22:$D$210,"*Suporte*",$O$22:$O$210,"<>Cancelada")>0,"Suporte ","")&IF(COUNTIFS($C$22:$C$210,D10,$D$22:$D$210,"*Vistoria*",$O$22:$O$210,"<>Cancelada")>0,"Vistoria ","")&IF(COUNTIFS($C$22:$C$210,D10,$D$22:$D$210,"*Metas*",$O$22:$O$210,"<>Cancelada")>0,"Metas ","")&IF(COUNTIFS($C$22:$C$210,D10,$D$22:$D$210,"*Faltas*",$O$22:$O$210,"<>Cancelada")>0,"Faltas ","")&IF(COUNTIFS($C$22:$C$210,D10,$D$22:$D$210,"*Semanal c/*",$O$22:$O$210,"<>Cancelada")>0,"Acomp. ","")&IF(COUNTIFS($C$22:$C$210,D10,$D$22:$D$210,"*Reunião*",$O$22:$O$210,"<>Cancelada")>0,"Reunião ","")&IF(COUNTIFS($C$22:$C$210,D10,$D$22:$D$210,"*Férias*",$O$22:$O$210,"<>Cancelada")>0,"Férias ","")&IF(COUNTIFS($C$22:$C$210,D10,$D$22:$D$210,"*Mudança*",$O$22:$O$210,"<>Cancelada")>0,"M.Função ","")&IF(COUNTIFS($C$22:$C$210,D10,$D$22:$D$210,"*Treinamento*",$O$22:$O$210,"<>Cancelada")>0,"Trein. ",""))) | F11: =IF(F10="","",TRIM(IF(COUNTIFS($C$22:$C$210,F10,$D$22:$D$210,"*Erros*",$O$22:$O$210,"<>Cancelada")>0,"Erros ","")&IF(COUNTIFS($C$22:$C$210,F10,$D$22:$D$210,"*Suporte*",$O$22:$O$210,"<>Cancelada")>0,"Suporte ","")&IF(COUNTIFS($C$22:$C$210,F10,$D$22:$D$210,"*Vistoria*",$O$22:$O$210,"<>Cancelada")>0,"Vistoria ","")&IF(COUNTIFS($C$22:$C$210,F10,$D$22:$D$210,"*Metas*",$O$22:$O$210,"<>Cancelada")>0,"Metas ","")&IF(COUNTIFS($C$22:$C$210,F10,$D$22:$D$210,"*Faltas*",$O$22:$O$210,"<>Cancelada")>0,"Faltas ","")&IF(COUNTIFS($C$22:$C$210,F10,$D$22:$D$210,"*Semanal c/*",$O$22:$O$210,"<>Cancelada")>0,"Acomp. ","")&IF(COUNTIFS($C$22:$C$210,F10,$D$22:$D$210,"*Reunião*",$O$22:$O$210,"<>Cancelada")>0,"Reunião ","")&IF(COUNTIFS($C$22:$C$210,F10,$D$22:$D$210,"*Férias*",$O$22:$O$210,"<>Cancelada")>0,"Férias ","")&IF(COUNTIFS($C$22:$C$210,F10,$D$22:$D$210,"*Mudança*",$O$22:$O$210,"<>Cancelada")>0,"M.Função ","")&IF(COUNTIFS($C$22:$C$210,F10,$D$22:$D$210,"*Treinamento*",$O$22:$O$210,"<>Cancelada")>0,"Trein. ",""))) | H11: =IF(H10="","",TRIM(IF(COUNTIFS($C$22:$C$210,H10,$D$22:$D$210,"*Erros*",$O$22:$O$210,"<>Cancelada")>0,"Erros ","")&IF(COUNTIFS($C$22:$C$210,H10,$D$22:$D$210,"*Suporte*",$O$22:$O$210,"<>Cancelada")>0,"Suporte ","")&IF(COUNTIFS($C$22:$C$210,H10,$D$22:$D$210,"*Vistoria*",$O$22:$O$210,"<>Cancelada")>0,"Vistoria ","")&IF(COUNTIFS($C$22:$C$210,H10,$D$22:$D$210,"*Metas*",$O$22:$O$210,"<>Cancelada")>0,"Metas ","")&IF(COUNTIFS($C$22:$C$210,H10,$D$22:$D$210,"*Faltas*",$O$22:$O$210,"<>Cancelada")>0,"Faltas ","")&IF(COUNTIFS($C$22:$C$210,H10,$D$22:$D$210,"*Semanal c/*",$O$22:$O$210,"<>Cancelada")>0,"Acomp. ","")&IF(COUNTIFS($C$22:$C$210,H10,$D$22:$D$210,"*Reunião*",$O$22:$O$210,"<>Cancelada")>0,"Reunião ","")&IF(COUNTIFS($C$22:$C$210,H10,$D$22:$D$210,"*Férias*",$O$22:$O$210,"<>Cancelada")>0,"Férias ","")&IF(COUNTIFS($C$22:$C$210,H10,$D$22:$D$210,"*Mudança*",$O$22:$O$210,"<>Cancelada")>0,"M.Função ","")&IF(COUNTIFS($C$22:$C$210,H10,$D$22:$D$210,"*Treinamento*",$O$22:$O$210,"<>Cancelada")>0,"Trein. ",""))) | J11: =IF(J10="","",TRIM(IF(COUNTIFS($C$22:$C$210,J10,$D$22:$D$210,"*Erros*",$O$22:$O$210,"<>Cancelada")>0,"Erros ","")&IF(COUNTIFS($C$22:$C$210,J10,$D$22:$D$210,"*Suporte*",$O$22:$O$210,"<>Cancelada")>0,"Suporte ","")&IF(COUNTIFS($C$22:$C$210,J10,$D$22:$D$210,"*Vistoria*",$O$22:$O$210,"<>Cancelada")>0,"Vistoria ","")&IF(COUNTIFS($C$22:$C$210,J10,$D$22:$D$210,"*Metas*",$O$22:$O$210,"<>Cancelada")>0,"Metas ","")&IF(COUNTIFS($C$22:$C$210,J10,$D$22:$D$210,"*Faltas*",$O$22:$O$210,"<>Cancelada")>0,"Faltas ","")&IF(COUNTIFS($C$22:$C$210,J10,$D$22:$D$210,"*Semanal c/*",$O$22:$O$210,"<>Cancelada")>0,"Acomp. ","")&IF(COUNTIFS($C$22:$C$210,J10,$D$22:$D$210,"*Reunião*",$O$22:$O$210,"<>Cancelada")>0,"Reunião ","")&IF(COUNTIFS($C$22:$C$210,J10,$D$22:$D$210,"*Férias*",$O$22:$O$210,"<>Cancelada")>0,"Férias ","")&IF(COUNTIFS($C$22:$C$210,J10,$D$22:$D$210,"*Mudança*",$O$22:$O$210,"<>Cancelada")>0,"M.Função ","")&IF(COUNTIFS($C$22:$C$210,J10,$D$22:$D$210,"*Treinamento*",$O$22:$O$210,"<>Cancelada")>0,"Trein. ",""))) | L11: =IF(L10="","",TRIM(IF(COUNTIFS($C$22:$C$210,L10,$D$22:$D$210,"*Erros*",$O$22:$O$210,"<>Cancelada")>0,"Erros ","")&IF(COUNTIFS($C$22:$C$210,L10,$D$22:$D$210,"*Suporte*",$O$22:$O$210,"<>Cancelada")>0,"Suporte ","")&IF(COUNTIFS($C$22:$C$210,L10,$D$22:$D$210,"*Vistoria*",$O$22:$O$210,"<>Cancelada")>0,"Vistoria ","")&IF(COUNTIFS($C$22:$C$210,L10,$D$22:$D$210,"*Metas*",$O$22:$O$210,"<>Cancelada")>0,"Metas ","")&IF(COUNTIFS($C$22:$C$210,L10,$D$22:$D$210,"*Faltas*",$O$22:$O$210,"<>Cancelada")>0,"Faltas ","")&IF(COUNTIFS($C$22:$C$210,L10,$D$22:$D$210,"*Semanal c/*",$O$22:$O$210,"<>Cancelada")>0,"Acomp. ","")&IF(COUNTIFS($C$22:$C$210,L10,$D$22:$D$210,"*Reunião*",$O$22:$O$210,"<>Cancelada")>0,"Reunião ","")&IF(COUNTIFS($C$22:$C$210,L10,$D$22:$D$210,"*Férias*",$O$22:$O$210,"<>Cancelada")>0,"Férias ","")&IF(COUNTIFS($C$22:$C$210,L10,$D$22:$D$210,"*Mudança*",$O$22:$O$210,"<>Cancelada")>0,"M.Função ","")&IF(COUNTIFS($C$22:$C$210,L10,$D$22:$D$210,"*Treinamento*",$O$22:$O$210,"<>Cancelada")>0,"Trein. ",""))) | N11: =IF(N10="","",TRIM(IF(COUNTIFS($C$22:$C$210,N10,$D$22:$D$210,"*Erros*",$O$22:$O$210,"<>Cancelada")>0,"Erros ","")&IF(COUNTIFS($C$22:$C$210,N10,$D$22:$D$210,"*Suporte*",$O$22:$O$210,"<>Cancelada")>0,"Suporte ","")&IF(COUNTIFS($C$22:$C$210,N10,$D$22:$D$210,"*Vistoria*",$O$22:$O$210,"<>Cancelada")>0,"Vistoria ","")&IF(COUNTIFS($C$22:$C$210,N10,$D$22:$D$210,"*Metas*",$O$22:$O$210,"<>Cancelada")>0,"Metas ","")&IF(COUNTIFS($C$22:$C$210,N10,$D$22:$D$210,"*Faltas*",$O$22:$O$210,"<>Cancelada")>0,"Faltas ","")&IF(COUNTIFS($C$22:$C$210,N10,$D$22:$D$210,"*Semanal c/*",$O$22:$O$210,"<>Cancelada")>0,"Acomp. ","")&IF(COUNTIFS($C$22:$C$210,N10,$D$22:$D$210,"*Reunião*",$O$22:$O$210,"<>Cancelada")>0,"Reunião ","")&IF(COUNTIFS($C$22:$C$210,N10,$D$22:$D$210,"*Férias*",$O$22:$O$210,"<>Cancelada")>0,"Férias ","")&IF(COUNTIFS($C$22:$C$210,N10,$D$22:$D$210,"*Mudança*",$O$22:$O$210,"<>Cancelada")>0,"M.Função ","")&IF(COUNTIFS($C$22:$C$210,N10,$D$22:$D$210,"*Treinamento*",$O$22:$O$210,"<>Cancelada")>0,"Trein. ","")))
B12: 46285 | D12: 46286 | F12: 46287 | H12: 46288 | J12: 46289 | L12: 46290 | N12: 46291
B13: =IF(B12="","",TRIM(IF(COUNTIFS($C$22:$C$210,B12,$D$22:$D$210,"*Erros*",$O$22:$O$210,"<>Cancelada")>0,"Erros ","")&IF(COUNTIFS($C$22:$C$210,B12,$D$22:$D$210,"*Suporte*",$O$22:$O$210,"<>Cancelada")>0,"Suporte ","")&IF(COUNTIFS($C$22:$C$210,B12,$D$22:$D$210,"*Vistoria*",$O$22:$O$210,"<>Cancelada")>0,"Vistoria ","")&IF(COUNTIFS($C$22:$C$210,B12,$D$22:$D$210,"*Metas*",$O$22:$O$210,"<>Cancelada")>0,"Metas ","")&IF(COUNTIFS($C$22:$C$210,B12,$D$22:$D$210,"*Faltas*",$O$22:$O$210,"<>Cancelada")>0,"Faltas ","")&IF(COUNTIFS($C$22:$C$210,B12,$D$22:$D$210,"*Semanal c/*",$O$22:$O$210,"<>Cancelada")>0,"Acomp. ","")&IF(COUNTIFS($C$22:$C$210,B12,$D$22:$D$210,"*Reunião*",$O$22:$O$210,"<>Cancelada")>0,"Reunião ","")&IF(COUNTIFS($C$22:$C$210,B12,$D$22:$D$210,"*Férias*",$O$22:$O$210,"<>Cancelada")>0,"Férias ","")&IF(COUNTIFS($C$22:$C$210,B12,$D$22:$D$210,"*Mudança*",$O$22:$O$210,"<>Cancelada")>0,"M.Função ","")&IF(COUNTIFS($C$22:$C$210,B12,$D$22:$D$210,"*Treinamento*",$O$22:$O$210,"<>Cancelada")>0,"Trein. ",""))) | D13: =IF(D12="","",TRIM(IF(COUNTIFS($C$22:$C$210,D12,$D$22:$D$210,"*Erros*",$O$22:$O$210,"<>Cancelada")>0,"Erros ","")&IF(COUNTIFS($C$22:$C$210,D12,$D$22:$D$210,"*Suporte*",$O$22:$O$210,"<>Cancelada")>0,"Suporte ","")&IF(COUNTIFS($C$22:$C$210,D12,$D$22:$D$210,"*Vistoria*",$O$22:$O$210,"<>Cancelada")>0,"Vistoria ","")&IF(COUNTIFS($C$22:$C$210,D12,$D$22:$D$210,"*Metas*",$O$22:$O$210,"<>Cancelada")>0,"Metas ","")&IF(COUNTIFS($C$22:$C$210,D12,$D$22:$D$210,"*Faltas*",$O$22:$O$210,"<>Cancelada")>0,"Faltas ","")&IF(COUNTIFS($C$22:$C$210,D12,$D$22:$D$210,"*Semanal c/*",$O$22:$O$210,"<>Cancelada")>0,"Acomp. ","")&IF(COUNTIFS($C$22:$C$210,D12,$D$22:$D$210,"*Reunião*",$O$22:$O$210,"<>Cancelada")>0,"Reunião ","")&IF(COUNTIFS($C$22:$C$210,D12,$D$22:$D$210,"*Férias*",$O$22:$O$210,"<>Cancelada")>0,"Férias ","")&IF(COUNTIFS($C$22:$C$210,D12,$D$22:$D$210,"*Mudança*",$O$22:$O$210,"<>Cancelada")>0,"M.Função ","")&IF(COUNTIFS($C$22:$C$210,D12,$D$22:$D$210,"*Treinamento*",$O$22:$O$210,"<>Cancelada")>0,"Trein. ",""))) | F13: =IF(F12="","",TRIM(IF(COUNTIFS($C$22:$C$210,F12,$D$22:$D$210,"*Erros*",$O$22:$O$210,"<>Cancelada")>0,"Erros ","")&IF(COUNTIFS($C$22:$C$210,F12,$D$22:$D$210,"*Suporte*",$O$22:$O$210,"<>Cancelada")>0,"Suporte ","")&IF(COUNTIFS($C$22:$C$210,F12,$D$22:$D$210,"*Vistoria*",$O$22:$O$210,"<>Cancelada")>0,"Vistoria ","")&IF(COUNTIFS($C$22:$C$210,F12,$D$22:$D$210,"*Metas*",$O$22:$O$210,"<>Cancelada")>0,"Metas ","")&IF(COUNTIFS($C$22:$C$210,F12,$D$22:$D$210,"*Faltas*",$O$22:$O$210,"<>Cancelada")>0,"Faltas ","")&IF(COUNTIFS($C$22:$C$210,F12,$D$22:$D$210,"*Semanal c/*",$O$22:$O$210,"<>Cancelada")>0,"Acomp. ","")&IF(COUNTIFS($C$22:$C$210,F12,$D$22:$D$210,"*Reunião*",$O$22:$O$210,"<>Cancelada")>0,"Reunião ","")&IF(COUNTIFS($C$22:$C$210,F12,$D$22:$D$210,"*Férias*",$O$22:$O$210,"<>Cancelada")>0,"Férias ","")&IF(COUNTIFS($C$22:$C$210,F12,$D$22:$D$210,"*Mudança*",$O$22:$O$210,"<>Cancelada")>0,"M.Função ","")&IF(COUNTIFS($C$22:$C$210,F12,$D$22:$D$210,"*Treinamento*",$O$22:$O$210,"<>Cancelada")>0,"Trein. ",""))) | H13: =IF(H12="","",TRIM(IF(COUNTIFS($C$22:$C$210,H12,$D$22:$D$210,"*Erros*",$O$22:$O$210,"<>Cancelada")>0,"Erros ","")&IF(COUNTIFS($C$22:$C$210,H12,$D$22:$D$210,"*Suporte*",$O$22:$O$210,"<>Cancelada")>0,"Suporte ","")&IF(COUNTIFS($C$22:$C$210,H12,$D$22:$D$210,"*Vistoria*",$O$22:$O$210,"<>Cancelada")>0,"Vistoria ","")&IF(COUNTIFS($C$22:$C$210,H12,$D$22:$D$210,"*Metas*",$O$22:$O$210,"<>Cancelada")>0,"Metas ","")&IF(COUNTIFS($C$22:$C$210,H12,$D$22:$D$210,"*Faltas*",$O$22:$O$210,"<>Cancelada")>0,"Faltas ","")&IF(COUNTIFS($C$22:$C$210,H12,$D$22:$D$210,"*Semanal c/*",$O$22:$O$210,"<>Cancelada")>0,"Acomp. ","")&IF(COUNTIFS($C$22:$C$210,H12,$D$22:$D$210,"*Reunião*",$O$22:$O$210,"<>Cancelada")>0,"Reunião ","")&IF(COUNTIFS($C$22:$C$210,H12,$D$22:$D$210,"*Férias*",$O$22:$O$210,"<>Cancelada")>0,"Férias ","")&IF(COUNTIFS($C$22:$C$210,H12,$D$22:$D$210,"*Mudança*",$O$22:$O$210,"<>Cancelada")>0,"M.Função ","")&IF(COUNTIFS($C$22:$C$210,H12,$D$22:$D$210,"*Treinamento*",$O$22:$O$210,"<>Cancelada")>0,"Trein. ",""))) | J13: =IF(J12="","",TRIM(IF(COUNTIFS($C$22:$C$210,J12,$D$22:$D$210,"*Erros*",$O$22:$O$210,"<>Cancelada")>0,"Erros ","")&IF(COUNTIFS($C$22:$C$210,J12,$D$22:$D$210,"*Suporte*",$O$22:$O$210,"<>Cancelada")>0,"Suporte ","")&IF(COUNTIFS($C$22:$C$210,J12,$D$22:$D$210,"*Vistoria*",$O$22:$O$210,"<>Cancelada")>0,"Vistoria ","")&IF(COUNTIFS($C$22:$C$210,J12,$D$22:$D$210,"*Metas*",$O$22:$O$210,"<>Cancelada")>0,"Metas ","")&IF(COUNTIFS($C$22:$C$210,J12,$D$22:$D$210,"*Faltas*",$O$22:$O$210,"<>Cancelada")>0,"Faltas ","")&IF(COUNTIFS($C$22:$C$210,J12,$D$22:$D$210,"*Semanal c/*",$O$22:$O$210,"<>Cancelada")>0,"Acomp. ","")&IF(COUNTIFS($C$22:$C$210,J12,$D$22:$D$210,"*Reunião*",$O$22:$O$210,"<>Cancelada")>0,"Reunião ","")&IF(COUNTIFS($C$22:$C$210,J12,$D$22:$D$210,"*Férias*",$O$22:$O$210,"<>Cancelada")>0,"Férias ","")&IF(COUNTIFS($C$22:$C$210,J12,$D$22:$D$210,"*Mudança*",$O$22:$O$210,"<>Cancelada")>0,"M.Função ","")&IF(COUNTIFS($C$22:$C$210,J12,$D$22:$D$210,"*Treinamento*",$O$22:$O$210,"<>Cancelada")>0,"Trein. ",""))) | L13: =IF(L12="","",TRIM(IF(COUNTIFS($C$22:$C$210,L12,$D$22:$D$210,"*Erros*",$O$22:$O$210,"<>Cancelada")>0,"Erros ","")&IF(COUNTIFS($C$22:$C$210,L12,$D$22:$D$210,"*Suporte*",$O$22:$O$210,"<>Cancelada")>0,"Suporte ","")&IF(COUNTIFS($C$22:$C$210,L12,$D$22:$D$210,"*Vistoria*",$O$22:$O$210,"<>Cancelada")>0,"Vistoria ","")&IF(COUNTIFS($C$22:$C$210,L12,$D$22:$D$210,"*Metas*",$O$22:$O$210,"<>Cancelada")>0,"Metas ","")&IF(COUNTIFS($C$22:$C$210,L12,$D$22:$D$210,"*Faltas*",$O$22:$O$210,"<>Cancelada")>0,"Faltas ","")&IF(COUNTIFS($C$22:$C$210,L12,$D$22:$D$210,"*Semanal c/*",$O$22:$O$210,"<>Cancelada")>0,"Acomp. ","")&IF(COUNTIFS($C$22:$C$210,L12,$D$22:$D$210,"*Reunião*",$O$22:$O$210,"<>Cancelada")>0,"Reunião ","")&IF(COUNTIFS($C$22:$C$210,L12,$D$22:$D$210,"*Férias*",$O$22:$O$210,"<>Cancelada")>0,"Férias ","")&IF(COUNTIFS($C$22:$C$210,L12,$D$22:$D$210,"*Mudança*",$O$22:$O$210,"<>Cancelada")>0,"M.Função ","")&IF(COUNTIFS($C$22:$C$210,L12,$D$22:$D$210,"*Treinamento*",$O$22:$O$210,"<>Cancelada")>0,"Trein. ",""))) | N13: =IF(N12="","",TRIM(IF(COUNTIFS($C$22:$C$210,N12,$D$22:$D$210,"*Erros*",$O$22:$O$210,"<>Cancelada")>0,"Erros ","")&IF(COUNTIFS($C$22:$C$210,N12,$D$22:$D$210,"*Suporte*",$O$22:$O$210,"<>Cancelada")>0,"Suporte ","")&IF(COUNTIFS($C$22:$C$210,N12,$D$22:$D$210,"*Vistoria*",$O$22:$O$210,"<>Cancelada")>0,"Vistoria ","")&IF(COUNTIFS($C$22:$C$210,N12,$D$22:$D$210,"*Metas*",$O$22:$O$210,"<>Cancelada")>0,"Metas ","")&IF(COUNTIFS($C$22:$C$210,N12,$D$22:$D$210,"*Faltas*",$O$22:$O$210,"<>Cancelada")>0,"Faltas ","")&IF(COUNTIFS($C$22:$C$210,N12,$D$22:$D$210,"*Semanal c/*",$O$22:$O$210,"<>Cancelada")>0,"Acomp. ","")&IF(COUNTIFS($C$22:$C$210,N12,$D$22:$D$210,"*Reunião*",$O$22:$O$210,"<>Cancelada")>0,"Reunião ","")&IF(COUNTIFS($C$22:$C$210,N12,$D$22:$D$210,"*Férias*",$O$22:$O$210,"<>Cancelada")>0,"Férias ","")&IF(COUNTIFS($C$22:$C$210,N12,$D$22:$D$210,"*Mudança*",$O$22:$O$210,"<>Cancelada")>0,"M.Função ","")&IF(COUNTIFS($C$22:$C$210,N12,$D$22:$D$210,"*Treinamento*",$O$22:$O$210,"<>Cancelada")>0,"Trein. ","")))
B14: 46292 | D14: 46293 | F14: 46294 | H14: 46295
B15: =IF(B14="","",TRIM(IF(COUNTIFS($C$22:$C$210,B14,$D$22:$D$210,"*Erros*",$O$22:$O$210,"<>Cancelada")>0,"Erros ","")&IF(COUNTIFS($C$22:$C$210,B14,$D$22:$D$210,"*Suporte*",$O$22:$O$210,"<>Cancelada")>0,"Suporte ","")&IF(COUNTIFS($C$22:$C$210,B14,$D$22:$D$210,"*Vistoria*",$O$22:$O$210,"<>Cancelada")>0,"Vistoria ","")&IF(COUNTIFS($C$22:$C$210,B14,$D$22:$D$210,"*Metas*",$O$22:$O$210,"<>Cancelada")>0,"Metas ","")&IF(COUNTIFS($C$22:$C$210,B14,$D$22:$D$210,"*Faltas*",$O$22:$O$210,"<>Cancelada")>0,"Faltas ","")&IF(COUNTIFS($C$22:$C$210,B14,$D$22:$D$210,"*Semanal c/*",$O$22:$O$210,"<>Cancelada")>0,"Acomp. ","")&IF(COUNTIFS($C$22:$C$210,B14,$D$22:$D$210,"*Reunião*",$O$22:$O$210,"<>Cancelada")>0,"Reunião ","")&IF(COUNTIFS($C$22:$C$210,B14,$D$22:$D$210,"*Férias*",$O$22:$O$210,"<>Cancelada")>0,"Férias ","")&IF(COUNTIFS($C$22:$C$210,B14,$D$22:$D$210,"*Mudança*",$O$22:$O$210,"<>Cancelada")>0,"M.Função ","")&IF(COUNTIFS($C$22:$C$210,B14,$D$22:$D$210,"*Treinamento*",$O$22:$O$210,"<>Cancelada")>0,"Trein. ",""))) | D15: =IF(D14="","",TRIM(IF(COUNTIFS($C$22:$C$210,D14,$D$22:$D$210,"*Erros*",$O$22:$O$210,"<>Cancelada")>0,"Erros ","")&IF(COUNTIFS($C$22:$C$210,D14,$D$22:$D$210,"*Suporte*",$O$22:$O$210,"<>Cancelada")>0,"Suporte ","")&IF(COUNTIFS($C$22:$C$210,D14,$D$22:$D$210,"*Vistoria*",$O$22:$O$210,"<>Cancelada")>0,"Vistoria ","")&IF(COUNTIFS($C$22:$C$210,D14,$D$22:$D$210,"*Metas*",$O$22:$O$210,"<>Cancelada")>0,"Metas ","")&IF(COUNTIFS($C$22:$C$210,D14,$D$22:$D$210,"*Faltas*",$O$22:$O$210,"<>Cancelada")>0,"Faltas ","")&IF(COUNTIFS($C$22:$C$210,D14,$D$22:$D$210,"*Semanal c/*",$O$22:$O$210,"<>Cancelada")>0,"Acomp. ","")&IF(COUNTIFS($C$22:$C$210,D14,$D$22:$D$210,"*Reunião*",$O$22:$O$210,"<>Cancelada")>0,"Reunião ","")&IF(COUNTIFS($C$22:$C$210,D14,$D$22:$D$210,"*Férias*",$O$22:$O$210,"<>Cancelada")>0,"Férias ","")&IF(COUNTIFS($C$22:$C$210,D14,$D$22:$D$210,"*Mudança*",$O$22:$O$210,"<>Cancelada")>0,"M.Função ","")&IF(COUNTIFS($C$22:$C$210,D14,$D$22:$D$210,"*Treinamento*",$O$22:$O$210,"<>Cancelada")>0,"Trein. ",""))) | F15: =IF(F14="","",TRIM(IF(COUNTIFS($C$22:$C$210,F14,$D$22:$D$210,"*Erros*",$O$22:$O$210,"<>Cancelada")>0,"Erros ","")&IF(COUNTIFS($C$22:$C$210,F14,$D$22:$D$210,"*Suporte*",$O$22:$O$210,"<>Cancelada")>0,"Suporte ","")&IF(COUNTIFS($C$22:$C$210,F14,$D$22:$D$210,"*Vistoria*",$O$22:$O$210,"<>Cancelada")>0,"Vistoria ","")&IF(COUNTIFS($C$22:$C$210,F14,$D$22:$D$210,"*Metas*",$O$22:$O$210,"<>Cancelada")>0,"Metas ","")&IF(COUNTIFS($C$22:$C$210,F14,$D$22:$D$210,"*Faltas*",$O$22:$O$210,"<>Cancelada")>0,"Faltas ","")&IF(COUNTIFS($C$22:$C$210,F14,$D$22:$D$210,"*Semanal c/*",$O$22:$O$210,"<>Cancelada")>0,"Acomp. ","")&IF(COUNTIFS($C$22:$C$210,F14,$D$22:$D$210,"*Reunião*",$O$22:$O$210,"<>Cancelada")>0,"Reunião ","")&IF(COUNTIFS($C$22:$C$210,F14,$D$22:$D$210,"*Férias*",$O$22:$O$210,"<>Cancelada")>0,"Férias ","")&IF(COUNTIFS($C$22:$C$210,F14,$D$22:$D$210,"*Mudança*",$O$22:$O$210,"<>Cancelada")>0,"M.Função ","")&IF(COUNTIFS($C$22:$C$210,F14,$D$22:$D$210,"*Treinamento*",$O$22:$O$210,"<>Cancelada")>0,"Trein. ",""))) | H15: =IF(H14="","",TRIM(IF(COUNTIFS($C$22:$C$210,H14,$D$22:$D$210,"*Erros*",$O$22:$O$210,"<>Cancelada")>0,"Erros ","")&IF(COUNTIFS($C$22:$C$210,H14,$D$22:$D$210,"*Suporte*",$O$22:$O$210,"<>Cancelada")>0,"Suporte ","")&IF(COUNTIFS($C$22:$C$210,H14,$D$22:$D$210,"*Vistoria*",$O$22:$O$210,"<>Cancelada")>0,"Vistoria ","")&IF(COUNTIFS($C$22:$C$210,H14,$D$22:$D$210,"*Metas*",$O$22:$O$210,"<>Cancelada")>0,"Metas ","")&IF(COUNTIFS($C$22:$C$210,H14,$D$22:$D$210,"*Faltas*",$O$22:$O$210,"<>Cancelada")>0,"Faltas ","")&IF(COUNTIFS($C$22:$C$210,H14,$D$22:$D$210,"*Semanal c/*",$O$22:$O$210,"<>Cancelada")>0,"Acomp. ","")&IF(COUNTIFS($C$22:$C$210,H14,$D$22:$D$210,"*Reunião*",$O$22:$O$210,"<>Cancelada")>0,"Reunião ","")&IF(COUNTIFS($C$22:$C$210,H14,$D$22:$D$210,"*Férias*",$O$22:$O$210,"<>Cancelada")>0,"Férias ","")&IF(COUNTIFS($C$22:$C$210,H14,$D$22:$D$210,"*Mudança*",$O$22:$O$210,"<>Cancelada")>0,"M.Função ","")&IF(COUNTIFS($C$22:$C$210,H14,$D$22:$D$210,"*Treinamento*",$O$22:$O$210,"<>Cancelada")>0,"Trein. ","")))
B18: Amarelo = hoje - Azul = dia com prazo - SEX = reunião com a gerência - Acomp. = Acompanhamento c/ Supervisores - M.Função = Mudança de Função - Trein. = Treinamento programado
A20: GESTÃO DE ATIVIDADES — coordenador: selecione a linha e use o menu GSL Bartofil > Anexar entrega (ou cole o link na coluna LINK DO ANEXO)
A21: ID | B21: SEMANA | C21: PRAZO | D21: ATIVIDADE | G21: TURNO | H21: COORDENADOR | J21: SETOR (vistoria) | L21: LINK DO ANEXO (ENTREGA) | N21: ENTREGUE EM | O21: VALIDAÇÃO | P21: MOTIVO REPROV. / CANCEL. | R21: STATUS | S21: fL | T21: fA | U21: fE
A22: SET-S36-ERR-A | B22: S36 | C22: 46266 | D22: Levantamento de Erros Operacionais | G22: A | H22: =IF($G22="A",CONFIG!$B$5,IF($G22="B",CONFIG!$B$6,IF($G22="C",CONFIG!$B$7,IF($G22="Todos","Todos os turnos","")))) | J22: — | R22: =IF($C22="","",IF($O22="Cancelada","Cancelada",IF($O22="Reprovado","Reprovada",IF($O22="Aprovado","Aprovada",IF($L22<>"","Entregue",IF(TODAY()>$C22,"Atrasada","Pendente"))))))
A23: SET-S36-ERR-B | B23: S36 | C23: 46266 | D23: Levantamento de Erros Operacionais | G23: B | H23: =IF($G23="A",CONFIG!$B$5,IF($G23="B",CONFIG!$B$6,IF($G23="C",CONFIG!$B$7,IF($G23="Todos","Todos os turnos","")))) | J23: — | R23: =IF($C23="","",IF($O23="Cancelada","Cancelada",IF($O23="Reprovado","Reprovada",IF($O23="Aprovado","Aprovada",IF($L23<>"","Entregue",IF(TODAY()>$C23,"Atrasada","Pendente"))))))
A24: SET-S36-ERR-C | B24: S36 | C24: 46266 | D24: Levantamento de Erros Operacionais | G24: C | H24: =IF($G24="A",CONFIG!$B$5,IF($G24="B",CONFIG!$B$6,IF($G24="C",CONFIG!$B$7,IF($G24="Todos","Todos os turnos","")))) | J24: — | R24: =IF($C24="","",IF($O24="Cancelada","Cancelada",IF($O24="Reprovado","Reprovada",IF($O24="Aprovado","Aprovada",IF($L24<>"","Entregue",IF(TODAY()>$C24,"Atrasada","Pendente"))))))
A25: SET-S36-SUP-A | B25: S36 | C25: 46266 | D25: Suporte de Supervisores | G25: A | H25: =IF($G25="A",CONFIG!$B$5,IF($G25="B",CONFIG!$B$6,IF($G25="C",CONFIG!$B$7,IF($G25="Todos","Todos os turnos","")))) | J25: — | R25: =IF($C25="","",IF($O25="Cancelada","Cancelada",IF($O25="Reprovado","Reprovada",IF($O25="Aprovado","Aprovada",IF($L25<>"","Entregue",IF(TODAY()>$C25,"Atrasada","Pendente"))))))
A26: SET-S36-SUP-B | B26: S36 | C26: 46266 | D26: Suporte de Supervisores | G26: B | H26: =IF($G26="A",CONFIG!$B$5,IF($G26="B",CONFIG!$B$6,IF($G26="C",CONFIG!$B$7,IF($G26="Todos","Todos os turnos","")))) | J26: — | R26: =IF($C26="","",IF($O26="Cancelada","Cancelada",IF($O26="Reprovado","Reprovada",IF($O26="Aprovado","Aprovada",IF($L26<>"","Entregue",IF(TODAY()>$C26,"Atrasada","Pendente"))))))
A27: SET-S36-SUP-C | B27: S36 | C27: 46266 | D27: Suporte de Supervisores | G27: C | H27: =IF($G27="A",CONFIG!$B$5,IF($G27="B",CONFIG!$B$6,IF($G27="C",CONFIG!$B$7,IF($G27="Todos","Todos os turnos","")))) | J27: — | R27: =IF($C27="","",IF($O27="Cancelada","Cancelada",IF($O27="Reprovado","Reprovada",IF($O27="Aprovado","Aprovada",IF($L27<>"","Entregue",IF(TODAY()>$C27,"Atrasada","Pendente"))))))
A28: SET-S36-VIS-A | B28: S36 | C28: 46267 | D28: Acomp. Organizacional Setorial (Vistoria) | G28: A | H28: =IF($G28="A",CONFIG!$B$5,IF($G28="B",CONFIG!$B$6,IF($G28="C",CONFIG!$B$7,IF($G28="Todos","Todos os turnos","")))) | R28: =IF($C28="","",IF($O28="Cancelada","Cancelada",IF($O28="Reprovado","Reprovada",IF($O28="Aprovado","Aprovada",IF($L28<>"","Entregue",IF(TODAY()>$C28,"Atrasada","Pendente"))))))
A29: SET-S36-VIS-B | B29: S36 | C29: 46267 | D29: Acomp. Organizacional Setorial (Vistoria) | G29: B | H29: =IF($G29="A",CONFIG!$B$5,IF($G29="B",CONFIG!$B$6,IF($G29="C",CONFIG!$B$7,IF($G29="Todos","Todos os turnos","")))) | R29: =IF($C29="","",IF($O29="Cancelada","Cancelada",IF($O29="Reprovado","Reprovada",IF($O29="Aprovado","Aprovada",IF($L29<>"","Entregue",IF(TODAY()>$C29,"Atrasada","Pendente"))))))
A30: SET-S36-VIS-C | B30: S36 | C30: 46267 | D30: Acomp. Organizacional Setorial (Vistoria) | G30: C | H30: =IF($G30="A",CONFIG!$B$5,IF($G30="B",CONFIG!$B$6,IF($G30="C",CONFIG!$B$7,IF($G30="Todos","Todos os turnos","")))) | R30: =IF($C30="","",IF($O30="Cancelada","Cancelada",IF($O30="Reprovado","Reprovada",IF($O30="Aprovado","Aprovada",IF($L30<>"","Entregue",IF(TODAY()>$C30,"Atrasada","Pendente"))))))
A31: SET-S36-MET-A | B31: S36 | C31: 46268 | D31: Metas | G31: A | H31: =IF($G31="A",CONFIG!$B$5,IF($G31="B",CONFIG!$B$6,IF($G31="C",CONFIG!$B$7,IF($G31="Todos","Todos os turnos","")))) | J31: — | R31: =IF($C31="","",IF($O31="Cancelada","Cancelada",IF($O31="Reprovado","Reprovada",IF($O31="Aprovado","Aprovada",IF($L31<>"","Entregue",IF(TODAY()>$C31,"Atrasada","Pendente"))))))
A32: SET-S36-MET-B | B32: S36 | C32: 46268 | D32: Metas | G32: B | H32: =IF($G32="A",CONFIG!$B$5,IF($G32="B",CONFIG!$B$6,IF($G32="C",CONFIG!$B$7,IF($G32="Todos","Todos os turnos","")))) | J32: — | R32: =IF($C32="","",IF($O32="Cancelada","Cancelada",IF($O32="Reprovado","Reprovada",IF($O32="Aprovado","Aprovada",IF($L32<>"","Entregue",IF(TODAY()>$C32,"Atrasada","Pendente"))))))
A33: SET-S36-MET-C | B33: S36 | C33: 46268 | D33: Metas | G33: C | H33: =IF($G33="A",CONFIG!$B$5,IF($G33="B",CONFIG!$B$6,IF($G33="C",CONFIG!$B$7,IF($G33="Todos","Todos os turnos","")))) | J33: — | R33: =IF($C33="","",IF($O33="Cancelada","Cancelada",IF($O33="Reprovado","Reprovada",IF($O33="Aprovado","Aprovada",IF($L33<>"","Entregue",IF(TODAY()>$C33,"Atrasada","Pendente"))))))
A34: SET-S36-ACO-A | B34: S36 | C34: 46269 | D34: Acompanhamento Semanal c/ Supervisores | G34: A | H34: =IF($G34="A",CONFIG!$B$5,IF($G34="B",CONFIG!$B$6,IF($G34="C",CONFIG!$B$7,IF($G34="Todos","Todos os turnos","")))) | J34: — | R34: =IF($C34="","",IF($O34="Cancelada","Cancelada",IF($O34="Reprovado","Reprovada",IF($O34="Aprovado","Aprovada",IF($L34<>"","Entregue",IF(TODAY()>$C34,"Atrasada","Pendente"))))))
A35: SET-S36-ACO-B | B35: S36 | C35: 46269 | D35: Acompanhamento Semanal c/ Supervisores | G35: B | H35: =IF($G35="A",CONFIG!$B$5,IF($G35="B",CONFIG!$B$6,IF($G35="C",CONFIG!$B$7,IF($G35="Todos","Todos os turnos","")))) | J35: — | R35: =IF($C35="","",IF($O35="Cancelada","Cancelada",IF($O35="Reprovado","Reprovada",IF($O35="Aprovado","Aprovada",IF($L35<>"","Entregue",IF(TODAY()>$C35,"Atrasada","Pendente"))))))
A36: SET-S36-ACO-C | B36: S36 | C36: 46269 | D36: Acompanhamento Semanal c/ Supervisores | G36: C | H36: =IF($G36="A",CONFIG!$B$5,IF($G36="B",CONFIG!$B$6,IF($G36="C",CONFIG!$B$7,IF($G36="Todos","Todos os turnos","")))) | J36: — | R36: =IF($C36="","",IF($O36="Cancelada","Cancelada",IF($O36="Reprovado","Reprovada",IF($O36="Aprovado","Aprovada",IF($L36<>"","Entregue",IF(TODAY()>$C36,"Atrasada","Pendente"))))))
A37: SET-S36-FAL-A | B37: S36 | C37: 46269 | D37: Faltas e Atestados | G37: A | H37: =IF($G37="A",CONFIG!$B$5,IF($G37="B",CONFIG!$B$6,IF($G37="C",CONFIG!$B$7,IF($G37="Todos","Todos os turnos","")))) | J37: — | R37: =IF($C37="","",IF($O37="Cancelada","Cancelada",IF($O37="Reprovado","Reprovada",IF($O37="Aprovado","Aprovada",IF($L37<>"","Entregue",IF(TODAY()>$C37,"Atrasada","Pendente"))))))
A38: SET-S36-FAL-B | B38: S36 | C38: 46269 | D38: Faltas e Atestados | G38: B | H38: =IF($G38="A",CONFIG!$B$5,IF($G38="B",CONFIG!$B$6,IF($G38="C",CONFIG!$B$7,IF($G38="Todos","Todos os turnos","")))) | J38: — | R38: =IF($C38="","",IF($O38="Cancelada","Cancelada",IF($O38="Reprovado","Reprovada",IF($O38="Aprovado","Aprovada",IF($L38<>"","Entregue",IF(TODAY()>$C38,"Atrasada","Pendente"))))))
A39: SET-S36-FAL-C | B39: S36 | C39: 46269 | D39: Faltas e Atestados | G39: C | H39: =IF($G39="A",CONFIG!$B$5,IF($G39="B",CONFIG!$B$6,IF($G39="C",CONFIG!$B$7,IF($G39="Todos","Todos os turnos","")))) | J39: — | R39: =IF($C39="","",IF($O39="Cancelada","Cancelada",IF($O39="Reprovado","Reprovada",IF($O39="Aprovado","Aprovada",IF($L39<>"","Entregue",IF(TODAY()>$C39,"Atrasada","Pendente"))))))
A40: SET-S36-REU-T | B40: S36 | C40: 46269 | D40: Reunião Semanal com a Gerência | G40: Todos | H40: =IF($G40="A",CONFIG!$B$5,IF($G40="B",CONFIG!$B$6,IF($G40="C",CONFIG!$B$7,IF($G40="Todos","Todos os turnos","")))) | J40: — | R40: =IF($C40="","",IF($O40="Cancelada","Cancelada",IF($O40="Reprovado","Reprovada",IF($O40="Aprovado","Aprovada",IF($L40<>"","Entregue",IF(TODAY()>$C40,"Atrasada","Pendente"))))))
A41: SET-S37-FER-A | B41: S37 | C41: 46272 | D41: Programação de Férias (mensal) | G41: A | H41: =IF($G41="A",CONFIG!$B$5,IF($G41="B",CONFIG!$B$6,IF($G41="C",CONFIG!$B$7,IF($G41="Todos","Todos os turnos","")))) | J41: — | R41: =IF($C41="","",IF($O41="Cancelada","Cancelada",IF($O41="Reprovado","Reprovada",IF($O41="Aprovado","Aprovada",IF($L41<>"","Entregue",IF(TODAY()>$C41,"Atrasada","Pendente"))))))
A42: SET-S37-FER-B | B42: S37 | C42: 46272 | D42: Programação de Férias (mensal) | G42: B | H42: =IF($G42="A",CONFIG!$B$5,IF($G42="B",CONFIG!$B$6,IF($G42="C",CONFIG!$B$7,IF($G42="Todos","Todos os turnos","")))) | J42: — | R42: =IF($C42="","",IF($O42="Cancelada","Cancelada",IF($O42="Reprovado","Reprovada",IF($O42="Aprovado","Aprovada",IF($L42<>"","Entregue",IF(TODAY()>$C42,"Atrasada","Pendente"))))))
... A49: SET-S37-SUP-C | B49: S37 | C49: 46273 | D49: Suporte de Supervisores | G49: C | H49: =IF($G49="A",CONFIG!$B$5,IF($G49="B",CONFIG!$B$6,IF($G49="C",CONFIG!$B$7,IF($G49="Todos","Todos os turnos","")))) | J49: — | R49: =IF($C49="","",IF($O49="Cancelada","Cancelada",IF($O49="Reprovado","Reprovada",IF($O49="Aprovado","Aprovada",IF($L49<>"","Entregue",IF(TODAY()>$C49,"Atrasada","Pendente"))))))
A50: SET-S37-VIS-A | B50: S37 | C50: 46274 | D50: Acomp. Organizacional Setorial (Vistoria) | G50: A | H50: =IF($G50="A",CONFIG!$B$5,IF($G50="B",CONFIG!$B$6,IF($G50="C",CONFIG!$B$7,IF($G50="Todos","Todos os turnos","")))) | R50: =IF($C50="","",IF($O50="Cancelada","Cancelada",IF($O50="Reprovado","Reprovada",IF($O50="Aprovado","Aprovada",IF($L50<>"","Entregue",IF(TODAY()>$C50,"Atrasada","Pendente"))))))
A51: SET-S37-VIS-B | B51: S37 | C51: 46274 | D51: Acomp. Organizacional Setorial (Vistoria) | G51: B | H51: =IF($G51="A",CONFIG!$B$5,IF($G51="B",CONFIG!$B$6,IF($G51="C",CONFIG!$B$7,IF($G51="Todos","Todos os turnos","")))) | R51: =IF($C51="","",IF($O51="Cancelada","Cancelada",IF($O51="Reprovado","Reprovada",IF($O51="Aprovado","Aprovada",IF($L51<>"","Entregue",IF(TODAY()>$C51,"Atrasada","Pendente"))))))
A52: SET-S37-VIS-C | B52: S37 | C52: 46274 | D52: Acomp. Organizacional Setorial (Vistoria) | G52: C | H52: =IF($G52="A",CONFIG!$B$5,IF($G52="B",CONFIG!$B$6,IF($G52="C",CONFIG!$B$7,IF($G52="Todos","Todos os turnos","")))) | R52: =IF($C52="","",IF($O52="Cancelada","Cancelada",IF($O52="Reprovado","Reprovada",IF($O52="Aprovado","Aprovada",IF($L52<>"","Entregue",IF(TODAY()>$C52,"Atrasada","Pendente"))))))
A53: SET-S37-MET-A | B53: S37 | C53: 46275 | D53: Metas | G53: A | H53: =IF($G53="A",CONFIG!$B$5,IF($G53="B",CONFIG!$B$6,IF($G53="C",CONFIG!$B$7,IF($G53="Todos","Todos os turnos","")))) | J53: — | R53: =IF($C53="","",IF($O53="Cancelada","Cancelada",IF($O53="Reprovado","Reprovada",IF($O53="Aprovado","Aprovada",IF($L53<>"","Entregue",IF(TODAY()>$C53,"Atrasada","Pendente"))))))
A54: SET-S37-MET-B | B54: S37 | C54: 46275 | D54: Metas | G54: B | H54: =IF($G54="A",CONFIG!$B$5,IF($G54="B",CONFIG!$B$6,IF($G54="C",CONFIG!$B$7,IF($G54="Todos","Todos os turnos","")))) | J54: — | R54: =IF($C54="","",IF($O54="Cancelada","Cancelada",IF($O54="Reprovado","Reprovada",IF($O54="Aprovado","Aprovada",IF($L54<>"","Entregue",IF(TODAY()>$C54,"Atrasada","Pendente"))))))
A55: SET-S37-MET-C | B55: S37 | C55: 46275 | D55: Metas | G55: C | H55: =IF($G55="A",CONFIG!$B$5,IF($G55="B",CONFIG!$B$6,IF($G55="C",CONFIG!$B$7,IF($G55="Todos","Todos os turnos","")))) | J55: — | R55: =IF($C55="","",IF($O55="Cancelada","Cancelada",IF($O55="Reprovado","Reprovada",IF($O55="Aprovado","Aprovada",IF($L55<>"","Entregue",IF(TODAY()>$C55,"Atrasada","Pendente"))))))
A56: SET-S37-ACO-A | B56: S37 | C56: 46276 | D56: Acompanhamento Semanal c/ Supervisores | G56: A | H56: =IF($G56="A",CONFIG!$B$5,IF($G56="B",CONFIG!$B$6,IF($G56="C",CONFIG!$B$7,IF($G56="Todos","Todos os turnos","")))) | J56: — | R56: =IF($C56="","",IF($O56="Cancelada","Cancelada",IF($O56="Reprovado","Reprovada",IF($O56="Aprovado","Aprovada",IF($L56<>"","Entregue",IF(TODAY()>$C56,"Atrasada","Pendente"))))))
A57: SET-S37-ACO-B | B57: S37 | C57: 46276 | D57: Acompanhamento Semanal c/ Supervisores | G57: B | H57: =IF($G57="A",CONFIG!$B$5,IF($G57="B",CONFIG!$B$6,IF($G57="C",CONFIG!$B$7,IF($G57="Todos","Todos os turnos","")))) | J57: — | R57: =IF($C57="","",IF($O57="Cancelada","Cancelada",IF($O57="Reprovado","Reprovada",IF($O57="Aprovado","Aprovada",IF($L57<>"","Entregue",IF(TODAY()>$C57,"Atrasada","Pendente"))))))
A58: SET-S37-ACO-C | B58: S37 | C58: 46276 | D58: Acompanhamento Semanal c/ Supervisores | G58: C | H58: =IF($G58="A",CONFIG!$B$5,IF($G58="B",CONFIG!$B$6,IF($G58="C",CONFIG!$B$7,IF($G58="Todos","Todos os turnos","")))) | J58: — | R58: =IF($C58="","",IF($O58="Cancelada","Cancelada",IF($O58="Reprovado","Reprovada",IF($O58="Aprovado","Aprovada",IF($L58<>"","Entregue",IF(TODAY()>$C58,"Atrasada","Pendente"))))))
A59: SET-S37-FAL-A | B59: S37 | C59: 46276 | D59: Faltas e Atestados | G59: A | H59: =IF($G59="A",CONFIG!$B$5,IF($G59="B",CONFIG!$B$6,IF($G59="C",CONFIG!$B$7,IF($G59="Todos","Todos os turnos","")))) | J59: — | R59: =IF($C59="","",IF($O59="Cancelada","Cancelada",IF($O59="Reprovado","Reprovada",IF($O59="Aprovado","Aprovada",IF($L59<>"","Entregue",IF(TODAY()>$C59,"Atrasada","Pendente"))))))
A60: SET-S37-FAL-B | B60: S37 | C60: 46276 | D60: Faltas e Atestados | G60: B | H60: =IF($G60="A",CONFIG!$B$5,IF($G60="B",CONFIG!$B$6,IF($G60="C",CONFIG!$B$7,IF($G60="Todos","Todos os turnos","")))) | J60: — | R60: =IF($C60="","",IF($O60="Cancelada","Cancelada",IF($O60="Reprovado","Reprovada",IF($O60="Aprovado","Aprovada",IF($L60<>"","Entregue",IF(TODAY()>$C60,"Atrasada","Pendente"))))))
A61: SET-S37-FAL-C | B61: S37 | C61: 46276 | D61: Faltas e Atestados | G61: C | H61: =IF($G61="A",CONFIG!$B$5,IF($G61="B",CONFIG!$B$6,IF($G61="C",CONFIG!$B$7,IF($G61="Todos","Todos os turnos","")))) | J61: — | R61: =IF($C61="","",IF($O61="Cancelada","Cancelada",IF($O61="Reprovado","Reprovada",IF($O61="Aprovado","Aprovada",IF($L61<>"","Entregue",IF(TODAY()>$C61,"Atrasada","Pendente"))))))
A62: SET-S37-REU-T | B62: S37 | C62: 46276 | D62: Reunião Semanal com a Gerência | G62: Todos | H62: =IF($G62="A",CONFIG!$B$5,IF($G62="B",CONFIG!$B$6,IF($G62="C",CONFIG!$B$7,IF($G62="Todos","Todos os turnos","")))) | J62: — | R62: =IF($C62="","",IF($O62="Cancelada","Cancelada",IF($O62="Reprovado","Reprovada",IF($O62="Aprovado","Aprovada",IF($L62<>"","Entregue",IF(TODAY()>$C62,"Atrasada","Pendente"))))))
A63: SET-S38-ERR-A | B63: S38 | C63: 46279 | D63: Levantamento de Erros Operacionais | G63: A | H63: =IF($G63="A",CONFIG!$B$5,IF($G63="B",CONFIG!$B$6,IF($G63="C",CONFIG!$B$7,IF($G63="Todos","Todos os turnos","")))) | J63: — | R63: =IF($C63="","",IF($O63="Cancelada","Cancelada",IF($O63="Reprovado","Reprovada",IF($O63="Aprovado","Aprovada",IF($L63<>"","Entregue",IF(TODAY()>$C63,"Atrasada","Pendente"))))))
A64: SET-S38-ERR-B | B64: S38 | C64: 46279 | D64: Levantamento de Erros Operacionais | G64: B | H64: =IF($G64="A",CONFIG!$B$5,IF($G64="B",CONFIG!$B$6,IF($G64="C",CONFIG!$B$7,IF($G64="Todos","Todos os turnos","")))) | J64: — | R64: =IF($C64="","",IF($O64="Cancelada","Cancelada",IF($O64="Reprovado","Reprovada",IF($O64="Aprovado","Aprovada",IF($L64<>"","Entregue",IF(TODAY()>$C64,"Atrasada","Pendente"))))))
... A68: SET-S38-SUP-C | B68: S38 | C68: 46280 | D68: Suporte de Supervisores | G68: C | H68: =IF($G68="A",CONFIG!$B$5,IF($G68="B",CONFIG!$B$6,IF($G68="C",CONFIG!$B$7,IF($G68="Todos","Todos os turnos","")))) | J68: — | R68: =IF($C68="","",IF($O68="Cancelada","Cancelada",IF($O68="Reprovado","Reprovada",IF($O68="Aprovado","Aprovada",IF($L68<>"","Entregue",IF(TODAY()>$C68,"Atrasada","Pendente"))))))
A69: SET-S38-VIS-A | B69: S38 | C69: 46281 | D69: Acomp. Organizacional Setorial (Vistoria) | G69: A | H69: =IF($G69="A",CONFIG!$B$5,IF($G69="B",CONFIG!$B$6,IF($G69="C",CONFIG!$B$7,IF($G69="Todos","Todos os turnos","")))) | R69: =IF($C69="","",IF($O69="Cancelada","Cancelada",IF($O69="Reprovado","Reprovada",IF($O69="Aprovado","Aprovada",IF($L69<>"","Entregue",IF(TODAY()>$C69,"Atrasada","Pendente"))))))
A70: SET-S38-VIS-B | B70: S38 | C70: 46281 | D70: Acomp. Organizacional Setorial (Vistoria) | G70: B | H70: =IF($G70="A",CONFIG!$B$5,IF($G70="B",CONFIG!$B$6,IF($G70="C",CONFIG!$B$7,IF($G70="Todos","Todos os turnos","")))) | R70: =IF($C70="","",IF($O70="Cancelada","Cancelada",IF($O70="Reprovado","Reprovada",IF($O70="Aprovado","Aprovada",IF($L70<>"","Entregue",IF(TODAY()>$C70,"Atrasada","Pendente"))))))
A71: SET-S38-VIS-C | B71: S38 | C71: 46281 | D71: Acomp. Organizacional Setorial (Vistoria) | G71: C | H71: =IF($G71="A",CONFIG!$B$5,IF($G71="B",CONFIG!$B$6,IF($G71="C",CONFIG!$B$7,IF($G71="Todos","Todos os turnos","")))) | R71: =IF($C71="","",IF($O71="Cancelada","Cancelada",IF($O71="Reprovado","Reprovada",IF($O71="Aprovado","Aprovada",IF($L71<>"","Entregue",IF(TODAY()>$C71,"Atrasada","Pendente"))))))
A72: SET-S38-MET-A | B72: S38 | C72: 46282 | D72: Metas | G72: A | H72: =IF($G72="A",CONFIG!$B$5,IF($G72="B",CONFIG!$B$6,IF($G72="C",CONFIG!$B$7,IF($G72="Todos","Todos os turnos","")))) | J72: — | R72: =IF($C72="","",IF($O72="Cancelada","Cancelada",IF($O72="Reprovado","Reprovada",IF($O72="Aprovado","Aprovada",IF($L72<>"","Entregue",IF(TODAY()>$C72,"Atrasada","Pendente"))))))
A73: SET-S38-MET-B | B73: S38 | C73: 46282 | D73: Metas | G73: B | H73: =IF($G73="A",CONFIG!$B$5,IF($G73="B",CONFIG!$B$6,IF($G73="C",CONFIG!$B$7,IF($G73="Todos","Todos os turnos","")))) | J73: — | R73: =IF($C73="","",IF($O73="Cancelada","Cancelada",IF($O73="Reprovado","Reprovada",IF($O73="Aprovado","Aprovada",IF($L73<>"","Entregue",IF(TODAY()>$C73,"Atrasada","Pendente"))))))
A74: SET-S38-MET-C | B74: S38 | C74: 46282 | D74: Metas | G74: C | H74: =IF($G74="A",CONFIG!$B$5,IF($G74="B",CONFIG!$B$6,IF($G74="C",CONFIG!$B$7,IF($G74="Todos","Todos os turnos","")))) | J74: — | R74: =IF($C74="","",IF($O74="Cancelada","Cancelada",IF($O74="Reprovado","Reprovada",IF($O74="Aprovado","Aprovada",IF($L74<>"","Entregue",IF(TODAY()>$C74,"Atrasada","Pendente"))))))
A75: SET-S38-ACO-A | B75: S38 | C75: 46283 | D75: Acompanhamento Semanal c/ Supervisores | G75: A | H75: =IF($G75="A",CONFIG!$B$5,IF($G75="B",CONFIG!$B$6,IF($G75="C",CONFIG!$B$7,IF($G75="Todos","Todos os turnos","")))) | J75: — | R75: =IF($C75="","",IF($O75="Cancelada","Cancelada",IF($O75="Reprovado","Reprovada",IF($O75="Aprovado","Aprovada",IF($L75<>"","Entregue",IF(TODAY()>$C75,"Atrasada","Pendente"))))))
A76: SET-S38-ACO-B | B76: S38 | C76: 46283 | D76: Acompanhamento Semanal c/ Supervisores | G76: B | H76: =IF($G76="A",CONFIG!$B$5,IF($G76="B",CONFIG!$B$6,IF($G76="C",CONFIG!$B$7,IF($G76="Todos","Todos os turnos","")))) | J76: — | R76: =IF($C76="","",IF($O76="Cancelada","Cancelada",IF($O76="Reprovado","Reprovada",IF($O76="Aprovado","Aprovada",IF($L76<>"","Entregue",IF(TODAY()>$C76,"Atrasada","Pendente"))))))
A77: SET-S38-ACO-C | B77: S38 | C77: 46283 | D77: Acompanhamento Semanal c/ Supervisores | G77: C | H77: =IF($G77="A",CONFIG!$B$5,IF($G77="B",CONFIG!$B$6,IF($G77="C",CONFIG!$B$7,IF($G77="Todos","Todos os turnos","")))) | J77: — | R77: =IF($C77="","",IF($O77="Cancelada","Cancelada",IF($O77="Reprovado","Reprovada",IF($O77="Aprovado","Aprovada",IF($L77<>"","Entregue",IF(TODAY()>$C77,"Atrasada","Pendente"))))))
A78: SET-S38-FAL-A | B78: S38 | C78: 46283 | D78: Faltas e Atestados | G78: A | H78: =IF($G78="A",CONFIG!$B$5,IF($G78="B",CONFIG!$B$6,IF($G78="C",CONFIG!$B$7,IF($G78="Todos","Todos os turnos","")))) | J78: — | R78: =IF($C78="","",IF($O78="Cancelada","Cancelada",IF($O78="Reprovado","Reprovada",IF($O78="Aprovado","Aprovada",IF($L78<>"","Entregue",IF(TODAY()>$C78,"Atrasada","Pendente"))))))
A79: SET-S38-FAL-B | B79: S38 | C79: 46283 | D79: Faltas e Atestados | G79: B | H79: =IF($G79="A",CONFIG!$B$5,IF($G79="B",CONFIG!$B$6,IF($G79="C",CONFIG!$B$7,IF($G79="Todos","Todos os turnos","")))) | J79: — | R79: =IF($C79="","",IF($O79="Cancelada","Cancelada",IF($O79="Reprovado","Reprovada",IF($O79="Aprovado","Aprovada",IF($L79<>"","Entregue",IF(TODAY()>$C79,"Atrasada","Pendente"))))))
A80: SET-S38-FAL-C | B80: S38 | C80: 46283 | D80: Faltas e Atestados | G80: C | H80: =IF($G80="A",CONFIG!$B$5,IF($G80="B",CONFIG!$B$6,IF($G80="C",CONFIG!$B$7,IF($G80="Todos","Todos os turnos","")))) | J80: — | R80: =IF($C80="","",IF($O80="Cancelada","Cancelada",IF($O80="Reprovado","Reprovada",IF($O80="Aprovado","Aprovada",IF($L80<>"","Entregue",IF(TODAY()>$C80,"Atrasada","Pendente"))))))
A81: SET-S38-REU-T | B81: S38 | C81: 46283 | D81: Reunião Semanal com a Gerência | G81: Todos | H81: =IF($G81="A",CONFIG!$B$5,IF($G81="B",CONFIG!$B$6,IF($G81="C",CONFIG!$B$7,IF($G81="Todos","Todos os turnos","")))) | J81: — | R81: =IF($C81="","",IF($O81="Cancelada","Cancelada",IF($O81="Reprovado","Reprovada",IF($O81="Aprovado","Aprovada",IF($L81<>"","Entregue",IF(TODAY()>$C81,"Atrasada","Pendente"))))))
A82: SET-S39-ERR-A | B82: S39 | C82: 46286 | D82: Levantamento de Erros Operacionais | G82: A | H82: =IF($G82="A",CONFIG!$B$5,IF($G82="B",CONFIG!$B$6,IF($G82="C",CONFIG!$B$7,IF($G82="Todos","Todos os turnos","")))) | J82: — | R82: =IF($C82="","",IF($O82="Cancelada","Cancelada",IF($O82="Reprovado","Reprovada",IF($O82="Aprovado","Aprovada",IF($L82<>"","Entregue",IF(TODAY()>$C82,"Atrasada","Pendente"))))))
A83: SET-S39-ERR-B | B83: S39 | C83: 46286 | D83: Levantamento de Erros Operacionais | G83: B | H83: =IF($G83="A",CONFIG!$B$5,IF($G83="B",CONFIG!$B$6,IF($G83="C",CONFIG!$B$7,IF($G83="Todos","Todos os turnos","")))) | J83: — | R83: =IF($C83="","",IF($O83="Cancelada","Cancelada",IF($O83="Reprovado","Reprovada",IF($O83="Aprovado","Aprovada",IF($L83<>"","Entregue",IF(TODAY()>$C83,"Atrasada","Pendente"))))))
... A87: SET-S39-SUP-C | B87: S39 | C87: 46287 | D87: Suporte de Supervisores | G87: C | H87: =IF($G87="A",CONFIG!$B$5,IF($G87="B",CONFIG!$B$6,IF($G87="C",CONFIG!$B$7,IF($G87="Todos","Todos os turnos","")))) | J87: — | R87: =IF($C87="","",IF($O87="Cancelada","Cancelada",IF($O87="Reprovado","Reprovada",IF($O87="Aprovado","Aprovada",IF($L87<>"","Entregue",IF(TODAY()>$C87,"Atrasada","Pendente"))))))
A88: SET-S39-VIS-A | B88: S39 | C88: 46288 | D88: Acomp. Organizacional Setorial (Vistoria) | G88: A | H88: =IF($G88="A",CONFIG!$B$5,IF($G88="B",CONFIG!$B$6,IF($G88="C",CONFIG!$B$7,IF($G88="Todos","Todos os turnos","")))) | R88: =IF($C88="","",IF($O88="Cancelada","Cancelada",IF($O88="Reprovado","Reprovada",IF($O88="Aprovado","Aprovada",IF($L88<>"","Entregue",IF(TODAY()>$C88,"Atrasada","Pendente"))))))
A89: SET-S39-VIS-B | B89: S39 | C89: 46288 | D89: Acomp. Organizacional Setorial (Vistoria) | G89: B | H89: =IF($G89="A",CONFIG!$B$5,IF($G89="B",CONFIG!$B$6,IF($G89="C",CONFIG!$B$7,IF($G89="Todos","Todos os turnos","")))) | R89: =IF($C89="","",IF($O89="Cancelada","Cancelada",IF($O89="Reprovado","Reprovada",IF($O89="Aprovado","Aprovada",IF($L89<>"","Entregue",IF(TODAY()>$C89,"Atrasada","Pendente"))))))
A90: SET-S39-VIS-C | B90: S39 | C90: 46288 | D90: Acomp. Organizacional Setorial (Vistoria) | G90: C | H90: =IF($G90="A",CONFIG!$B$5,IF($G90="B",CONFIG!$B$6,IF($G90="C",CONFIG!$B$7,IF($G90="Todos","Todos os turnos","")))) | R90: =IF($C90="","",IF($O90="Cancelada","Cancelada",IF($O90="Reprovado","Reprovada",IF($O90="Aprovado","Aprovada",IF($L90<>"","Entregue",IF(TODAY()>$C90,"Atrasada","Pendente"))))))
A91: SET-S39-MET-A | B91: S39 | C91: 46289 | D91: Metas | G91: A | H91: =IF($G91="A",CONFIG!$B$5,IF($G91="B",CONFIG!$B$6,IF($G91="C",CONFIG!$B$7,IF($G91="Todos","Todos os turnos","")))) | J91: — | R91: =IF($C91="","",IF($O91="Cancelada","Cancelada",IF($O91="Reprovado","Reprovada",IF($O91="Aprovado","Aprovada",IF($L91<>"","Entregue",IF(TODAY()>$C91,"Atrasada","Pendente"))))))
A92: SET-S39-MET-B | B92: S39 | C92: 46289 | D92: Metas | G92: B | H92: =IF($G92="A",CONFIG!$B$5,IF($G92="B",CONFIG!$B$6,IF($G92="C",CONFIG!$B$7,IF($G92="Todos","Todos os turnos","")))) | J92: — | R92: =IF($C92="","",IF($O92="Cancelada","Cancelada",IF($O92="Reprovado","Reprovada",IF($O92="Aprovado","Aprovada",IF($L92<>"","Entregue",IF(TODAY()>$C92,"Atrasada","Pendente"))))))
A93: SET-S39-MET-C | B93: S39 | C93: 46289 | D93: Metas | G93: C | H93: =IF($G93="A",CONFIG!$B$5,IF($G93="B",CONFIG!$B$6,IF($G93="C",CONFIG!$B$7,IF($G93="Todos","Todos os turnos","")))) | J93: — | R93: =IF($C93="","",IF($O93="Cancelada","Cancelada",IF($O93="Reprovado","Reprovada",IF($O93="Aprovado","Aprovada",IF($L93<>"","Entregue",IF(TODAY()>$C93,"Atrasada","Pendente"))))))
