Workbook

Sheet Painel
B2: MONITORAMENTO DE NOBREAKS · BARTOFIL CD FEIRA DE SANTANA
B3: Tudo aqui se atualiza sozinho conforme você preenche a aba Lancamentos. Não precisa mexer em nada nesta aba.
B5: Último dia registrado · média das leituras do dia
B6: Nobreak | C6: Data | D6: Leituras | E6: Vi (V) | F6: Ii (A) | G6: Pi (VA) | H6: Vo (V) | I6: Io (A) | J6: Po (VA) | K6: Carga (%)
B7: =IF(Cadastro!$B$6="","",Cadastro!$B$6) -> NB-01 | C7: =IF($B7="","",IF(SUMPRODUCT(MAX((Lancamentos!$F$5:$F$3000=$B7)*Lancamentos!$A$5:$A$3000))=0,"",SUMPRODUCT(MAX((Lancamentos!$F$5:$F$3000=$B7)*Lancamentos!$A$5:$A$3000)))) -> 46283 | D7: =IF($C7="","",COUNTIFS(Lancamentos!$F$5:$F$3000,$B7,Lancamentos!$A$5:$A$3000,$C7,Lancamentos!$L$5:$L$3000,"<>")) -> 1 | E7: =IF($C7="","",IFERROR(AVERAGEIFS(Lancamentos!$G$5:$G$3000,Lancamentos!$F$5:$F$3000,$B7,Lancamentos!$A$5:$A$3000,$C7),"")) -> 221.5 | F7: =IF($C7="","",IFERROR(AVERAGEIFS(Lancamentos!$H$5:$H$3000,Lancamentos!$F$5:$F$3000,$B7,Lancamentos!$A$5:$A$3000,$C7),"")) -> 18.75 | G7: =IF($C7="","",IFERROR(AVERAGEIFS(Lancamentos!$I$5:$I$3000,Lancamentos!$F$5:$F$3000,$B7,Lancamentos!$A$5:$A$3000,$C7),"")) -> 7196 | H7: =IF($C7="","",IFERROR(AVERAGEIFS(Lancamentos!$J$5:$J$3000,Lancamentos!$F$5:$F$3000,$B7,Lancamentos!$A$5:$A$3000,$C7),"")) -> 119.7 | I7: =IF($C7="","",IFERROR(AVERAGEIFS(Lancamentos!$K$5:$K$3000,Lancamentos!$F$5:$F$3000,$B7,Lancamentos!$A$5:$A$3000,$C7),"")) -> 45 | J7: =IF($C7="","",IFERROR(AVERAGEIFS(Lancamentos!$L$5:$L$3000,Lancamentos!$F$5:$F$3000,$B7,Lancamentos!$A$5:$A$3000,$C7),"")) -> 5390 | K7: =IF($C7="","",IFERROR(AVERAGEIFS(Lancamentos!$M$5:$M$3000,Lancamentos!$F$5:$F$3000,$B7,Lancamentos!$A$5:$A$3000,$C7),"")) -> 0.71866667
B8: =IF(Cadastro!$B$7="","",Cadastro!$B$7) | C8: =IF($B8="","",IF(SUMPRODUCT(MAX((Lancamentos!$F$5:$F$3000=$B8)*Lancamentos!$A$5:$A$3000))=0,"",SUMPRODUCT(MAX((Lancamentos!$F$5:$F$3000=$B8)*Lancamentos!$A$5:$A$3000)))) | D8: =IF($C8="","",COUNTIFS(Lancamentos!$F$5:$F$3000,$B8,Lancamentos!$A$5:$A$3000,$C8,Lancamentos!$L$5:$L$3000,"<>")) | E8: =IF($C8="","",IFERROR(AVERAGEIFS(Lancamentos!$G$5:$G$3000,Lancamentos!$F$5:$F$3000,$B8,Lancamentos!$A$5:$A$3000,$C8),"")) | F8: =IF($C8="","",IFERROR(AVERAGEIFS(Lancamentos!$H$5:$H$3000,Lancamentos!$F$5:$F$3000,$B8,Lancamentos!$A$5:$A$3000,$C8),"")) | G8: =IF($C8="","",IFERROR(AVERAGEIFS(Lancamentos!$I$5:$I$3000,Lancamentos!$F$5:$F$3000,$B8,Lancamentos!$A$5:$A$3000,$C8),"")) | H8: =IF($C8="","",IFERROR(AVERAGEIFS(Lancamentos!$J$5:$J$3000,Lancamentos!$F$5:$F$3000,$B8,Lancamentos!$A$5:$A$3000,$C8),"")) | I8: =IF($C8="","",IFERROR(AVERAGEIFS(Lancamentos!$K$5:$K$3000,Lancamentos!$F$5:$F$3000,$B8,Lancamentos!$A$5:$A$3000,$C8),"")) | J8: =IF($C8="","",IFERROR(AVERAGEIFS(Lancamentos!$L$5:$L$3000,Lancamentos!$F$5:$F$3000,$B8,Lancamentos!$A$5:$A$3000,$C8),"")) | K8: =IF($C8="","",IFERROR(AVERAGEIFS(Lancamentos!$M$5:$M$3000,Lancamentos!$F$5:$F$3000,$B8,Lancamentos!$A$5:$A$3000,$C8),""))
B9: =IF(Cadastro!$B$8="","",Cadastro!$B$8) | C9: =IF($B9="","",IF(SUMPRODUCT(MAX((Lancamentos!$F$5:$F$3000=$B9)*Lancamentos!$A$5:$A$3000))=0,"",SUMPRODUCT(MAX((Lancamentos!$F$5:$F$3000=$B9)*Lancamentos!$A$5:$A$3000)))) | D9: =IF($C9="","",COUNTIFS(Lancamentos!$F$5:$F$3000,$B9,Lancamentos!$A$5:$A$3000,$C9,Lancamentos!$L$5:$L$3000,"<>")) | E9: =IF($C9="","",IFERROR(AVERAGEIFS(Lancamentos!$G$5:$G$3000,Lancamentos!$F$5:$F$3000,$B9,Lancamentos!$A$5:$A$3000,$C9),"")) | F9: =IF($C9="","",IFERROR(AVERAGEIFS(Lancamentos!$H$5:$H$3000,Lancamentos!$F$5:$F$3000,$B9,Lancamentos!$A$5:$A$3000,$C9),"")) | G9: =IF($C9="","",IFERROR(AVERAGEIFS(Lancamentos!$I$5:$I$3000,Lancamentos!$F$5:$F$3000,$B9,Lancamentos!$A$5:$A$3000,$C9),"")) | H9: =IF($C9="","",IFERROR(AVERAGEIFS(Lancamentos!$J$5:$J$3000,Lancamentos!$F$5:$F$3000,$B9,Lancamentos!$A$5:$A$3000,$C9),"")) | I9: =IF($C9="","",IFERROR(AVERAGEIFS(Lancamentos!$K$5:$K$3000,Lancamentos!$F$5:$F$3000,$B9,Lancamentos!$A$5:$A$3000,$C9),"")) | J9: =IF($C9="","",IFERROR(AVERAGEIFS(Lancamentos!$L$5:$L$3000,Lancamentos!$F$5:$F$3000,$B9,Lancamentos!$A$5:$A$3000,$C9),"")) | K9: =IF($C9="","",IFERROR(AVERAGEIFS(Lancamentos!$M$5:$M$3000,Lancamentos!$F$5:$F$3000,$B9,Lancamentos!$A$5:$A$3000,$C9),""))
B12: Médias de todo o período lançado
B13: Nobreak | C13: Leituras | D13: Vi (V) | E13: Ii (A) | F13: Pi (VA) | G13: Vo (V) | H13: Io (A) | I13: Po (VA) | J13: Carga méd (%) | K13: Po máx (VA) | L13: Carga máx (%)
B14: =IF(Cadastro!$B$6="","",Cadastro!$B$6) -> NB-01 | C14: =COUNTIFS(Lancamentos!$F$5:$F$3000,$B14,Lancamentos!$L$5:$L$3000,"<>") -> 1 | D14: =IFERROR(AVERAGEIFS(Lancamentos!$G$5:$G$3000,Lancamentos!$F$5:$F$3000,$B14),"") -> 221.5 | E14: =IFERROR(AVERAGEIFS(Lancamentos!$H$5:$H$3000,Lancamentos!$F$5:$F$3000,$B14),"") -> 18.75 | F14: =IFERROR(AVERAGEIFS(Lancamentos!$I$5:$I$3000,Lancamentos!$F$5:$F$3000,$B14),"") -> 7196 | G14: =IFERROR(AVERAGEIFS(Lancamentos!$J$5:$J$3000,Lancamentos!$F$5:$F$3000,$B14),"") -> 119.7 | H14: =IFERROR(AVERAGEIFS(Lancamentos!$K$5:$K$3000,Lancamentos!$F$5:$F$3000,$B14),"") -> 45 | I14: =IFERROR(AVERAGEIFS(Lancamentos!$L$5:$L$3000,Lancamentos!$F$5:$F$3000,$B14),"") -> 5390 | J14: =IFERROR(AVERAGEIFS(Lancamentos!$M$5:$M$3000,Lancamentos!$F$5:$F$3000,$B14),"") -> 0.71866667 | K14: =IF($C14=0,"",SUMPRODUCT(MAX((Lancamentos!$F$5:$F$3000=$B14)*Lancamentos!$L$5:$L$3000))) -> 5390 | L14: =IF($K14="","",IFERROR($K14/INDEX(Cadastro!$E$6:$E$8,MATCH($B14,Cadastro!$B$6:$B$8,0)),"")) -> 0.71866667
B15: =IF(Cadastro!$B$7="","",Cadastro!$B$7) | C15: =COUNTIFS(Lancamentos!$F$5:$F$3000,$B15,Lancamentos!$L$5:$L$3000,"<>") -> 0 | D15: =IFERROR(AVERAGEIFS(Lancamentos!$G$5:$G$3000,Lancamentos!$F$5:$F$3000,$B15),"") | E15: =IFERROR(AVERAGEIFS(Lancamentos!$H$5:$H$3000,Lancamentos!$F$5:$F$3000,$B15),"") | F15: =IFERROR(AVERAGEIFS(Lancamentos!$I$5:$I$3000,Lancamentos!$F$5:$F$3000,$B15),"") | G15: =IFERROR(AVERAGEIFS(Lancamentos!$J$5:$J$3000,Lancamentos!$F$5:$F$3000,$B15),"") | H15: =IFERROR(AVERAGEIFS(Lancamentos!$K$5:$K$3000,Lancamentos!$F$5:$F$3000,$B15),"") | I15: =IFERROR(AVERAGEIFS(Lancamentos!$L$5:$L$3000,Lancamentos!$F$5:$F$3000,$B15),"") | J15: =IFERROR(AVERAGEIFS(Lancamentos!$M$5:$M$3000,Lancamentos!$F$5:$F$3000,$B15),"") | K15: =IF($C15=0,"",SUMPRODUCT(MAX((Lancamentos!$F$5:$F$3000=$B15)*Lancamentos!$L$5:$L$3000))) | L15: =IF($K15="","",IFERROR($K15/INDEX(Cadastro!$E$6:$E$8,MATCH($B15,Cadastro!$B$6:$B$8,0)),""))
B16: =IF(Cadastro!$B$8="","",Cadastro!$B$8) | C16: =COUNTIFS(Lancamentos!$F$5:$F$3000,$B16,Lancamentos!$L$5:$L$3000,"<>") -> 0 | D16: =IFERROR(AVERAGEIFS(Lancamentos!$G$5:$G$3000,Lancamentos!$F$5:$F$3000,$B16),"") | E16: =IFERROR(AVERAGEIFS(Lancamentos!$H$5:$H$3000,Lancamentos!$F$5:$F$3000,$B16),"") | F16: =IFERROR(AVERAGEIFS(Lancamentos!$I$5:$I$3000,Lancamentos!$F$5:$F$3000,$B16),"") | G16: =IFERROR(AVERAGEIFS(Lancamentos!$J$5:$J$3000,Lancamentos!$F$5:$F$3000,$B16),"") | H16: =IFERROR(AVERAGEIFS(Lancamentos!$K$5:$K$3000,Lancamentos!$F$5:$F$3000,$B16),"") | I16: =IFERROR(AVERAGEIFS(Lancamentos!$L$5:$L$3000,Lancamentos!$F$5:$F$3000,$B16),"") | J16: =IFERROR(AVERAGEIFS(Lancamentos!$M$5:$M$3000,Lancamentos!$F$5:$F$3000,$B16),"") | K16: =IF($C16=0,"",SUMPRODUCT(MAX((Lancamentos!$F$5:$F$3000=$B16)*Lancamentos!$L$5:$L$3000))) | L16: =IF($K16="","",IFERROR($K16/INDEX(Cadastro!$E$6:$E$8,MATCH($B16,Cadastro!$B$6:$B$8,0)),""))
B17: GERAL | C17: =COUNTIFS(Lancamentos!$F$5:$F$3000,"<>",Lancamentos!$L$5:$L$3000,"<>") -> 1 | D17: =IFERROR(AVERAGEIFS(Lancamentos!$G$5:$G$3000,Lancamentos!$F$5:$F$3000,"<>"),"") -> 221.5 | E17: =IFERROR(AVERAGEIFS(Lancamentos!$H$5:$H$3000,Lancamentos!$F$5:$F$3000,"<>"),"") -> 18.75 | F17: =IFERROR(AVERAGEIFS(Lancamentos!$I$5:$I$3000,Lancamentos!$F$5:$F$3000,"<>"),"") -> 7196 | G17: =IFERROR(AVERAGEIFS(Lancamentos!$J$5:$J$3000,Lancamentos!$F$5:$F$3000,"<>"),"") -> 119.7 | H17: =IFERROR(AVERAGEIFS(Lancamentos!$K$5:$K$3000,Lancamentos!$F$5:$F$3000,"<>"),"") -> 45 | I17: =IFERROR(AVERAGEIFS(Lancamentos!$L$5:$L$3000,Lancamentos!$F$5:$F$3000,"<>"),"") -> 5390 | J17: =IFERROR(AVERAGEIFS(Lancamentos!$M$5:$M$3000,Lancamentos!$F$5:$F$3000,"<>"),"") -> 0.71866667 | K17: =IF($C17=0,"",MAX(Lancamentos!$L$5:$L$3000)) -> 5390
B19: Tendência | D19: IMPORTANTE: com mais de um nobreak lançado, os gráficos misturam os equipamentos. Vá na aba Lancamentos, clique no filtro da coluna Nobreak e deixe marcado só um.
H36: Como ler os gráficos
H37: Azul = lado da ENTRADA (o que vem da rede).
H38: Verde = lado da SAÍDA (o que o nobreak entrega).
H39: Cada ponto é uma leitura — são 3 por dia, por nobreak.
H40: Falha na linha = leitura que não foi lançada.
H41: Carga (%) = Po medido ÷ potência nominal cadastrada.
H42: Po / Pi (%) = o que ele entrega em relação ao que puxa da rede.

Sheet Lancamentos
A1: Lançamentos das leituras
A2: Uma linha por leitura: 3 por dia, por nobreak. As colunas cinzas se calculam sozinhas — não digite nelas.
A3: QUANDO FOI LIDO | G3: 1. ENTRADA | J3: 2. SAÍDA | M3: CALCULADO / NOTAS
A4: Data | B4: Semana | C4: Dia | D4: Hora | E4: Leitura | F4: Nobreak | G4: Vi (V) | H4: Ii (A) | I4: Pi (VA) | J4: Vo (V) | K4: Io (A) | L4: Po (VA) | M4: Carga saída (%) | N4: Po / Pi (%) | O4: Ocorrências
A5: =DATE(2026,9,18) -> 46283 | B5: =IF($A5="","",WEEKNUM($A5,2)) -> 38 | C5: =IF($A5="","",CHOOSE(WEEKDAY($A5,2),"Seg","Ter","Qua","Qui","Sex","Sáb","Dom")) -> Sex | D5: =TIME(8,0,0) -> 0.33333333 | E5: 1ª | F5: NB-01 | G5: 221.5 | H5: 18.75 | I5: 7196 | J5: 119.7 | K5: 45 | L5: 5390 | M5: =IF(OR($L5="",$F5=""),"",IFERROR($L5/INDEX(Cadastro!$E$6:$E$8,MATCH($F5,Cadastro!$B$6:$B$8,0)),"")) -> 0.71866667 | N5: =IF(OR($L5="",$I5="",$I5=0),"",$L5/$I5) -> 0.74902724 | O5: EXEMPLO — apague esta linha antes de começar
B6: =IF($A6="","",WEEKNUM($A6,2)) | C6: =IF($A6="","",CHOOSE(WEEKDAY($A6,2),"Seg","Ter","Qua","Qui","Sex","Sáb","Dom")) | M6: =IF(OR($L6="",$F6=""),"",IFERROR($L6/INDEX(Cadastro!$E$6:$E$8,MATCH($F6,Cadastro!$B$6:$B$8,0)),"")) | N6: =IF(OR($L6="",$I6="",$I6=0),"",$L6/$I6)
B7: =IF($A7="","",WEEKNUM($A7,2)) | C7: =IF($A7="","",CHOOSE(WEEKDAY($A7,2),"Seg","Ter","Qua","Qui","Sex","Sáb","Dom")) | M7: =IF(OR($L7="",$F7=""),"",IFERROR($L7/INDEX(Cadastro!$E$6:$E$8,MATCH($F7,Cadastro!$B$6:$B$8,0)),"")) | N7: =IF(OR($L7="",$I7="",$I7=0),"",$L7/$I7)
B8: =IF($A8="","",WEEKNUM($A8,2)) | C8: =IF($A8="","",CHOOSE(WEEKDAY($A8,2),"Seg","Ter","Qua","Qui","Sex","Sáb","Dom")) | M8: =IF(OR($L8="",$F8=""),"",IFERROR($L8/INDEX(Cadastro!$E$6:$E$8,MATCH($F8,Cadastro!$B$6:$B$8,0)),"")) | N8: =IF(OR($L8="",$I8="",$I8=0),"",$L8/$I8)
B9: =IF($A9="","",WEEKNUM($A9,2)) | C9: =IF($A9="","",CHOOSE(WEEKDAY($A9,2),"Seg","Ter","Qua","Qui","Sex","Sáb","Dom")) | M9: =IF(OR($L9="",$F9=""),"",IFERROR($L9/INDEX(Cadastro!$E$6:$E$8,MATCH($F9,Cadastro!$B$6:$B$8,0)),"")) | N9: =IF(OR($L9="",$I9="",$I9=0),"",$L9/$I9)
B10: =IF($A10="","",WEEKNUM($A10,2)) | C10: =IF($A10="","",CHOOSE(WEEKDAY($A10,2),"Seg","Ter","Qua","Qui","Sex","Sáb","Dom")) | M10: =IF(OR($L10="",$F10=""),"",IFERROR($L10/INDEX(Cadastro!$E$6:$E$8,MATCH($F10,Cadastro!$B$6:$B$8,0)),"")) | N10: =IF(OR($L10="",$I10="",$I10=0),"",$L10/$I10)
B11: =IF($A11="","",WEEKNUM($A11,2)) | C11: =IF($A11="","",CHOOSE(WEEKDAY($A11,2),"Seg","Ter","Qua","Qui","Sex","Sáb","Dom")) | M11: =IF(OR($L11="",$F11=""),"",IFERROR($L11/INDEX(Cadastro!$E$6:$E$8,MATCH($F11,Cadastro!$B$6:$B$8,0)),"")) | N11: =IF(OR($L11="",$I11="",$I11=0),"",$L11/$I11)
B12: =IF($A12="","",WEEKNUM($A12,2)) | C12: =IF($A12="","",CHOOSE(WEEKDAY($A12,2),"Seg","Ter","Qua","Qui","Sex","Sáb","Dom")) | M12: =IF(OR($L12="",$F12=""),"",IFERROR($L12/INDEX(Cadastro!$E$6:$E$8,MATCH($F12,Cadastro!$B$6:$B$8,0)),"")) | N12: =IF(OR($L12="",$I12="",$I12=0),"",$L12/$I12)
B13: =IF($A13="","",WEEKNUM($A13,2)) | C13: =IF($A13="","",CHOOSE(WEEKDAY($A13,2),"Seg","Ter","Qua","Qui","Sex","Sáb","Dom")) | M13: =IF(OR($L13="",$F13=""),"",IFERROR($L13/INDEX(Cadastro!$E$6:$E$8,MATCH($F13,Cadastro!$B$6:$B$8,0)),"")) | N13: =IF(OR($L13="",$I13="",$I13=0),"",$L13/$I13)
B14: =IF($A14="","",WEEKNUM($A14,2)) | C14: =IF($A14="","",CHOOSE(WEEKDAY($A14,2),"Seg","Ter","Qua","Qui","Sex","Sáb","Dom")) | M14: =IF(OR($L14="",$F14=""),"",IFERROR($L14/INDEX(Cadastro!$E$6:$E$8,MATCH($F14,Cadastro!$B$6:$B$8,0)),"")) | N14: =IF(OR($L14="",$I14="",$I14=0),"",$L14/$I14)
B15: =IF($A15="","",WEEKNUM($A15,2)) | C15: =IF($A15="","",CHOOSE(WEEKDAY($A15,2),"Seg","Ter","Qua","Qui","Sex","Sáb","Dom")) | M15: =IF(OR($L15="",$F15=""),"",IFERROR($L15/INDEX(Cadastro!$E$6:$E$8,MATCH($F15,Cadastro!$B$6:$B$8,0)),"")) | N15: =IF(OR($L15="",$I15="",$I15=0),"",$L15/$I15)
B16: =IF($A16="","",WEEKNUM($A16,2)) | C16: =IF($A16="","",CHOOSE(WEEKDAY($A16,2),"Seg","Ter","Qua","Qui","Sex","Sáb","Dom")) | M16: =IF(OR($L16="",$F16=""),"",IFERROR($L16/INDEX(Cadastro!$E$6:$E$8,MATCH($F16,Cadastro!$B$6:$B$8,0)),"")) | N16: =IF(OR($L16="",$I16="",$I16=0),"",$L16/$I16)
B17: =IF($A17="","",WEEKNUM($A17,2)) | C17: =IF($A17="","",CHOOSE(WEEKDAY($A17,2),"Seg","Ter","Qua","Qui","Sex","Sáb","Dom")) | M17: =IF(OR($L17="",$F17=""),"",IFERROR($L17/INDEX(Cadastro!$E$6:$E$8,MATCH($F17,Cadastro!$B$6:$B$8,0)),"")) | N17: =IF(OR($L17="",$I17="",$I17=0),"",$L17/$I17)
... B3000: =IF($A3000="","",WEEKNUM($A3000,2)) | C3000: =IF($A3000="","",CHOOSE(WEEKDAY($A3000,2),"Seg","Ter","Qua","Qui","Sex","Sáb","Dom")) | M3000: =IF(OR($L3000="",$F3000=""),"",IFERROR($L3000/INDEX(Cadastro!$E$6:$E$8,MATCH($F3000,Cadastro!$B$6:$B$8,0)),"")) | N3000: =IF(OR($L3000="",$I3000="",$I3000=0),"",$L3000/$I3000)

Sheet Cadastro
B2: Cadastro dos nobreaks
B3: Preencha os campos em amarelo. É daqui que sai a lista suspensa e o cálculo de carga.
B5: Nobreak (ID) | C5: Modelo | D5: Local | E5: Potência nominal (VA) | F5: Tensão nominal entrada (V) | G5: Tensão nominal saída (V)
B6: NB-01 | C6: modelo do equipamento | D6: onde ele fica | E6: 7500 | F6: 220 | G6: 120
B11: Observação técnica: na anotação original a potência de entrada (7196 VA) não fecha com Vi × Ii (221,5 × 18,75 = 4153 VA), mas fecha com √3 × Vi × Ii = 7193 VA — entrada trifásica. Do lado da saída, 119,7 × 45,00 = 5387 VA, que bate com os 5390 VA anotados (monofásica).

Sheet Instrucoes
B2: COMO USAR ESTA PLANILHA
C4: 1. Cadastre os nobreaks | D4: Aba Cadastro: uma linha por equipamento — ID, modelo, local e a potência nominal em VA. É a potência nominal que faz a coluna Carga saída (%) funcionar.
C6: 2. Lance as leituras | D6: Aba Lancamentos: uma linha por leitura. Como são 3 leituras por dia em cada nobreak, cada folha de papel de uma semana vira 21 linhas aqui.
C8: 3. A ordem é a mesma do papel | D8: Data, hora, nº da leitura e nobreak; depois ENTRADA (Vi, Ii, Pi); depois SAÍDA (Vo, Io, Po) — exatamente a sequência impressa na folha.
C10: 4. Não digite nas colunas cinzas | D10: Semana, Dia, Carga saída (%) e Po / Pi (%) se calculam sozinhas. Se digitar por cima, a fórmula se perde.
C12: 5. Confira o Painel | D12: A aba Painel atualiza sozinha: último dia registrado, médias do período e os gráficos. Não precisa mexer em nada lá.
C14: 6. Filtre para ler os gráficos | D14: Com mais de um nobreak, os gráficos misturam os equipamentos. Na aba Lancamentos, use o filtro da coluna Nobreak e deixe marcado só um.
C16: 7. Apague a linha de exemplo | D16: A primeira linha da aba Lancamentos é um exemplo em itálico, com os números da anotação original.
C18: 8. Capacidade | D18: A planilha comporta cerca de 3.000 leituras — mais ou menos um ano com 3 nobreaks lidos 3 vezes por dia. Chegando perto do fim, me chame que eu amplio.
C20: 9. Frequência | D20: Fo e Fi foram retiradas de propósito, como combinado.
C23: Legenda de cores
C24: Azul escuro | D24: Cabeçalhos e títulos
C25: Amarelo claro | D25: Células que VOCÊ preenche (aba Cadastro)
C26: Cinza claro | D26: Células calculadas — não digite
C27: Azul médio | D27: Lado da ENTRADA
C28: Verde | D28: Lado da SAÍDA
